poolId,token,currency0,currency1,quoteAsset,quoteSide,feePips,tickSpacing,hooks,birthBlock,birthTimeUtc,birthTx,entryBlock,entryTimeUtc,entryTick,seedTickLower,seedTickUpper,seedLiquidityDelta,firstCompletedBlockNetLiquidity,estimatedSeedQuoteAmount,estimatedSeedQuoteRaw,estimatedSeedQuoteStatus,legalAdjacentQuoteBand,adjacentQuoteBandTickLower,adjacentQuoteBandTickUpper,adjacentBandPath30m,firstInteriorCrossBlock30m,lastObservedTick30m,seedRangeFullUsable,swaps5m,swaps10m,swaps30m,swaps60m,quoteInput30mRaw,tokenInput30mRaw,firstWithdrawalTimeUtc,ownPool75PctRemainingCrossTimeUtc,dynamicAggregateStatus,cohortOnlyDynamic75PctCrossTimeUtc
0x9cd6e12cb0ae57c988a3ae6f8783e4a925a330b6c30b373b50301b0d70ba9438,0xcace05716778f86e4feb04bd7a2c2f2c31705f2b,0x5fc5360d0400a0fd4f2af552add042d716f1d168,0xcace05716778f86e4feb04bd7a2c2f2c31705f2b,0x5fc5360d0400a0fd4f2af552add042d716f1d168,0,860000,8600,0x0000000000000000000000000000000000000000,77943203,2026-10-02T04:22:30Z,0xe22671b15fba46bea71b78300c175100f8fa2c078791c9c1d473e92fd785b51c,77943203,2026-10-02T04:22:30Z,360547,352600,361200,67692277119429,67692277119429,0.03225,32250,theoretical_from_L_and_price,True,361200,369800,no_swap,,,False,0,0,0,0,0,0,,,cohort_bounded_60m,
0x8614102f2704c3bc6f6f6a8d3d2756807bc5bbcdc1a8b223f039bff188d06fd5,0x4b180f36c1bd057a9aa6bdf71e88659b39434b34,0x4b180f36c1bd057a9aa6bdf71e88659b39434b34,0x5fc5360d0400a0fd4f2af552add042d716f1d168,0x5fc5360d0400a0fd4f2af552add042d716f1d168,1,890000,8900,0x0000000000000000000000000000000000000000,77945323,2026-10-02T04:26:05Z,0xbf45f77683a9a229853c5d94bd88819b61cc4b59fb1d88474aae7ee79daf1c16,77945323,2026-10-02T04:26:05Z,-355933,-356000,-338200,90326384836010,90326384836010,0.005642,5642,theoretical_from_L_and_price,True,-364900,-356000,no_swap,,,False,0,0,0,0,0,0,,,cohort_bounded_60m,
0x435e76b163e758629c5d74ed012d5a4bb8b3dc0e505d39cc180ef9fbc2356252,0x4b180f36c1bd057a9aa6bdf71e88659b39434b34,0x4b180f36c1bd057a9aa6bdf71e88659b39434b34,0x5fc5360d0400a0fd4f2af552add042d716f1d168,0x5fc5360d0400a0fd4f2af552add042d716f1d168,1,860000,8600,0x0000000000000000000000000000000000000000,77946101,2026-10-02T04:27:23Z,0x73311faa76dfe730cacaa77984e2a0f29b5095077ef7bfb84437dee002ab492e,77946101,2026-10-02T04:27:23Z,-368433,-885800,885800,100006523693770,100006523693770,1.000016,1000016,theoretical_from_L_and_price,True,-378400,-369800,no_swap,,,True,0,0,0,0,0,0,,,cohort_bounded_60m,
0x47b39c937db13f212494361e8d4d8529cfe7132f171e36000cdae2b145e13777,0x0fe97b2d477014d78a61829a3c41866912d469ea,0x0000000000000000000000000000000000000000,0x0fe97b2d477014d78a61829a3c41866912d469ea,0x0000000000000000000000000000000000000000,0,850000,8500,0x0000000000000000000000000000000000000000,77946357,2026-10-02T04:27:49Z,0xc01e9a1f929515653957a2b39f1f5a085ced5609f04084b757339fa38e480712,77946357,2026-10-02T04:27:49Z,178238,-884000,884000,5199536464388373027,5199536464388373027,0.000701082524036589,701082524036589,theoretical_from_L_and_price,True,178500,187000,no_swap,,,True,0,0,0,0,0,0,2026-10-02T04:43:31Z,2026-10-02T04:43:31Z,cohort_bounded_60m,2026-10-02T04:43:31Z
0x9e03a29218ba90416cc4d5d3ad25f6887eca298d5de522728ccb7a4e7afe56a8,0xea7a349e62beb09c1911c5ecc1ed9151916eb17d,0x5fc5360d0400a0fd4f2af552add042d716f1d168,0xea7a349e62beb09c1911c5ecc1ed9151916eb17d,0x5fc5360d0400a0fd4f2af552add042d716f1d168,0,701300,7013,0x0000000000000000000000000000000000000000,77947708,2026-10-02T04:30:06Z,0x109b5581ddc03376da2b4771481c755e1918fb367a923196271bf1b6fd61a9df,77947708,2026-10-02T04:30:06Z,398390,-883638,883638,45202863206161,45202863206161,0.10108,101080,theoretical_from_L_and_price,True,399741,406754,no_swap,,,True,0,0,0,0,0,0,,,cohort_bounded_60m,
0x5bcf375d4c9aca27837b134186b542a6772bbc550ebc4bccfc8c5507e487e5b9,0xaf13b6ba5542044f9225fe5b39ff8ef2cffb7482,0x5fc5360d0400a0fd4f2af552add042d716f1d168,0xaf13b6ba5542044f9225fe5b39ff8ef2cffb7482,0x5fc5360d0400a0fd4f2af552add042d716f1d168,0,890000,8900,0x0000000000000000000000000000000000000000,77949803,2026-10-02T04:33:38Z,0xfc9d7e286de5f7caa1c8473cac206c3fd20754d798c6c6a77642be421315d4dd,77949803,2026-10-02T04:33:38Z,338177,320400,338200,161010515856879,161010515856879,0.008398,8398,theoretical_from_L_and_price,True,338200,347100,interior_crossed_end_token_only,77951067,887271,False,1,1,1,1,0,37105690464481733891,,,cohort_bounded_60m,
0xc45e9fe0af92dd243e63518efc600c894ea314e2ca259632d9f3fc3ead1806cd,0x0fe97b2d477014d78a61829a3c41866912d469ea,0x0000000000000000000000000000000000000000,0x0fe97b2d477014d78a61829a3c41866912d469ea,0x0000000000000000000000000000000000000000,0,883131,200,0x0000000000000000000000000000000000000000,77950099,2026-10-02T04:34:08Z,0x3fb750ace86570c1af5ce7eabc99cd47267480b217fed4394b558b5e2dcdc292,77950099,2026-10-02T04:34:08Z,169381,-887200,887200,5799926399917153654,5799926399917153654,0.001217699999999999,1217699999999999,theoretical_from_L_and_price,True,169400,169600,no_swap,,,True,0,0,0,0,0,0,,,cohort_bounded_60m,2026-10-02T04:43:31Z
0xd2a2819b99728240f119477ffb9eceaec0ac07473837b1fc10c3fe24e2403b88,0xaf13b6ba5542044f9225fe5b39ff8ef2cffb7482,0x5fc5360d0400a0fd4f2af552add042d716f1d168,0xaf13b6ba5542044f9225fe5b39ff8ef2cffb7482,0x5fc5360d0400a0fd4f2af552add042d716f1d168,0,860000,8600,0x0000000000000000000000000000000000000000,77950416,2026-10-02T04:34:40Z,0x5792f7e7ea6e9cded147454973a7ddb6dc8d327d29ed3326a273270e96db39ca,77950416,2026-10-02T04:34:40Z,369485,-885800,885800,189753379474875,189753379474875,1.80022,1800220,theoretical_from_L_and_price,True,369800,378400,swap_no_boundary,,369663,True,1,1,1,2,0,1283064011195750183356,,,cohort_bounded_60m,
0xebb4c5dfd13f1dd51d0119e41efa2531b584f18a51113d20b2d7974d49e89f16,0x0fe97b2d477014d78a61829a3c41866912d469ea,0x0fe97b2d477014d78a61829a3c41866912d469ea,0x5fc5360d0400a0fd4f2af552add042d716f1d168,0x5fc5360d0400a0fd4f2af552add042d716f1d168,1,820000,8200,0x0000000000000000000000000000000000000000,77957493,2026-10-02T04:46:38Z,0x8e7b52f3fcc68bd5a7c07d3c449f7f15b058c09b73d74f3d72debf64c16514ac,77957493,2026-10-02T04:46:38Z,-373213,-885600,885600,214216195601137,214216195601137,1.686708,1686708,theoretical_from_L_and_price,True,-385400,-377200,no_swap,,,True,0,0,0,0,0,0,2026-10-02T05:12:44Z,2026-10-02T05:12:44Z,cohort_bounded_60m,
0xb912e16e4fee57bbe89b2a7f9f41c777bc1dd30bcf01c61f7406c098e1a889a3,0x9c4ed1b115833985c68cb74f5736531d8ee46bb7,0x0000000000000000000000000000000000000000,0x9c4ed1b115833985c68cb74f5736531d8ee46bb7,0x0000000000000000000000000000000000000000,0,883131,200,0x0000000000000000000000000000000000000000,77959254,2026-10-02T04:49:37Z,0x45e8da510ee665185d7bf57f07ddfa98d747edc5d3907ea892394eb2b05f07ed,77959254,2026-10-02T04:49:37Z,194207,-887200,887200,20067828222718086496,20067828222718086496,0.001217699999999998,1217699999999998,theoretical_from_L_and_price,True,194400,194600,swap_no_boundary,,194194,True,0,0,1,1,7226852923808,0,,,cohort_bounded_60m,
0x351ed6a93eba2d6ef6e7c1e6fcdb17df2b651af747e895779c4115c23f0b15d8,0x0fe97b2d477014d78a61829a3c41866912d469ea,0x0fe97b2d477014d78a61829a3c41866912d469ea,0x5fc5360d0400a0fd4f2af552add042d716f1d168,0x5fc5360d0400a0fd4f2af552add042d716f1d168,1,770000,7700,0x0000000000000000000000000000000000000000,77962233,2026-10-02T04:54:39Z,0x364e011fe9ac9db144a910dec71b4514e8f76e8604406d157d9ea04aa2da6c42,77962233,2026-10-02T04:54:39Z,-374231,-885500,885500,336259493118484,336259493118484,2.516273,2516273,theoretical_from_L_and_price,True,-385000,-377300,swap_no_boundary,,-374209,True,0,0,1,1,12524,0,,,cohort_bounded_60m,
0x8ed0b33b37dcb5dc9ffa265c823d2b70f8edf3b8b8780b1537e6c5120d2132bc,0xa1f9164061df9eaaa321d35411e5d63a658694d8,0x0000000000000000000000000000000000000000,0xa1f9164061df9eaaa321d35411e5d63a658694d8,0x0000000000000000000000000000000000000000,0,883131,200,0x0000000000000000000000000000000000000000,77963933,2026-10-02T04:57:31Z,0x216a17c04fe57990e29b944f0274c329fbd9f53db4db43ae5172836f2cc98b82,77963933,2026-10-02T04:57:31Z,190463,-887200,887200,16641993843798292086,16641993843798292086,0.001217699999999999,1217699999999999,theoretical_from_L_and_price,True,190600,190800,no_swap,,,True,0,0,0,0,0,0,,,cohort_bounded_60m,
0xd8e13eda28480dd813d83b68bf8adefa724425499a9e9b5c9e481c4a3f49f4a9,0x12d5147b4bc86bf6a78f7d3ef85dab71c135446c,0x0000000000000000000000000000000000000000,0x12d5147b4bc86bf6a78f7d3ef85dab71c135446c,0x0000000000000000000000000000000000000000,0,883131,200,0x0000000000000000000000000000000000000000,77964749,2026-10-02T04:58:54Z,0x99ef2d52dbe47f3a327453c598d4e4bb186fe73788f8d52d10c44e3f8cdc5866,77964749,2026-10-02T04:58:54Z,188619,-887200,887200,15175744387854827680,15175744387854827680,0.001217699999999999,1217699999999999,theoretical_from_L_and_price,True,188800,189000,swap_no_boundary,,186631,True,2,3,3,6,1089244301626315,0,,,cohort_bounded_60m,
0x67a0bf1d8beb73bae5dd69c2a10de919ea9842a2d3f7f9df5dd81ce084f1079b,0xc8488be2e4f430420a364e64f4d8af428b74d903,0x0000000000000000000000000000000000000000,0xc8488be2e4f430420a364e64f4d8af428b74d903,0x0000000000000000000000000000000000000000,0,883131,200,0x0000000000000000000000000000000000000000,77973949,2026-10-02T05:14:33Z,0xce2fddcbfff78433b6b23cf6df8d691a671e24737fb44f5a8a880986600268dc,77973949,2026-10-02T05:14:33Z,178307,-887200,887200,9062507103897235832,9062507103897235832,0.001217699999999999,1217699999999999,theoretical_from_L_and_price,True,178400,178600,no_swap,,,True,0,0,0,0,0,0,,,cohort_bounded_60m,
0x574a090eae62bff6634820dd7011b6b20226ed37983c08f03ef565960fc73210,0x3780cb62035f8cda4875abe89292c63d9f8453cc,0x3780cb62035f8cda4875abe89292c63d9f8453cc,0x5fc5360d0400a0fd4f2af552add042d716f1d168,0x5fc5360d0400a0fd4f2af552add042d716f1d168,1,820000,60,0x0000000000000000000000000000000000000000,77976060,2026-10-02T05:18:08Z,0xcebe3e3adf22b3f445f8cb7000cc6e6a4f8c277fceb9303fd134a3d9fe1042c3,77976060,2026-10-02T05:18:08Z,-397486,-887220,887220,81186362838003,81186362838003,0.189939,189939,theoretical_from_L_and_price,True,-397560,-397500,no_swap,,,True,0,0,0,0,0,0,,,cohort_bounded_60m,
0x3d141ea37fa17848936d05793e0f6bfb50e66c519ba7fedc92c7b0600eb2cc3e,0xac0bdc4faf3f46af1e1fed517b6bc10e5cc3b178,0x0000000000000000000000000000000000000000,0xac0bdc4faf3f46af1e1fed517b6bc10e5cc3b178,0x0000000000000000000000000000000000000000,0,883131,200,0x0000000000000000000000000000000000000000,77977488,2026-10-02T05:20:33Z,0x2388c8b8c97fbdff4a24f1b42c44acaf64d509dffa7336e5c70bf262c4195b5b,77977488,2026-10-02T05:20:33Z,192488,-887200,887200,18414569130804054759,18414569130804054759,0.001217699999999998,1217699999999998,theoretical_from_L_and_price,True,192600,192800,no_swap,,,True,0,0,0,0,0,0,,,cohort_bounded_60m,
0x2d83e362eb928f94102db2da09de68744caaf615c7cf5b6a90b0bbbe6f3e5cea,0x169e557f6df6c58c7fe6c53be7ed5328fd50f0ce,0x169e557f6df6c58c7fe6c53be7ed5328fd50f0ce,0x5fc5360d0400a0fd4f2af552add042d716f1d168,0x5fc5360d0400a0fd4f2af552add042d716f1d168,1,898880,8989,0x0000000000000000000000000000000000000000,77978325,2026-10-02T05:21:58Z,0xab050bb72b281a27d1d2df06ae0d347d002e7e00abca2df6fbc55312cdf29678,77978325,2026-10-02T05:21:58Z,-357054,-368549,-314615,36324250371780,36324250371780,0.280461,280461,theoretical_from_L_and_price,True,-368549,-359560,swap_no_boundary,,-357045,False,0,0,1,1,3000,0,2026-10-02T05:37:22Z,2026-10-02T05:37:22Z,cohort_bounded_60m,2026-10-02T05:37:22Z
0x4529d2dd9572f122484358461151888b763f1cf520917e85beffddc5611962ac,0xbcd18d1de7041d0a5b3a9413ceaf0876757c9193,0x0000000000000000000000000000000000000000,0xbcd18d1de7041d0a5b3a9413ceaf0876757c9193,0x0000000000000000000000000000000000000000,0,790000,60,0x0000000000000000000000000000000000000000,77986043,2026-10-02T05:35:00Z,0xa3df7921dfd59c822d577553afa492b54f38343d9466640dca40ef40cc03eae3,77986043,2026-10-02T05:35:00Z,195989,-887220,887220,720612834903827304,720612834903827304,0.000039999999999999,39999999999999,theoretical_from_L_and_price,True,196020,196080,swap_no_boundary,,190419,True,1,1,1,1,61225160791692,0,,,cohort_bounded_60m,
0x04a131fd7b84b315bb386c34ba25a331b28268938ed498f6ee0aa6f644fd6739,0x3d7321591f9c41559461ec2b31f8d4259d45a1ff,0x3d7321591f9c41559461ec2b31f8d4259d45a1ff,0x5fc5360d0400a0fd4f2af552add042d716f1d168,0x5fc5360d0400a0fd4f2af552add042d716f1d168,1,700000,7000,0x0000000000000000000000000000000000000000,77993432,2026-10-02T05:47:27Z,0x55b5054c3763a3f3186a13ff7e021532e66474a521f1ff08feb280155bd005e4,77993432,2026-10-02T05:47:27Z,-383130,-882000,882000,20213653999334,20213653999334,0.096938,96938,theoretical_from_L_and_price,True,-392000,-385000,no_swap,,,True,0,0,0,0,0,0,,,cohort_bounded_60m,
0x272ec1b4a4b9dec8bb545582b577709fedc3fcc169f9fcf31176ad7cac0ca2b5,0xe7f5069b406a8cf2a386db331e36c776e837a00a,0x5fc5360d0400a0fd4f2af552add042d716f1d168,0xe7f5069b406a8cf2a386db331e36c776e837a00a,0x5fc5360d0400a0fd4f2af552add042d716f1d168,0,880000,8800,0x0000000000000000000000000000000000000000,77995952,2026-10-02T05:51:42Z,0xcafdeabe6a2d55c2adea9684ebacf2ce8390645739db2fef2d84e73f50ea3e0d,77995952,2026-10-02T05:51:42Z,376197,-880000,880000,27903724668761,27903724668761,0.189258,189258,theoretical_from_L_and_price,True,378400,387200,no_swap,,,True,0,0,0,0,0,0,,,cohort_bounded_60m,
0xeea9dcff277b76c95563ee0b0c54fd013338c02cd1fe05450828dbee74b6c400,0xafdc93ae51e4d9640534f4e44789561c182cdab9,0x5fc5360d0400a0fd4f2af552add042d716f1d168,0xafdc93ae51e4d9640534f4e44789561c182cdab9,0x5fc5360d0400a0fd4f2af552add042d716f1d168,0,952000,60,0x0000000000000000000000000000000000000000,78001627,2026-10-02T06:01:22Z,0x9058cd29933cd7fd9eb8d6fd52fc6beb994142ab83ce6da29e019e94718a2fd1,78001627,2026-10-02T06:01:22Z,426526,-887220,887220,3055493037415560,3055493037415560,1.673562,1673562,theoretical_from_L_and_price,True,426540,426600,swap_no_boundary,,426478,True,2,5,13,28,340295990,184798315461175320772263,2026-10-02T06:35:40Z,2026-10-02T07:01:00Z,cohort_bounded_60m,2026-10-02T07:01:06Z
0x2fa9ce12d1f3e31a26a0d9ab05416c534dd574fd700c1e3086c76c006be27d57,0x2c612e2f811f106f1baa1dbc5fbae88f1ac561c7,0x0000000000000000000000000000000000000000,0x2c612e2f811f106f1baa1dbc5fbae88f1ac561c7,0x0000000000000000000000000000000000000000,0,790000,60,0x0000000000000000000000000000000000000000,78003783,2026-10-02T06:05:01Z,0x7532c6346a326e965e1423f5bb4c9faef79c37c810b74c824ff2a60a3b6c80d7,78003783,2026-10-02T06:05:01Z,193964,-887220,887220,651246052693246170,651246052693246170,0.000039999999999999,39999999999999,theoretical_from_L_and_price,True,193980,194040,swap_no_boundary,,189174,True,2,2,2,2,51543505092478,0,,,cohort_bounded_60m,
0x7bdc77a45013c0a883c092bd6fae6e40b2159789c89a900650c9deff101973eb,0x2c612e2f811f106f1baa1dbc5fbae88f1ac561c7,0x2c612e2f811f106f1baa1dbc5fbae88f1ac561c7,0x5fc5360d0400a0fd4f2af552add042d716f1d168,0x5fc5360d0400a0fd4f2af552add042d716f1d168,1,830000,60,0x0000000000000000000000000000000000000000,78003986,2026-10-02T06:05:21Z,0x0e3142d22e80ca934830fecc7dd444eb541e7b291177c1d1ca4b23167564365c,78003986,2026-10-02T06:05:21Z,-373131,-376920,887220,726103943315765,726103943315765,0.99079,990790,theoretical_from_L_and_price,True,-373200,-373140,no_swap,,,False,0,0,0,0,0,0,,,cohort_bounded_60m,
0x4ec3d1fc53ae7ed564f4db9253e34df74794547cd796b8b289413dee041322c3,0x2c612e2f811f106f1baa1dbc5fbae88f1ac561c7,0x0000000000000000000000000000000000000000,0x2c612e2f811f106f1baa1dbc5fbae88f1ac561c7,0x0000000000000000000000000000000000000000,0,880000,60,0x0000000000000000000000000000000000000000,78004015,2026-10-02T06:05:24Z,0x797c8c0dbf3141b2d557e49865597ec17491eaa2efb0b33e6464e5ef01779973,78004015,2026-10-02T06:05:24Z,176824,-887220,181020,13289842217290515722,13289842217290515722,0.000363900446358462,363900446358462,theoretical_from_L_and_price,True,176880,176940,no_swap,,,False,0,0,0,0,0,0,,,cohort_bounded_60m,
0x50d656c7aec987da20c16bad9d4639c861fdd935b783a06f6b8ce0c64ce3ce27,0xbcd18d1de7041d0a5b3a9413ceaf0876757c9193,0x5fc5360d0400a0fd4f2af552add042d716f1d168,0xbcd18d1de7041d0a5b3a9413ceaf0876757c9193,0x5fc5360d0400a0fd4f2af552add042d716f1d168,0,850000,60,0x0000000000000000000000000000000000000000,78004070,2026-10-02T06:05:30Z,0x7354ffee5f52608455de71c9ac311687ba0eb565fb17ef1d020d39787e7b2dfb,78004070,2026-10-02T06:05:30Z,373390,-887220,377520,678283912156345,678283912156345,0.987461,987461,theoretical_from_L_and_price,True,373440,373500,interior_crossed_end_token_only,78004615,377479,False,2,2,2,2,0,131440462464629339881929,,,cohort_bounded_60m,
0xf01acd96aa906775b9456bdbca76d8ca5792cdc04785db8c5a5fb25e444028c1,0xbcd18d1de7041d0a5b3a9413ceaf0876757c9193,0x0000000000000000000000000000000000000000,0xbcd18d1de7041d0a5b3a9413ceaf0876757c9193,0x0000000000000000000000000000000000000000,0,850000,60,0x0000000000000000000000000000000000000000,78004098,2026-10-02T06:05:33Z,0x54b4e88bcc7a25e72202b4d9217140ff5fc65e2998936e4060e4479a474d6124,78004098,2026-10-02T06:05:33Z,176116,-887220,180240,13030287155700832581,13030287155700832581,0.000363968100173471,363968100173471,theoretical_from_L_and_price,True,176160,176220,interior_crossed_end_token_only,78004611,188832,False,3,3,3,3,0,132667251731714529691384,,,cohort_bounded_60m,
0x0967eb09a5ccff19598729dfc3ba2ab710885e65560d566722f830eef547a651,0xaee4b47e17da55741f5276f858a53fa9aab70dd4,0x0000000000000000000000000000000000000000,0xaee4b47e17da55741f5276f858a53fa9aab70dd4,0x0000000000000000000000000000000000000000,0,790000,60,0x0000000000000000000000000000000000000000,78004946,2026-10-02T06:06:58Z,0xd062431a7b240da6d67a6df3ca542f4b7e307dcf3a589b747e8fbc9867d6c753,78004946,2026-10-02T06:06:58Z,195580,-887220,887220,706032279805117921,706032279805117921,0.000039999999999999,39999999999999,theoretical_from_L_and_price,True,195600,195660,no_swap,,,True,0,0,0,0,0,0,,,cohort_bounded_60m,
0xd6a07268bb679c37d32ac09ab5ae8f0b19b1f70ab28b9d4dbc54f55c46655cec,0x2c612e2f811f106f1baa1dbc5fbae88f1ac561c7,0x0000000000000000000000000000000000000000,0x2c612e2f811f106f1baa1dbc5fbae88f1ac561c7,0x0000000000000000000000000000000000000000,0,883131,200,0x0000000000000000000000000000000000000000,78005742,2026-10-02T06:08:19Z,0x2febf5767bba9699ea94dc4958dd937ed26307bb0bb12af1d77a92bd80fb2328,78005742,2026-10-02T06:08:19Z,172158,-887200,887200,6664015768944941465,6664015768944941465,0.001217699999999999,1217699999999999,theoretical_from_L_and_price,True,172200,172400,no_swap,,,True,0,0,0,0,0,0,,,cohort_bounded_60m,
0x86aff9baebf0e65fde953c441f2ebfe7437c4fd8ab6ea70b53952fdf657d7328,0xafdc93ae51e4d9640534f4e44789561c182cdab9,0x5fc5360d0400a0fd4f2af552add042d716f1d168,0xafdc93ae51e4d9640534f4e44789561c182cdab9,0x5fc5360d0400a0fd4f2af552add042d716f1d168,0,700000,7000,0x0000000000000000000000000000000000000000,78007352,2026-10-02T06:11:02Z,0x0a7be444cd0df5b7374f143b2fd6343a10a6b9cdeba0599707b3e0e618e420d2,78007352,2026-10-02T06:11:02Z,407554,-882000,882000,2463331246522541,2463331246522541,3.483714,3483714,theoretical_from_L_and_price,True,413000,420000,no_swap,,,True,0,0,0,0,0,0,2026-10-02T06:18:56Z,2026-10-02T06:21:05Z,cohort_bounded_60m,2026-10-02T07:01:06Z
0x7b64847eb04fa780bd86ac0fb3276beb5c8aa4e2b408d46350ba03aeb9edc842,0xafdc93ae51e4d9640534f4e44789561c182cdab9,0x5fc5360d0400a0fd4f2af552add042d716f1d168,0xafdc93ae51e4d9640534f4e44789561c182cdab9,0x5fc5360d0400a0fd4f2af552add042d716f1d168,0,800000,8000,0x0000000000000000000000000000000000000000,78008019,2026-10-02T06:12:09Z,0xd341f1654ee02adb68db9176196f536db2102907d71afc7282ea87a02cc3b852,78008019,2026-10-02T06:12:09Z,407554,-880000,880000,337932491422734,337932491422734,0.477913,477913,theoretical_from_L_and_price,True,408000,416000,no_swap,,,True,0,0,0,0,0,0,2026-10-02T06:28:18Z,2026-10-02T06:30:39Z,cohort_bounded_60m,2026-10-02T07:01:06Z
0x0259d2dd1da002c2d6274c9bc383733f3f986471d8c2e80bbfd7fe97a021ab10,0x90f00f0d6e4f5c178f109ab85fd322c9b911984f,0x0000000000000000000000000000000000000000,0x90f00f0d6e4f5c178f109ab85fd322c9b911984f,0x0000000000000000000000000000000000000000,0,883131,200,0x0000000000000000000000000000000000000000,78009282,2026-10-02T06:14:18Z,0xc81cee75916734c72b631e2055287f8f330d271baec7dd19d247c96d5954f933,78009282,2026-10-02T06:14:18Z,188071,-887200,887200,14765748586000611068,14765748586000611068,0.001217699999999999,1217699999999999,theoretical_from_L_and_price,True,188200,188400,no_swap,,,True,0,0,0,0,0,0,,,cohort_bounded_60m,
0x13f92d26c6863ec5a3a8969ba61894056c6c929121a118a670637f8c2e17ab2b,0x31b688803407a3abf05ecb8b6aefdd0ad3ffdbe7,0x31b688803407a3abf05ecb8b6aefdd0ad3ffdbe7,0x5fc5360d0400a0fd4f2af552add042d716f1d168,0x5fc5360d0400a0fd4f2af552add042d716f1d168,1,700000,7000,0x0000000000000000000000000000000000000000,78009475,2026-10-02T06:14:38Z,0xed8e505d04372cf4b737391a605358db16597b5f39f5a2aac9893fb87f8f1651,78009475,2026-10-02T06:14:38Z,-461661,-882000,882000,375717906308972,375717906308972,0.035523,35523,theoretical_from_L_and_price,True,-469000,-462000,no_swap,,,True,0,0,0,0,0,0,2026-10-02T07:33:36Z,2026-10-02T07:33:36Z,cohort_bounded_60m,
0x5e977e58e723159917d0220d18888079f2a280667c095376f057681cf7674cad,0x4f194e9bed354aea38c66020d07132a57c07a94e,0x0000000000000000000000000000000000000000,0x4f194e9bed354aea38c66020d07132a57c07a94e,0x0000000000000000000000000000000000000000,0,790000,60,0x0000000000000000000000000000000000000000,78012044,2026-10-02T06:18:58Z,0x86e2790a92c6e8cc02e388fdc8335eb21a8b6b1d7405153ca16e65b25e6d98f1,78012044,2026-10-02T06:18:58Z,190662,-887220,887220,552120292957187274,552120292957187274,0.000039999999999999,39999999999999,theoretical_from_L_and_price,True,190680,190740,no_swap,,,True,0,0,0,0,0,0,,,cohort_bounded_60m,
0xf94712b01e615880d119d0d01b9d3808ad81d0d331a656321d890dca7ad83d25,0xd362eb6cc4dd82fd5454f7f8bfdefb5941227089,0x0000000000000000000000000000000000000000,0xd362eb6cc4dd82fd5454f7f8bfdefb5941227089,0x0000000000000000000000000000000000000000,0,790000,60,0x0000000000000000000000000000000000000000,78013206,2026-10-02T06:20:56Z,0x1fd34f1b6031adb3c8d608746135da3b307bd9a10533045613ad99531a083eaf,78013206,2026-10-02T06:20:56Z,192717,-887220,887220,611882231459501095,611882231459501095,0.000039999999999999,39999999999999,theoretical_from_L_and_price,True,192720,192780,swap_no_boundary,,186948,True,1,1,11,22,63746683533907,0,,,cohort_bounded_60m,
0x546662658cb01dc6099d1f391eb06cf019b65b8674ec7e9f1b431f53c6902d57,0xafdc93ae51e4d9640534f4e44789561c182cdab9,0x5fc5360d0400a0fd4f2af552add042d716f1d168,0xafdc93ae51e4d9640534f4e44789561c182cdab9,0x5fc5360d0400a0fd4f2af552add042d716f1d168,0,940000,9400,0x0000000000000000000000000000000000000000,78014702,2026-10-02T06:23:28Z,0xe0eebe396da2b769ee56733ab105e8bb62f807ef6aa3ca4ac5b62a8e3aa168e0,78014702,2026-10-02T06:23:28Z,380472,-883600,883600,919944762005432,919944762005432,5.038836,5038836,theoretical_from_L_and_price,True,385400,394800,swap_no_boundary,,385397,True,1,3,3,3,0,7549755990260450163190801,2026-10-02T06:30:19Z,2026-10-02T06:37:24Z,cohort_bounded_60m,2026-10-02T07:01:06Z
0xc92b3c12c6eafa4f24862728484200e7882da981d228c90f3e0a9e101b30b826,0x8c1e0bff7a6148a56ad2d2483c62213763b64ba3,0x5fc5360d0400a0fd4f2af552add042d716f1d168,0x8c1e0bff7a6148a56ad2d2483c62213763b64ba3,0x5fc5360d0400a0fd4f2af552add042d716f1d168,0,990000,9900,0x0000000000000000000000000000000000000000,78017253,2026-10-02T06:27:48Z,0x41a453614cb38a42ad5140725b1b94183171f530400b9059ed10f966d394e4d1,78017253,2026-10-02T06:27:48Z,428603,-881100,881100,396236909397904,396236909397904,0.195624,195624,theoretical_from_L_and_price,True,435600,445500,no_swap,,,True,0,0,0,0,0,0,,,cohort_bounded_60m,
0xdafa4aff9e081e2761692ecf55e37a9e0fa912a50d98988e2a1880b6040d938b,0x25a770c7c62e8e37b7b5e3f97023dd4fdc2bcfc3,0x25a770c7c62e8e37b7b5e3f97023dd4fdc2bcfc3,0x5fc5360d0400a0fd4f2af552add042d716f1d168,0x5fc5360d0400a0fd4f2af552add042d716f1d168,1,970100,9701,0x0000000000000000000000000000000000000000,78018341,2026-10-02T06:29:38Z,0x93a49b435c48e8f58e884560a863ae887be964398a951c063076b7dc8b897836,78018341,2026-10-02T06:29:38Z,-339522,-339535,-329834,613123977285982,613123977285982,0.016905,16905,theoretical_from_L_and_price,True,-349236,-339535,interior_crossed_end_token_only,78033800,-887272,False,0,0,1,1,0,471006229379179341346,,,cohort_bounded_60m,
0xaac390a3de079d2d918090cd81e2bc92ed9430593b5b4658bbec187c94c0942c,0xafdc93ae51e4d9640534f4e44789561c182cdab9,0x5fc5360d0400a0fd4f2af552add042d716f1d168,0xafdc93ae51e4d9640534f4e44789561c182cdab9,0x5fc5360d0400a0fd4f2af552add042d716f1d168,0,970000,9700,0x0000000000000000000000000000000000000000,78019227,2026-10-02T06:31:08Z,0xbcf3642dd2ae339b997c60ce630763bad0a86c9b13bac97167c797fdaef31eb7,78019227,2026-10-02T06:31:08Z,371998,-882700,882700,1627758924941191,1627758924941191,13.619463,13619463,theoretical_from_L_and_price,True,378300,388000,interior_crossed_end_mixed,78020054,379047,True,1,1,1,1,0,9917898792777244690521338,2026-10-02T06:35:16Z,2026-10-02T06:36:07Z,cohort_bounded_60m,2026-10-02T07:01:06Z
0x960182c70f8613aeee941d5c32581efa0ca5ce314ab50bc7a02d4ffcb6e7977a,0x25a770c7c62e8e37b7b5e3f97023dd4fdc2bcfc3,0x25a770c7c62e8e37b7b5e3f97023dd4fdc2bcfc3,0x5fc5360d0400a0fd4f2af552add042d716f1d168,0x5fc5360d0400a0fd4f2af552add042d716f1d168,1,860000,8600,0x0000000000000000000000000000000000000000,78020060,2026-10-02T06:32:32Z,0x476cb4f5345d2e10a9a55ef7e54be6ac6f08dbda3378951f8620f4b5a65e0b67,78020060,2026-10-02T06:32:32Z,-372438,-885800,885800,245549144059919,245549144059919,2.009806,2009806,theoretical_from_L_and_price,True,-387000,-378400,swap_no_boundary,,-372459,True,0,0,1,2,0,544881079639356217822,,,cohort_bounded_60m,
0xd07c94f60bf455d23cb68541448297998008861fd475a5eeccba79cf55ec6331,0xafdc93ae51e4d9640534f4e44789561c182cdab9,0x5fc5360d0400a0fd4f2af552add042d716f1d168,0xafdc93ae51e4d9640534f4e44789561c182cdab9,0x5fc5360d0400a0fd4f2af552add042d716f1d168,0,991010,9910,0x0000000000000000000000000000000000000000,78024063,2026-10-02T06:39:18Z,0xde523e6180099455462f2ce67d66ebcf1ecc5dfb194ab783e5626a506b2c9214,78024063,2026-10-02T06:39:18Z,368432,-881990,881990,1331100653873692,1331100653873692,13.311029,13311029,theoretical_from_L_and_price,True,376580,386490,no_swap,,,True,0,0,0,0,0,0,2026-10-02T06:44:30Z,2026-10-02T06:44:30Z,cohort_bounded_60m,2026-10-02T07:01:06Z
0x101b2b440b273b38018237774be8a0bd4e19512dbc2c33affa942d334c890a82,0x99bdd356c6fb7ee8d04fb53c94f5aeb48c2a54cb,0x5fc5360d0400a0fd4f2af552add042d716f1d168,0x99bdd356c6fb7ee8d04fb53c94f5aeb48c2a54cb,0x5fc5360d0400a0fd4f2af552add042d716f1d168,0,700000,7000,0x0000000000000000000000000000000000000000,78027953,2026-10-02T06:45:55Z,0xc5a8bbe6f92ccbed52533584b40e22dfc28c2c8f25cbef112a9a351461aef787,78027953,2026-10-02T06:45:55Z,386152,-882000,882000,46786159525320,46786159525320,0.192908,192908,theoretical_from_L_and_price,True,392000,399000,no_swap,,,True,0,0,0,0,0,0,,,cohort_bounded_60m,
0x3873c1a0a0833b8b8f7ec08e37ab544d18e094b062352eee9e03c81ff658d383,0x169e557f6df6c58c7fe6c53be7ed5328fd50f0ce,0x169e557f6df6c58c7fe6c53be7ed5328fd50f0ce,0x5fc5360d0400a0fd4f2af552add042d716f1d168,0x5fc5360d0400a0fd4f2af552add042d716f1d168,1,700000,7000,0x0000000000000000000000000000000000000000,78029840,2026-10-02T06:49:07Z,0xda2b0e00efd9cde4d317b3fb5df078b4cfa4a19017faf548d30f7185dff925c4,78029840,2026-10-02T06:49:07Z,-361601,-882000,882000,62591828605321,62591828605321,0.880732,880732,theoretical_from_L_and_price,True,-371000,-364000,interior_crossed_end_mixed,78044599,-370588,True,0,0,2,2,0,8418703063532652297170,,,pool_event_history_censored,
0xc76ae93605e9e11c4bfdf641a0c025ff529b263023b43ba4ca4b686fda181a26,0xafdc93ae51e4d9640534f4e44789561c182cdab9,0x5fc5360d0400a0fd4f2af552add042d716f1d168,0xafdc93ae51e4d9640534f4e44789561c182cdab9,0x5fc5360d0400a0fd4f2af552add042d716f1d168,0,920000,60,0x0000000000000000000000000000000000000000,78031646,2026-10-02T06:52:12Z,0x2ae9a7061473e7bcbaa7df24b7f978459a99c1fdf8e2eb55f7d9559659d2ad79,78031646,2026-10-02T06:52:12Z,437513,-887220,887220,100366218060055,100366218060055,0.031738,31738,theoretical_from_L_and_price,True,437520,437580,swap_no_boundary,,437452,True,12,20,59,92,487411418,0,2026-10-02T07:10:33Z,2026-10-02T08:07:59Z,cohort_bounded_60m,2026-10-02T07:01:06Z
0x523564eb0e849732254b8835747cf16cba2714694f7384d8fe2c4390a986ef3f,0xf40766e11ecadc0120288f89aefc7e8591a9f763,0x0000000000000000000000000000000000000000,0xf40766e11ecadc0120288f89aefc7e8591a9f763,0x0000000000000000000000000000000000000000,0,883131,200,0x0000000000000000000000000000000000000000,78034988,2026-10-02T06:57:53Z,0x7d0ae1fc4f7ef310efbb07a9ca3a5ef5000110565daa249549d8bcbbc20b7286,78034988,2026-10-02T06:57:53Z,178620,-887200,887200,9205463873195606183,9205463873195606183,0.001217699999999999,1217699999999999,theoretical_from_L_and_price,True,178800,179000,no_swap,,,True,0,0,0,0,0,0,,,cohort_bounded_60m,
0x37fa29699065813793cf91f1a300a5f981acd4ba8ca32564d2dfb83f42ca0fe2,0xafdc93ae51e4d9640534f4e44789561c182cdab9,0x5fc5360d0400a0fd4f2af552add042d716f1d168,0xafdc93ae51e4d9640534f4e44789561c182cdab9,0x5fc5360d0400a0fd4f2af552add042d716f1d168,0,890000,8900,0x0000000000000000000000000000000000000000,78035029,2026-10-02T06:57:57Z,0x67c65e0ab444dc2b32e0f4b288f88dbecca47f0ae00e81df8846e675fe7b4ff5,78035029,2026-10-02T06:57:57Z,392512,-881100,881100,5829660007606444,5829660007606444,17.489587,17489587,theoretical_from_L_and_price,True,400500,409400,interior_crossed_end_token_only,78039410,409992,True,2,6,7,7,0,12244154591650820883062429,2026-10-02T07:01:22Z,2026-10-02T07:01:22Z,cohort_bounded_60m,2026-10-02T07:01:06Z
0x284de0ac351d3d8f596fb618983e7f9b969bca9d3479f48d4540117abfc80d45,0xf733c4b7247d334060be639117a0610ef5227423,0x5fc5360d0400a0fd4f2af552add042d716f1d168,0xf733c4b7247d334060be639117a0610ef5227423,0x5fc5360d0400a0fd4f2af552add042d716f1d168,0,799000,7990,0x0000000000000000000000000000000000000000,78035837,2026-10-02T06:59:20Z,0xf36576aab8ad19cefdd4db2848982d974af5034e97fef1d4e6911ed34d2778bf,78035837,2026-10-02T06:59:20Z,380472,351560,367540,42109073973668527,42109073973668527,0,0,theoretical_from_L_and_price,True,383520,391510,no_swap,,,False,0,0,0,0,0,0,,,cohort_bounded_60m,
0xdf3688969cdcc8b391a22b6bed2646a68cd095011ca7460bf5fce327c62d1c02,0x243f2e2cdbc45161277e168a229c0d41f81b0b8f,0x243f2e2cdbc45161277e168a229c0d41f81b0b8f,0x5fc5360d0400a0fd4f2af552add042d716f1d168,0x5fc5360d0400a0fd4f2af552add042d716f1d168,1,701800,7018,0x0000000000000000000000000000000000000000,78036068,2026-10-02T06:59:43Z,0x1967b1a606cb31de4b9cfd681a60659dd8b0c3f41cdfa3d5f88453b182b9390a,78036068,2026-10-02T06:59:43Z,-398391,-884268,884268,890248583233111,890248583233111,1.990641,1990641,theoretical_from_L_and_price,True,-407044,-400026,no_swap,,,True,0,0,0,0,0,0,,,cohort_bounded_60m,
0x40036b9ece23cb1f6b185b1226b0fd70ac268247a2e27b156924fb42fa982163,0xb2c7fd9979b62dc235ac7d0ed9994f50b6c21347,0x0000000000000000000000000000000000000000,0xb2c7fd9979b62dc235ac7d0ed9994f50b6c21347,0x0000000000000000000000000000000000000000,0,883131,200,0x0000000000000000000000000000000000000000,78036206,2026-10-02T06:59:56Z,0xb12e2e44beb528fd6490023a2c95aee7a01330780170f15e4f692f1b7a835b3b,78036206,2026-10-02T06:59:56Z,189931,-887200,887200,16204818782654140743,16204818782654140743,0.001217699999999999,1217699999999999,theoretical_from_L_and_price,True,190000,190200,swap_no_boundary,,189852,True,0,0,4,6,41238663088958,0,,,cohort_bounded_60m,
0x9a3878edd09d5320438ac7ef95c98b1f39f806c49cf05fcfe2a3361b788bec67,0xf733c4b7247d334060be639117a0610ef5227423,0x0000000000000000000000000000000000000000,0xf733c4b7247d334060be639117a0610ef5227423,0x0000000000000000000000000000000000000000,0,799900,7999,0x0000000000000000000000000000000000000000,78036797,2026-10-02T07:00:57Z,0xebffefb2f1f7fe5478d22bba95fc26aca9059561bfe4d9475d31132f23f348cd,78036797,2026-10-02T07:00:57Z,168837,143982,159980,1351883367902831864726,1351883367902831864726,0,0,theoretical_from_L_and_price,True,175978,183977,no_swap,,,False,0,0,0,0,0,0,,,cohort_bounded_60m,
0x8181263ab5dbbbedeab9fc40b8985e3b106514ab555bbb5fddb3ae7cf46a9efd,0x221182ceb9d1317a123dbb3f8a0215bfacbefecc,0x221182ceb9d1317a123dbb3f8a0215bfacbefecc,0x5fc5360d0400a0fd4f2af552add042d716f1d168,0x5fc5360d0400a0fd4f2af552add042d716f1d168,1,810000,60,0x0000000000000000000000000000000000000000,78038449,2026-10-02T07:03:45Z,0xd6996c04c6a324d899485824a8577d3ddc4d161c147fcf2064cc65b2566d34e4,78038449,2026-10-02T07:03:45Z,-403258,-887220,887220,61007041198884,61007041198884,0.106952,106952,theoretical_from_L_and_price,True,-403320,-403260,no_swap,,,True,0,0,0,0,0,0,,,cohort_bounded_60m,
0x2c68ab25313b0eb863ed310525cb568d9d8f894a3344e59b2c2ea163c2974bf6,0x90f00f0d6e4f5c178f109ab85fd322c9b911984f,0x0000000000000000000000000000000000000000,0x90f00f0d6e4f5c178f109ab85fd322c9b911984f,0x0000000000000000000000000000000000000000,0,790000,60,0x0000000000000000000000000000000000000000,78041584,2026-10-02T07:09:03Z,0x6fa0511a04af1045f681d6c6b8fbf184cd6a95e8d6629ca55e6602c2a9ed53d2,78041584,2026-10-02T07:09:03Z,195131,-887220,887220,690343044988330156,690343044988330156,0.000039999999999999,39999999999999,theoretical_from_L_and_price,True,195180,195240,no_swap,,,True,0,0,0,0,0,0,,,cohort_bounded_60m,
0x00fce1327a90a4c1e616e6dcd61423f2c387b9c25ebc8a888de3a54bce8d2205,0xafdc93ae51e4d9640534f4e44789561c182cdab9,0x5fc5360d0400a0fd4f2af552add042d716f1d168,0xafdc93ae51e4d9640534f4e44789561c182cdab9,0x5fc5360d0400a0fd4f2af552add042d716f1d168,0,836450,8365,0x0000000000000000000000000000000000000000,78041799,2026-10-02T07:09:25Z,0xe9871f3f179236f5c8474b939120711358dff156fb08a94d1ffb83b88830ecd9,78041799,2026-10-02T07:09:25Z,398390,-886690,886690,12808059410222378,12808059410222378,28.640916,28640916,theoretical_from_L_and_price,True,401520,409885,interior_crossed_end_token_only,78045266,423459,True,3,6,6,6,0,4497101943351178060770107,2026-10-02T07:12:45Z,2026-10-02T07:12:45Z,pool_event_history_censored,2026-10-02T07:18:51Z
0x638717d7ab236ce729424ba776967eb8873108154baef506ebcb75b4a68a6953,0xafdc93ae51e4d9640534f4e44789561c182cdab9,0x0000000000000000000000000000000000000000,0xafdc93ae51e4d9640534f4e44789561c182cdab9,0x0000000000000000000000000000000000000000,0,850000,8500,0x0000000000000000000000000000000000000000,78042175,2026-10-02T07:10:03Z,0xeba23fe7b72124be4935f4679ad983e79f19a7bfb52bb235b3fee81b90efb1b5,78042175,2026-10-02T07:10:03Z,229951,-884000,884000,24103827547336077320,24103827547336077320,0.000244913734490144,244913734490144,theoretical_from_L_and_price,True,238000,246500,swap_no_boundary,,234206,True,0,0,1,10,0,50012342496666648403293532,2026-10-02T08:11:31Z,,pool_event_history_censored,2026-10-02T07:18:51Z
0xf959a7963181ff996939d820e381a46509d0c9248350ea174f558e3599cad08c,0xafdc93ae51e4d9640534f4e44789561c182cdab9,0x5fc5360d0400a0fd4f2af552add042d716f1d168,0xafdc93ae51e4d9640534f4e44789561c182cdab9,0x5fc5360d0400a0fd4f2af552add042d716f1d168,0,931540,9315,0x0000000000000000000000000000000000000000,78043557,2026-10-02T07:12:23Z,0x38efc534eb310f0bb57793153614413d2b54a3a53364b2cb7cbf2a7a7898e47c,78043557,2026-10-02T07:12:23Z,414486,-884925,884925,20327569694259095,20327569694259095,20.327609,20327609,theoretical_from_L_and_price,True,419175,428490,swap_no_boundary,,415453,True,1,2,2,2,0,10813466196951902675791321,2026-10-02T07:17:12Z,2026-10-02T07:22:15Z,pool_event_history_censored,2026-10-02T07:18:51Z
0xced29f2cb8db7d94a355460ca4a837b0b5016335d2a6bb83a624f4a04388b2d3,0xafdc93ae51e4d9640534f4e44789561c182cdab9,0x0000000000000000000000000000000000000000,0xafdc93ae51e4d9640534f4e44789561c182cdab9,0x0000000000000000000000000000000000000000,0,921010,9210,0x0000000000000000000000000000000000000000,78044599,2026-10-02T07:14:07Z,0x52f002f91527e0ca37ae3d3db7de50a3315ce98bc182a24e841baea3fbb9cb4b,78044599,2026-10-02T07:14:07Z,219745,-884160,884160,125508488473909101092,125508488473909101092,0.002124269542098122,2124269542098122,theoretical_from_L_and_price,True,221040,230250,swap_no_boundary,,219865,True,1,1,1,1,0,12796110860085742868173684,2026-10-02T07:17:28Z,2026-10-02T07:18:51Z,pool_event_history_censored,2026-10-02T07:18:51Z
0xd2b05cc8581cc6ea0e12a5579b9ad374b98c48e9cd1a4aba0b561c28f0810698,0x2342575bc8223960eb5ab28d8feada310de9dc0f,0x0000000000000000000000000000000000000000,0x2342575bc8223960eb5ab28d8feada310de9dc0f,0x0000000000000000000000000000000000000000,0,883131,200,0x0000000000000000000000000000000000000000,78049532,2026-10-02T07:22:28Z,0x316757f1c2a75042dc58bd2d81b4e973f898699bca2fbb6f2efcbab1bfb7220b,78049532,2026-10-02T07:22:28Z,196919,-887200,887200,22981853881626000339,22981853881626000339,0.001217699999999998,1217699999999998,theoretical_from_L_and_price,True,197000,197200,no_swap,,,True,0,0,0,0,0,0,,,cohort_bounded_60m,
0x5f9d2099f8035bf4e8f0e7e530ed85492e8a034d4a4972a327ab03b1d398f30e,0xafdc93ae51e4d9640534f4e44789561c182cdab9,0x5fc5360d0400a0fd4f2af552add042d716f1d168,0xafdc93ae51e4d9640534f4e44789561c182cdab9,0x5fc5360d0400a0fd4f2af552add042d716f1d168,0,770000,7700,0x0000000000000000000000000000000000000000,78054629,2026-10-02T07:31:08Z,0xea10bbe8d3432165c5d82692357cea1706804e4fd1cf8bf0b166da5e39cbc4cd,78054629,2026-10-02T07:31:08Z,434889,-885500,885500,427526673386629,427526673386629,0.154148,154148,theoretical_from_L_and_price,True,438900,446600,interior_crossed_end_token_only,78059689,887271,True,3,7,7,7,4146048,25809594035723272098581002,2026-10-02T07:37:04Z,2026-10-02T07:42:45Z,pool_event_history_censored,
0xcd36a89d975de11a16267f73b56d3ef003cb62c3019d81edfed60037cbe94581,0xafdc93ae51e4d9640534f4e44789561c182cdab9,0x5fc5360d0400a0fd4f2af552add042d716f1d168,0xafdc93ae51e4d9640534f4e44789561c182cdab9,0x5fc5360d0400a0fd4f2af552add042d716f1d168,0,880000,8800,0x0000000000000000000000000000000000000000,78056342,2026-10-02T07:34:03Z,0x1e607e5bf9c442212069819bfd7b6d677d32e853d3f18d98c95634da79633757,78056342,2026-10-02T07:34:03Z,414486,-61600,422400,14367337849561479,14367337849561479,4.694939,4694939,theoretical_from_L_and_price,True,422400,431200,interior_crossed_end_token_only,78059349,434096,False,2,5,6,6,146682,24034067821731986146560405,2026-10-02T07:36:32Z,2026-10-02T07:36:32Z,pool_event_history_censored,
0x35abddd047d04506b958033f74253120c1c0d9de147587b64be1d77d232aad23,0xafdc93ae51e4d9640534f4e44789561c182cdab9,0x0000000000000000000000000000000000000000,0xafdc93ae51e4d9640534f4e44789561c182cdab9,0x0000000000000000000000000000000000000000,0,700000,7000,0x0000000000000000000000000000000000000000,78058736,2026-10-02T07:38:06Z,0x078cbd57ba12ed90c16e8552e020cf20ad3da80fecf15ae610a7935e3bbb9ef3,78058736,2026-10-02T07:38:06Z,234987,-882000,882000,8710262337444954562,8710262337444954562,0.00006880317525408,68803175254080,theoretical_from_L_and_price,True,238000,245000,interior_crossed_end_quote_only,78059689,227236,True,9,12,19,19,41667639421728859,99901913308128389620485075,2026-10-02T07:48:22Z,,pool_event_history_censored,
0x26c97cf535f2a912a5d5d723db386dfbae9d6401f2ff003652e5a345b66a165a,0xafdc93ae51e4d9640534f4e44789561c182cdab9,0x5fc5360d0400a0fd4f2af552add042d716f1d168,0xafdc93ae51e4d9640534f4e44789561c182cdab9,0x5fc5360d0400a0fd4f2af552add042d716f1d168,0,980000,9800,0x0000000000000000000000000000000000000000,78059133,2026-10-02T07:38:46Z,0xde6971b94ba83df6de37949a01f6bd0adf769376cc6f621f7b7ce4550f74f02e,78059133,2026-10-02T07:38:46Z,414486,294000,411600,34550976630890985,34550976630890985,0,0,theoretical_from_L_and_price,True,421400,431200,no_swap,,,False,0,0,0,0,0,0,2026-10-02T07:41:47Z,2026-10-02T07:41:47Z,pool_event_history_censored,
0x7fd9f29f95275941fc5cce24f2cfb2c3e41e5b8037b9c8abb05f84a8b6003625,0xafdc93ae51e4d9640534f4e44789561c182cdab9,0x0000000000000000000000000000000000000000,0xafdc93ae51e4d9640534f4e44789561c182cdab9,0x0000000000000000000000000000000000000000,0,800000,8000,0x0000000000000000000000000000000000000000,78060762,2026-10-02T07:41:32Z,0xd2ef752c1acf15fec0f7e04fa832b2ed8c87d86d96f85fac50e2d39f85039cda,78060762,2026-10-02T07:41:32Z,234986,-880000,880000,17023526386740100517,17023526386740100517,0.000134477147325782,134477147325782,theoretical_from_L_and_price,True,240000,248000,swap_no_boundary,,231089,True,1,2,4,4,31014490179278534,0,2026-10-02T07:46:31Z,2026-10-02T08:11:07Z,pool_event_history_censored,
0x785b33d6936324adb6e40cb2ae73dcaa8cd7ca7c2b92335d0919c8dc59e3ee85,0xafdc93ae51e4d9640534f4e44789561c182cdab9,0x0000000000000000000000000000000000000000,0xafdc93ae51e4d9640534f4e44789561c182cdab9,0x0000000000000000000000000000000000000000,0,710000,7100,0x0000000000000000000000000000000000000000,78064552,2026-10-02T07:47:56Z,0x2c5cf692c9330b8bb6bafc305b19d3e3c07056caa4037b1ce2dda8b108817140,78064552,2026-10-02T07:47:56Z,210861,-106500,213000,412176694045819025638,412176694045819025638,0.001103232887291658,1103232887291658,theoretical_from_L_and_price,True,213000,220100,swap_no_boundary,,212999,False,2,2,2,2,0,6691869336172007826638836,2026-10-02T07:51:29Z,,pool_event_history_censored,
0x59fd998d411882732eb352f1295fc4a1361f0d483f3cea5a1299600bafb587dc,0x90f00f0d6e4f5c178f109ab85fd322c9b911984f,0x5fc5360d0400a0fd4f2af552add042d716f1d168,0x90f00f0d6e4f5c178f109ab85fd322c9b911984f,0x5fc5360d0400a0fd4f2af552add042d716f1d168,0,880000,8800,0x0000000000000000000000000000000000000000,78066443,2026-10-02T07:51:08Z,0x5c174dd7ca9c69d527f611dca78eae2f6e3251f81f8e99946fd5fd1a9449a6de,78066443,2026-10-02T07:51:08Z,377595,-880000,880000,109331346090704,109331346090704,0.691485,691485,theoretical_from_L_and_price,True,378400,387200,no_swap,,,True,0,0,0,0,0,0,,,pool_event_history_censored,
0x9af1f71b96fec459be6e78ff8f89e2e9a37eb0bb8d365a32f6087158897b28ba,0xfa66f480987d86d8688480207e7ee6590f8cc6bb,0x5fc5360d0400a0fd4f2af552add042d716f1d168,0xfa66f480987d86d8688480207e7ee6590f8cc6bb,0x5fc5360d0400a0fd4f2af552add042d716f1d168,0,990000,9900,0x0000000000000000000000000000000000000000,78068976,2026-10-02T07:55:27Z,0x34ecda8185dacdaa53e385c38b14843572a6f0e1493fc2126ddbd68e846584cc,78068976,2026-10-02T07:55:27Z,370539,-881100,881100,37019017149351,37019017149351,0.333176,333176,theoretical_from_L_and_price,True,376200,386100,no_swap,,,True,0,0,0,0,0,0,,,cohort_bounded_60m,
0x7655cb48bba43604db08da4991be0b7bb5f4ff6a3d60feaf57d53159cd149c87,0x388e8547eb322bd7a08109e40c7d1241a791390b,0x388e8547eb322bd7a08109e40c7d1241a791390b,0x5fc5360d0400a0fd4f2af552add042d716f1d168,0x5fc5360d0400a0fd4f2af552add042d716f1d168,1,860000,8600,0x0000000000000000000000000000000000000000,78070443,2026-10-02T07:57:55Z,0xebd9ce2cead3abf32a5aa8bfe48a232fcfe07e428aecd92a7910721464e694c1,78070443,2026-10-02T07:57:55Z,-369598,-369800,-361200,293176198906653,293176198906653,0.027791,27791,theoretical_from_L_and_price,True,-378400,-369800,no_swap,,,False,0,0,0,0,0,0,,,cohort_bounded_60m,
0x33f46202f5ad8c4437e918503426a92d9e4696fd2ba566eb28daec939edf9576,0x388e8547eb322bd7a08109e40c7d1241a791390b,0x388e8547eb322bd7a08109e40c7d1241a791390b,0x5fc5360d0400a0fd4f2af552add042d716f1d168,0x5fc5360d0400a0fd4f2af552add042d716f1d168,1,701300,7013,0x0000000000000000000000000000000000000000,78071384,2026-10-02T07:59:31Z,0x6120a47ccb3c65ebfc13090bf695a62a378c75e50600f09b6fcb308e30dd71bd,78071384,2026-10-02T07:59:31Z,-391460,-883638,883638,33695690028742,33695690028742,0.106549,106549,theoretical_from_L_and_price,True,-399741,-392728,swap_no_boundary,,-386099,True,0,1,1,1,109782,0,,,cohort_bounded_60m,
0x4744a233d6ddb37ec8a91477f4e0c219e3d3a0f581bcd9c9ff560451be6b64d6,0x40c5702aac759240592aec010c51964c9cafdfdc,0x40c5702aac759240592aec010c51964c9cafdfdc,0x5fc5360d0400a0fd4f2af552add042d716f1d168,0x5fc5360d0400a0fd4f2af552add042d716f1d168,1,990000,9900,0x0000000000000000000000000000000000000000,78071600,2026-10-02T07:59:53Z,0xc781956065105af830b6815c0f2a26f37a5a9e4cb3afb2265a4d584d34768baf,78071600,2026-10-02T07:59:53Z,-384040,-881100,881100,38285063424604,38285063424604,0.175437,175437,theoretical_from_L_and_price,True,-396000,-386100,no_swap,,,True,0,0,0,0,0,0,,,cohort_bounded_60m,
0x4795bf13a2a1682b2a6334e2913eceb3ccd356200edb4e1f7eabd8f8988904b2,0xafdc93ae51e4d9640534f4e44789561c182cdab9,0x5fc5360d0400a0fd4f2af552add042d716f1d168,0xafdc93ae51e4d9640534f4e44789561c182cdab9,0x5fc5360d0400a0fd4f2af552add042d716f1d168,0,900000,9000,0x0000000000000000000000000000000000000000,78075671,2026-10-02T08:06:45Z,0x6d3780c84959c12a7cb4a49074b13777ee13d0db74bc4d4cb26cc8e0be63d96b,78075671,2026-10-02T08:06:45Z,363731,-882000,882000,31621568754641,31621568754641,0.399999,399999,theoretical_from_L_and_price,True,369000,378000,interior_crossed_end_token_only,78075672,409150,True,1,1,1,1,0,217181154062843661246502,,,older_pool_history_missing_at_entry,
0x9b33ccf9308546759cd94ebbd1ec27943902110f75c03cc0b2c8d1815b43af6d,0xafdc93ae51e4d9640534f4e44789561c182cdab9,0x5fc5360d0400a0fd4f2af552add042d716f1d168,0xafdc93ae51e4d9640534f4e44789561c182cdab9,0x5fc5360d0400a0fd4f2af552add042d716f1d168,0,910000,9100,0x0000000000000000000000000000000000000000,78076301,2026-10-02T08:07:49Z,0x68362b501b87e93e16b610bd682e6fc725fe50c4f46c478966d7f73d8674f112,78076301,2026-10-02T08:07:49Z,431634,-882700,882700,544672137754614,544672137754614,0.231094,231094,theoretical_from_L_and_price,True,436800,445900,no_swap,,,True,0,0,0,0,0,0,,,older_pool_history_missing_at_entry,
0x55c0351ff2b44ad99a88a89695f7b5be87dba63b5f045196d2a172c222897dfe,0xfef370a7ee49ada9db325e74149dc88223bf8ab9,0x5fc5360d0400a0fd4f2af552add042d716f1d168,0xfef370a7ee49ada9db325e74149dc88223bf8ab9,0x5fc5360d0400a0fd4f2af552add042d716f1d168,0,700000,7000,0x0000000000000000000000000000000000000000,78076404,2026-10-02T08:07:59Z,0xa70b7f1660f23b6ff84f4305cfcca413089a6ee7af52a253336c49b13797a080,78076404,2026-10-02T08:07:59Z,363066,-882000,882000,47552917979620,47552917979620,0.62186,621860,theoretical_from_L_and_price,True,364000,371000,no_swap,,,True,0,0,0,0,0,0,,,cohort_bounded_60m,
0x4e08474ea9cc3f2095cb88f630da920da89e053c9d1ba69e14aa4325dc368617,0xa080ccbb6ab5d8dcc00163406d45da567fbdf55f,0x5fc5360d0400a0fd4f2af552add042d716f1d168,0xa080ccbb6ab5d8dcc00163406d45da567fbdf55f,0x5fc5360d0400a0fd4f2af552add042d716f1d168,0,880000,8800,0x0000000000000000000000000000000000000000,78078766,2026-10-02T08:11:57Z,0x84b1a2fac3c10b17746cfe4bcecf5a0f98d109aeeefa7b3d07bb06d703b24784,78078766,2026-10-02T08:11:57Z,253297,-880000,880000,63245476564,63245476564,0.199999,199999,theoretical_from_L_and_price,True,255200,264000,interior_crossed_end_token_only,78078768,371704,True,1,1,1,1,0,61907386279993857495,,,cohort_bounded_60m,
0x7e10198f7be9c1a213006b0f5edf2b35f3418a621f1673d849bd878feea5632e,0x0a8369c3f98934062d57039a246d58290f0ed2cc,0x0a8369c3f98934062d57039a246d58290f0ed2cc,0x5fc5360d0400a0fd4f2af552add042d716f1d168,0x5fc5360d0400a0fd4f2af552add042d716f1d168,1,900000,60,0x0000000000000000000000000000000000000000,78079892,2026-10-02T08:13:51Z,0xf92528a57894db1109f6c6c6dcc1e9cd246e14458b2b4e54253632d0e142d260,78079892,2026-10-02T08:13:51Z,-395218,-887220,887220,41643329092799,41643329092799,0.109127,109127,theoretical_from_L_and_price,True,-395280,-395220,no_swap,,,True,0,0,0,0,0,0,,,cohort_bounded_60m,
0x03dc0ae2eea8e9be1f223a4e7fcb15c19f74ea9e4e664e2236cd4c009f6c5c5c,0xa4ebb5dfb2e7fea086a098d2d48cc8a06fef5f5b,0x5fc5360d0400a0fd4f2af552add042d716f1d168,0xa4ebb5dfb2e7fea086a098d2d48cc8a06fef5f5b,0x5fc5360d0400a0fd4f2af552add042d716f1d168,0,960000,60,0x0000000000000000000000000000000000000000,78081516,2026-10-02T08:16:35Z,0xace912472bfe730e739c0a6f055b4128c1f4d71cce92f3c5c788d770c3c7c342,78081516,2026-10-02T08:16:35Z,426526,-887220,887220,95170750319150,95170750319150,0.052127,52127,theoretical_from_L_and_price,True,426540,426600,swap_no_boundary,,395703,True,1,1,1,2,4782187,0,2026-10-02T10:12:24Z,2026-10-02T10:12:24Z,cohort_bounded_60m,
0xc8e39f4aba2ec792f1fc6c7f0c86e34a33555fa36a443f24b84d77ad44951d7e,0x929502362401c3cfbf4be5006b8871b459df1d81,0x5fc5360d0400a0fd4f2af552add042d716f1d168,0x929502362401c3cfbf4be5006b8871b459df1d81,0x5fc5360d0400a0fd4f2af552add042d716f1d168,0,880000,8800,0x0000000000000000000000000000000000000000,78081581,2026-10-02T08:16:41Z,0xcfadc11190f753b014ae1226928024fc69c6b315486cd64da97bb94dff6c4ea4,78081581,2026-10-02T08:16:41Z,381903,-880000,880000,50246776969553,50246776969553,0.256214,256214,theoretical_from_L_and_price,True,387200,396000,swap_no_boundary,,355095,True,0,0,3,4,19722977,13486523820075062540891,,,cohort_bounded_60m,
0xb145832f413166d7e458c0a4b056c2345f0890b638da226100bc147ed2a8acec,0xafdc93ae51e4d9640534f4e44789561c182cdab9,0x5fc5360d0400a0fd4f2af552add042d716f1d168,0xafdc93ae51e4d9640534f4e44789561c182cdab9,0x5fc5360d0400a0fd4f2af552add042d716f1d168,0,900000,60,0x0000000000000000000000000000000000000000,78081619,2026-10-02T08:16:44Z,0xccc3d8bb1dabeb47fda88e0fbc85be5610a5a7363800b3241781a1f87690f4c0,78081619,2026-10-02T08:16:44Z,439744,-887220,887220,23970919886830,23970919886830,0.006779,6779,theoretical_from_L_and_price,True,439800,439860,no_swap,,,True,0,0,0,0,0,0,2026-10-02T08:24:47Z,2026-10-02T08:24:47Z,older_pool_history_missing_at_entry,
0xea4602f1a55affba937da1afcd928009310b0269704bb6dc3d1aa0393d44c7b7,0xa4ebb5dfb2e7fea086a098d2d48cc8a06fef5f5b,0x5fc5360d0400a0fd4f2af552add042d716f1d168,0xa4ebb5dfb2e7fea086a098d2d48cc8a06fef5f5b,0x5fc5360d0400a0fd4f2af552add042d716f1d168,0,750000,7500,0x0000000000000000000000000000000000000000,78083266,2026-10-02T08:19:35Z,0xd0985912f677a6d88dcbca577b744450fcf03a27564ae142ac7c9c7a9e1cfc24,78083266,2026-10-02T08:19:35Z,414486,-885000,885000,29287941927522,29287941927522,0.029287,29287,theoretical_from_L_and_price,True,420000,427500,interior_crossed_end_quote_only,78100388,406000,True,2,2,9,27,11732948,10370010403349920772630961,2026-10-02T08:23:36Z,,cohort_bounded_60m,
0x98e24cb393e2bab8610f44a8ee50a0af79884faa8f3aa20a94a4c01834d4f496,0xafdc93ae51e4d9640534f4e44789561c182cdab9,0x5fc5360d0400a0fd4f2af552add042d716f1d168,0xafdc93ae51e4d9640534f4e44789561c182cdab9,0x5fc5360d0400a0fd4f2af552add042d716f1d168,0,990000,9900,0x0000000000000000000000000000000000000000,78084887,2026-10-02T08:22:18Z,0xeb7814a67c64d0f57863bd475bf79a5b98c79ea1b81a5681d63fd5e8331eba52,78084887,2026-10-02T08:22:18Z,405322,346500,415800,5982854958083679,5982854958083679,3.857597,3857597,theoretical_from_L_and_price,True,405900,415800,no_swap,,,False,0,0,0,0,0,0,2026-10-02T08:24:09Z,2026-10-02T08:24:09Z,older_pool_history_missing_at_entry,
0x376b613773bc16d287d62a6184227ec1754fb0a630b169f290f3b709c064f867,0xafdc93ae51e4d9640534f4e44789561c182cdab9,0x5fc5360d0400a0fd4f2af552add042d716f1d168,0xafdc93ae51e4d9640534f4e44789561c182cdab9,0x5fc5360d0400a0fd4f2af552add042d716f1d168,0,901000,60,0x0000000000000000000000000000000000000000,78087316,2026-10-02T08:26:23Z,0x91b041cc19b68344bb901f2bc221b6bb8637f725092f707f76c74b2c6263a5ca,78087316,2026-10-02T08:26:23Z,446676,-887220,887220,18223955913484,18223955913484,0.003644,3644,theoretical_from_L_and_price,True,446700,446760,no_swap,,,True,0,0,0,0,0,0,2026-10-02T09:18:10Z,2026-10-02T09:18:10Z,older_pool_history_missing_at_entry,
0x0b9dea3a07e8df2f029d4d674dce2af591ced40258c2dce7c2c6eb99a09a5e31,0x9c57e13c4105c4f64ab4cb19ace21ec3b91ce635,0x0000000000000000000000000000000000000000,0x9c57e13c4105c4f64ab4cb19ace21ec3b91ce635,0x0000000000000000000000000000000000000000,0,790000,60,0x0000000000000000000000000000000000000000,78088819,2026-10-02T08:28:56Z,0xf36294d1a9e3330883bcb3e24c803f4d7573b5f0d631bd1a6c398981aba5990c,78088819,2026-10-02T08:28:56Z,195027,-887220,887220,686794966848324764,686794966848324764,0.000039999999999999,39999999999999,theoretical_from_L_and_price,True,195060,195120,no_swap,,,True,0,0,0,0,0,0,,,cohort_bounded_60m,
0x519c062b18417dbfde591d46f660a9dc44f5de9879e5b7f5936dff234cdf3f83,0xa50e42f68ad16ff3050d31a33279e7e0c204bfc9,0x5fc5360d0400a0fd4f2af552add042d716f1d168,0xa50e42f68ad16ff3050d31a33279e7e0c204bfc9,0x5fc5360d0400a0fd4f2af552add042d716f1d168,0,701300,7013,0x0000000000000000000000000000000000000000,78089129,2026-10-02T08:29:28Z,0x671b4c871a08fec64c5c7221c24ce3ec990c5ffb7b102da867b257d550040cba,78089129,2026-10-02T08:29:28Z,387404,-883638,883638,4505529256957,4505529256957,0.017449,17449,theoretical_from_L_and_price,True,392728,399741,no_swap,,,True,0,0,0,0,0,0,,,cohort_bounded_60m,
0xd84daafd899f70e0429af5d7b415975e12a49c8d10084f60eecdd1868282dfe4,0xafdc93ae51e4d9640534f4e44789561c182cdab9,0x5fc5360d0400a0fd4f2af552add042d716f1d168,0xafdc93ae51e4d9640534f4e44789561c182cdab9,0x5fc5360d0400a0fd4f2af552add042d716f1d168,0,991210,9912,0x0000000000000000000000000000000000000000,78089842,2026-10-02T08:30:38Z,0x6d58bd8ea0fba353135f127057a6df94f9f5ecc55f37432be68927d2339c8dbe,78089842,2026-10-02T08:30:38Z,414486,366744,416304,20226315721358715,20226315721358715,1.757403,1757403,theoretical_from_L_and_price,True,416304,426216,no_swap,,,False,0,0,0,0,0,0,2026-10-02T08:37:06Z,2026-10-02T08:37:06Z,older_pool_history_missing_at_entry,
0x5afb661c3e91c0b922a8eeb56c3290ce5253a0e83476f9190fd2210a64579c83,0x154b75024c4a8c33e5a42c1563b70f45b07c0996,0x154b75024c4a8c33e5a42c1563b70f45b07c0996,0x5fc5360d0400a0fd4f2af552add042d716f1d168,0x5fc5360d0400a0fd4f2af552add042d716f1d168,1,990100,9901,0x0000000000000000000000000000000000000000,78090383,2026-10-02T08:31:33Z,0x9ecf61e8a9cdbee4dd202811b8c808a0358d0082da99aeac0c9a87905ad18ea5,78090383,2026-10-02T08:31:33Z,-364114,-881189,881189,1136371816538,1136371816538,0.014101,14101,theoretical_from_L_and_price,True,-376238,-366337,no_swap,,,True,0,0,0,0,0,0,,,cohort_bounded_60m,
0x78c74967a05561087d319ee1a1f8927e4d6490989ed3e1f66305c225038d6c62,0xfeb3028cff4db33b16de7f2d3680ea8648b4629b,0x5fc5360d0400a0fd4f2af552add042d716f1d168,0xfeb3028cff4db33b16de7f2d3680ea8648b4629b,0x5fc5360d0400a0fd4f2af552add042d716f1d168,0,850000,60,0x0000000000000000000000000000000000000000,78092199,2026-10-02T08:34:37Z,0x549ed4fe155abd6efa3a46f575bc5ba0e552783ff59b03ae34d8c3a23dc3f8cc,78092199,2026-10-02T08:34:37Z,385448,-887220,887220,23630010957945,23630010957945,0.100919,100919,theoretical_from_L_and_price,True,385500,385560,interior_crossed_end_token_only,78102559,385657,True,0,0,1,1,0,388000000000000000000,,,cohort_bounded_60m,
0xe834c64424a2886d2a3d3fb0c7f76f0a621bc40469fa66e4b92c8d28998eff8e,0xafdc93ae51e4d9640534f4e44789561c182cdab9,0x5fc5360d0400a0fd4f2af552add042d716f1d168,0xafdc93ae51e4d9640534f4e44789561c182cdab9,0x5fc5360d0400a0fd4f2af552add042d716f1d168,0,871460,8715,0x0000000000000000000000000000000000000000,78093984,2026-10-02T08:37:37Z,0x5d85a1e0d88a3db4674ff37610cee8dbcf4cc994f8259ddab6cec6ac2ed0f2cd,78093984,2026-10-02T08:37:37Z,418540,-880215,880215,2926389793590292,2926389793590292,2.389493,2389493,theoretical_from_L_and_price,True,427035,435750,swap_no_boundary,,424227,True,0,0,2,3,0,9179796219132296612911880,2026-10-02T09:24:48Z,2026-10-02T09:24:48Z,older_pool_history_missing_at_entry,
0xc0b301df4a5f5ad0a8fc4db763735f2d6cd00f4261fb4c48498e34ff4084140f,0xab8e09eaa576a7db1dbe9cd1fb524298b82f49fe,0x0000000000000000000000000000000000000000,0xab8e09eaa576a7db1dbe9cd1fb524298b82f49fe,0x0000000000000000000000000000000000000000,0,790000,60,0x0000000000000000000000000000000000000000,78098352,2026-10-02T08:44:58Z,0x17e5db5397d2687d386b164b9a07a7e60d4169a4aaf0215a7c02ee4505b89b87,78098352,2026-10-02T08:44:58Z,195817,-887220,887220,714458529271982968,714458529271982968,0.000039999999999999,39999999999999,theoretical_from_L_and_price,True,195840,195900,swap_no_boundary,,173975,True,5,6,12,12,858542115976234,10123537626716477282811,,,cohort_bounded_60m,
0xfe92d4a4db895a2ede0f750cf6596f59f3e5a243a826e18c3ec1db38f587e0e6,0x388e8547eb322bd7a08109e40c7d1241a791390b,0x388e8547eb322bd7a08109e40c7d1241a791390b,0x5fc5360d0400a0fd4f2af552add042d716f1d168,0x5fc5360d0400a0fd4f2af552add042d716f1d168,1,988900,9889,0x0000000000000000000000000000000000000000,78098451,2026-10-02T08:45:08Z,0x33b946fad99d97336e020cf1466739368a630b54564260fa60bc373164ffbb1a,78098451,2026-10-02T08:45:08Z,-350682,-880121,880121,464138202927676,464138202927676,11.273665,11273665,theoretical_from_L_and_price,True,-365893,-356004,no_swap,,,True,0,0,0,0,0,0,,,cohort_bounded_60m,
0x5a3622151f924cfa1ba914202a1a32c53e5d8bb504fdbddf897fc505c340e8d1,0x7731f79d5fa8f5fa73a0566a9e96b5e86508aa06,0x5fc5360d0400a0fd4f2af552add042d716f1d168,0x7731f79d5fa8f5fa73a0566a9e96b5e86508aa06,0x5fc5360d0400a0fd4f2af552add042d716f1d168,0,990000,9900,0x0000000000000000000000000000000000000000,78102472,2026-10-02T08:51:54Z,0x340104f14c95ec5f4eb4079488a9cb5090c0d2677bfe7206d25a91a4ba1cc6e6,78102472,2026-10-02T08:51:54Z,368039,-881100,881100,26069154305631,26069154305631,0.265864,265864,theoretical_from_L_and_price,True,376200,386100,no_swap,,,True,0,0,0,0,0,0,,,cohort_bounded_60m,
0xdda5930410f27f31add9ec63c5a9ced118f7c7ac0431caac7934b49e38520397,0xa6d682332eb54c161c0d4a9d1d0822cd07b4a9f3,0x5fc5360d0400a0fd4f2af552add042d716f1d168,0xa6d682332eb54c161c0d4a9d1d0822cd07b4a9f3,0x5fc5360d0400a0fd4f2af552add042d716f1d168,0,900000,9000,0x0000000000000000000000000000000000000000,78109370,2026-10-02T09:03:33Z,0xa6f243b0e33613686d87663edf78fa991ca6374fc908aace150bc235c0e4376b,78109370,2026-10-02T09:03:33Z,387404,369000,378000,153939447909521797,153939447909521797,0,0,theoretical_from_L_and_price,True,396000,405000,no_swap,,,False,0,0,0,0,0,0,,,cohort_bounded_60m,
0xd2256c8d98f6c8c3850ab944919afebdbc262e5354ac45452acb6839db016e3a,0xb3d190087e16b8d49c906a27ee398bfe0f94338c,0x0000000000000000000000000000000000000000,0xb3d190087e16b8d49c906a27ee398bfe0f94338c,0x0000000000000000000000000000000000000000,0,883131,200,0x0000000000000000000000000000000000000000,78111017,2026-10-02T09:06:20Z,0x5182ecf3a567e187ad4c11d3c46615989dcf6f4c8801f8c1ea6df1d24de8973e,78111017,2026-10-02T09:06:20Z,183662,-887200,887200,11844788545354693188,11844788545354693188,0.001217699999999999,1217699999999999,theoretical_from_L_and_price,True,183800,184000,swap_no_boundary,,183611,True,2,2,2,2,26951708982205,0,2026-10-02T09:56:23Z,2026-10-02T09:56:23Z,cohort_bounded_60m,2026-10-02T09:56:23Z
0x5142fd42c41bbc81a33ca10f2f6b4b97bb19581175e260a273c6b171fee32640,0xc32ab2e562ade6fba6d3d1e3960d49b0957ef645,0x0000000000000000000000000000000000000000,0xc32ab2e562ade6fba6d3d1e3960d49b0957ef645,0x0000000000000000000000000000000000000000,0,790210,7902,0x0000000000000000000000000000000000000000,78113148,2026-10-02T09:09:56Z,0x1712826a193d4dcb26818d913ef11e46413b81f82659957354690040aac96f9a,78113148,2026-10-02T09:09:56Z,166607,-885024,885024,1956148881410883953,1956148881410883953,0.000471799794616867,471799794616867,theoretical_from_L_and_price,True,173844,181746,no_swap,,,True,0,0,0,0,0,0,,,cohort_bounded_60m,
0x7a6ec64dd2769a138759946b6da3c3bc397b471525b3c0ea7f081d5d56582197,0xb3d190087e16b8d49c906a27ee398bfe0f94338c,0x5fc5360d0400a0fd4f2af552add042d716f1d168,0xb3d190087e16b8d49c906a27ee398bfe0f94338c,0x5fc5360d0400a0fd4f2af552add042d716f1d168,0,900000,60,0x0000000000000000000000000000000000000000,78113470,2026-10-02T09:10:29Z,0x33caf6f99eb584d06007876ba5e5ba78f6fccdd44ec0433f6b52bd08cd07144e,78113470,2026-10-02T09:10:29Z,372351,-887220,375840,751618123087192,751618123087192,0.988872,988872,theoretical_from_L_and_price,True,372360,372420,no_swap,,,False,0,0,0,0,0,0,,,cohort_bounded_60m,2026-10-02T09:56:23Z
0x1ec2947abca55d4e51892579f5755d0d8e15a805cdcb639633c964449b7fe95d,0xb3d190087e16b8d49c906a27ee398bfe0f94338c,0x0000000000000000000000000000000000000000,0xb3d190087e16b8d49c906a27ee398bfe0f94338c,0x0000000000000000000000000000000000000000,0,810000,60,0x0000000000000000000000000000000000000000,78113499,2026-10-02T09:10:32Z,0x684aa14b0b1a5ae91612b10684daf5fbbe5d9d52e1f12c516b1f6ae732708339,78113499,2026-10-02T09:10:32Z,175325,-887220,178860,14260763447748727424,14260763447748727424,0.000360251532125078,360251532125078,theoretical_from_L_and_price,True,175380,175440,no_swap,,,False,0,0,0,0,0,0,,,cohort_bounded_60m,2026-10-02T09:56:23Z
0x12458812a234a76a2f8bc5634151c488edf16eff42de4dbda83ff6a9d5f1e007,0xb3d190087e16b8d49c906a27ee398bfe0f94338c,0x5fc5360d0400a0fd4f2af552add042d716f1d168,0xb3d190087e16b8d49c906a27ee398bfe0f94338c,0x5fc5360d0400a0fd4f2af552add042d716f1d168,0,700000,7000,0x0000000000000000000000000000000000000000,78113791,2026-10-02T09:11:02Z,0xc325da597a0b96053216a49851f2456613e611718e40844832ed663dcde6c645,78113791,2026-10-02T09:11:02Z,380811,-882000,882000,200059165166444,200059165166444,1.077372,1077372,theoretical_from_L_and_price,True,385000,392000,swap_no_boundary,,380150,True,0,2,2,5,120578,0,,,cohort_bounded_60m,2026-10-02T09:56:23Z
0x1512942949812ae39461159cf531350e92d322f87b7822b67c5621d608343a74,0x4712db6356784ad3b93c271e5f3caf0842cb0e31,0x0000000000000000000000000000000000000000,0x4712db6356784ad3b93c271e5f3caf0842cb0e31,0x0000000000000000000000000000000000000000,0,883131,200,0x0000000000000000000000000000000000000000,78122861,2026-10-02T09:26:17Z,0x52a486ef1f4b1f9013821a4b6fe0d03367185a9407dc11eba3fec5acb1025efb,78122861,2026-10-02T09:26:17Z,186240,-887200,887200,13474132403873309004,13474132403873309004,0.001217699999999999,1217699999999999,theoretical_from_L_and_price,True,186400,186600,no_swap,,,True,0,0,0,0,0,0,,,cohort_bounded_60m,
0x69e4a2abdcb18cfc7a4412f1853063fc834e3de08f444169547d171f9610e400,0x5c53c1dcc86286d78dd68b5c6bd995eac646338c,0x5c53c1dcc86286d78dd68b5c6bd995eac646338c,0x5fc5360d0400a0fd4f2af552add042d716f1d168,0x5fc5360d0400a0fd4f2af552add042d716f1d168,1,870000,60,0x0000000000000000000000000000000000000000,78122907,2026-10-02T09:26:22Z,0xcf7e8655404f305c03304bea3eca78eae3e816bda57a71561ca253a79c69da79,78122907,2026-10-02T09:26:22Z,-439243,-887220,887220,298935481154666,298935481154666,0.0867,86700,theoretical_from_L_and_price,True,-439320,-439260,swap_no_boundary,,-420993,True,0,0,1,1,995000,0,,,cohort_bounded_60m,
0x8164c0f812a13432615218501ac459f97c786a1db0354ec97c02df13e889676c,0x2746cba76c24bcf6150aa3f5e70853942be76209,0x0000000000000000000000000000000000000000,0x2746cba76c24bcf6150aa3f5e70853942be76209,0x0000000000000000000000000000000000000000,0,883131,200,0x0000000000000000000000000000000000000000,78124757,2026-10-02T09:29:28Z,0x44dd5df1a7796c499e01b33725fca809d35b438f8b3feccc506170b2c9278587,78124757,2026-10-02T09:29:28Z,195580,-887200,887200,21493011558172055930,21493011558172055930,0.001217699999999998,1217699999999998,theoretical_from_L_and_price,True,195600,195800,no_swap,,,True,0,0,0,0,0,0,,,cohort_bounded_60m,
0x91ba74610448cf6d5d64de0b7730db2e357c38e8f030cc430466a9e27965775d,0x23f2972ff81edf211862a6be30fc6ef47ddbe8fb,0x0000000000000000000000000000000000000000,0x23f2972ff81edf211862a6be30fc6ef47ddbe8fb,0x0000000000000000000000000000000000000000,0,883131,200,0x0000000000000000000000000000000000000000,78128309,2026-10-02T09:35:27Z,0xb912fc06df54fbaad3525085df1631d99adbf8b1316a32adffd4c0484b316e21,78128309,2026-10-02T09:35:27Z,197073,-887200,887200,23158788592290019444,23158788592290019444,0.001217699999999998,1217699999999998,theoretical_from_L_and_price,True,197200,197400,no_swap,,,True,0,0,0,0,0,0,,,cohort_bounded_60m,
0x6a500e4a214f456bc205dc54b2a0e1411b28016c0a38817018cacf07c7124d39,0xb4fd7fd387d44514e303db7c98fe77a4356c1f87,0x0000000000000000000000000000000000000000,0xb4fd7fd387d44514e303db7c98fe77a4356c1f87,0x0000000000000000000000000000000000000000,0,883131,200,0x0000000000000000000000000000000000000000,78131492,2026-10-02T09:40:47Z,0xc9aa0995e0ab6e221c7b69433cd5aec8142de06106d4f6d545a68ed01a2cba39,78131492,2026-10-02T09:40:47Z,193398,-887200,887200,19272325124994567346,19272325124994567346,0.001217699999999998,1217699999999998,theoretical_from_L_and_price,True,193400,193600,no_swap,,,True,0,0,0,0,0,0,,,cohort_bounded_60m,
0x1f914373eabf2acfe4149dc1666cc500d703d283b690469a8ffdd0e08911c4f4,0xebcc51bb67c4f42e86333d992358b3c2361ed5a6,0x0000000000000000000000000000000000000000,0xebcc51bb67c4f42e86333d992358b3c2361ed5a6,0x0000000000000000000000000000000000000000,0,790000,60,0x0000000000000000000000000000000000000000,78131587,2026-10-02T09:40:57Z,0x780851981a905c35a52a5b1176ff04fa6f0126aa9b13abc4f9187a31e89b266d,78131587,2026-10-02T09:40:57Z,193949,-887220,887220,650753867506407023,650753867506407023,0.000039999999999999,39999999999999,theoretical_from_L_and_price,True,193980,194040,no_swap,,,True,0,0,0,0,0,0,,,cohort_bounded_60m,
0xaac8cbc087293cf7f2a194779cfccf556c64744769a99e24b36c782fa772a33c,0x464a562b0abf1db15c9b00e093a1b9308ebe831f,0x0000000000000000000000000000000000000000,0x464a562b0abf1db15c9b00e093a1b9308ebe831f,0x0000000000000000000000000000000000000000,0,883131,200,0x0000000000000000000000000000000000000000,78134816,2026-10-02T09:46:23Z,0x989985dc6fc5f5eeca9f869b0e738007c17a31140706eb5a3ec0bf7659630724,78134816,2026-10-02T09:46:23Z,174345,-887200,887200,7433939612452938868,7433939612452938868,0.001217699999999999,1217699999999999,theoretical_from_L_and_price,True,174400,174600,no_swap,,,True,0,0,0,0,0,0,,,cohort_bounded_60m,
0x76d4010bb8b3ffa76c9f8a033496064f40b6238ec46766e7e04f36e62ce491a4,0x9e795209be691654fb908ab86b3a651551939e16,0x0000000000000000000000000000000000000000,0x9e795209be691654fb908ab86b3a651551939e16,0x0000000000000000000000000000000000000000,0,790000,60,0x0000000000000000000000000000000000000000,78136311,2026-10-02T09:48:53Z,0xa06d9b4ad7158e30cf16c938014ef59d4a391510aa2006c75702ba77ea42521a,78136311,2026-10-02T09:48:53Z,193677,-887220,887220,641960231180772676,641960231180772676,0.000039999999999999,39999999999999,theoretical_from_L_and_price,True,193680,193740,swap_no_boundary,,185377,True,2,3,3,3,97966492547688,0,,,cohort_bounded_60m,
0x16ce9ccbb2f6f306987459ded336cd3488f4e9d7d1fa5351f1a9333919afad58,0x9e795209be691654fb908ab86b3a651551939e16,0x5fc5360d0400a0fd4f2af552add042d716f1d168,0x9e795209be691654fb908ab86b3a651551939e16,0x5fc5360d0400a0fd4f2af552add042d716f1d168,0,890000,60,0x0000000000000000000000000000000000000000,78137842,2026-10-02T09:51:28Z,0x75e4195432c8b5b9db65f7100312c84bc638ffb659920887607b1e02d9e14377,78137842,2026-10-02T09:51:28Z,371341,-887220,374700,744361842117293,744361842117293,0.994756,994756,theoretical_from_L_and_price,True,371400,371460,no_swap,,,False,0,0,0,0,0,0,,,cohort_bounded_60m,
0x08c5c95bca10111247047e493979b00226c4f3d23d75ee631c5bd2591e7f514a,0x9e795209be691654fb908ab86b3a651551939e16,0x0000000000000000000000000000000000000000,0x9e795209be691654fb908ab86b3a651551939e16,0x0000000000000000000000000000000000000000,0,900000,60,0x0000000000000000000000000000000000000000,78137873,2026-10-02T09:51:31Z,0x57e3bb81f4cff0e212990fd6c6719d25e7d3f0ddb862ccc865c47daf809b3138,78137873,2026-10-02T09:51:31Z,174703,-887220,178260,13851930423953590413,13851930423953590413,0.000363044046802966,363044046802966,theoretical_from_L_and_price,True,174720,174780,no_swap,,,False,0,0,0,0,0,0,,,cohort_bounded_60m,
0x263b7a3eaa770154df766caf4dbba5ca6cf91d2f078852f2ff1de91cfbd6c8c3,0xd53587e4ec1c0b9c115589477c12ec9cd43b1d6c,0x5fc5360d0400a0fd4f2af552add042d716f1d168,0xd53587e4ec1c0b9c115589477c12ec9cd43b1d6c,0x5fc5360d0400a0fd4f2af552add042d716f1d168,0,989999,9900,0x0000000000000000000000000000000000000000,78139601,2026-10-02T09:54:24Z,0x6a9fb2a7996f8f14a627336b61d0d7a4182ff2e8e325eecbe933ad3d904892bb,78139601,2026-10-02T09:54:24Z,388835,-881100,881100,67271211646941,67271211646941,0.242552,242552,theoretical_from_L_and_price,True,396000,405900,no_swap,,,True,0,0,0,0,0,0,,,cohort_bounded_60m,
0x3f2aad4e14e59c36767cad3f2d40ade722982f7cf4b58bae6d161ea110529e06,0x438615091fd80271e7dd0c44fc6aea524edfe447,0x438615091fd80271e7dd0c44fc6aea524edfe447,0x5fc5360d0400a0fd4f2af552add042d716f1d168,0x5fc5360d0400a0fd4f2af552add042d716f1d168,1,989999,9900,0x0000000000000000000000000000000000000000,78140168,2026-10-02T09:55:22Z,0xaba5695d9b3ba51b0fa65d65f1d79e195fcb1a2a97bc36e89d3cb38a04e1ade9,78140168,2026-10-02T09:55:22Z,-398391,-881100,881100,77112254469602,77112254469602,0.172426,172426,theoretical_from_L_and_price,True,-415800,-405900,no_swap,,,True,0,0,0,0,0,0,,,cohort_bounded_60m,
0xf54033bb6e9d44c880993d8d6c23b04cb685b33ded39da64ee949f0f07059c2c,0x5c53c1dcc86286d78dd68b5c6bd995eac646338c,0x5c53c1dcc86286d78dd68b5c6bd995eac646338c,0x5fc5360d0400a0fd4f2af552add042d716f1d168,0x5fc5360d0400a0fd4f2af552add042d716f1d168,1,800000,8000,0x0000000000000000000000000000000000000000,78140470,2026-10-02T09:55:52Z,0x4410fec43addef7505f114642e8dced645e96b76426f749517c0f3c6aee6557d,78140470,2026-10-02T09:55:52Z,-430094,-880000,880000,282656650685843,282656650685843,0.129524,129524,theoretical_from_L_and_price,True,-440000,-432000,swap_no_boundary,,-423046,True,1,1,1,3,273612,0,,,cohort_bounded_60m,
0x3d784105f793b9b884f8cd07e1aadbb5abc3016e3ad3e0d85df52307fe4fdf70,0xbe5d432a0b30443987d261b664cc6bb8bccb80d6,0x5fc5360d0400a0fd4f2af552add042d716f1d168,0xbe5d432a0b30443987d261b664cc6bb8bccb80d6,0x5fc5360d0400a0fd4f2af552add042d716f1d168,0,989998,9900,0x0000000000000000000000000000000000000000,78141539,2026-10-02T09:57:40Z,0x6494f68e2df6ebafa22d763cdb7f0461e61d17efccc2df4d96a40a06a1b79083,78141539,2026-10-02T09:57:40Z,390505,-881100,881100,74278846016864,74278846016864,0.246365,246365,theoretical_from_L_and_price,True,396000,405900,swap_no_boundary,,389467,True,0,0,4,4,1313670,0,,,cohort_bounded_60m,
0xee95f906824b8ff29954bc6f6a9d1ebde67429bb62571507e808e4bc01c2f847,0x5c53c1dcc86286d78dd68b5c6bd995eac646338c,0x5c53c1dcc86286d78dd68b5c6bd995eac646338c,0x5fc5360d0400a0fd4f2af552add042d716f1d168,0x5fc5360d0400a0fd4f2af552add042d716f1d168,1,803150,8032,0x0000000000000000000000000000000000000000,78141850,2026-10-02T09:58:11Z,0x9f54037e922a70c1b0601d5220068f147d6022ed1ae828911086987e702f1bc9,78141850,2026-10-02T09:58:11Z,-415299,-883520,883520,979837940518913,979837940518913,0.940809,940809,theoretical_from_L_and_price,True,-425696,-417664,interior_crossed_end_mixed,78143536,-422936,True,1,1,2,4,0,2410450212058872225963599,,,cohort_bounded_60m,
0x0a6ea36cbed4b35193e8a89b9d6dc854f6c3d27a83de56f9dffdca3b2e41cbea,0x5a35875d5016ac064488a622f12981456bc4b337,0x5a35875d5016ac064488a622f12981456bc4b337,0x5fc5360d0400a0fd4f2af552add042d716f1d168,0x5fc5360d0400a0fd4f2af552add042d716f1d168,1,989999,9900,0x0000000000000000000000000000000000000000,78142124,2026-10-02T09:58:39Z,0xea57856be7b4bc61259b2a7c89a5343d4352951f0208c751bb3169d825c46583,78142124,2026-10-02T09:58:39Z,-398391,-881100,881100,84391602634342,84391602634342,0.188703,188703,theoretical_from_L_and_price,True,-415800,-405900,no_swap,,,True,0,0,0,0,0,0,,,cohort_bounded_60m,
0x5ec693ed93cfd8191ead206287c2300d4ac69fd95d6d3ad3299bbe6fb803ab7b,0x9c57e13c4105c4f64ab4cb19ace21ec3b91ce635,0x5fc5360d0400a0fd4f2af552add042d716f1d168,0x9c57e13c4105c4f64ab4cb19ace21ec3b91ce635,0x5fc5360d0400a0fd4f2af552add042d716f1d168,0,989998,9900,0x0000000000000000000000000000000000000000,78142656,2026-10-02T09:59:32Z,0xa49aacaeb819c1c936692ce7981491e5fc3abaa024fc256617b4882949467bcd,78142656,2026-10-02T09:59:32Z,386758,-881100,881100,47162193353759,47162193353759,0.188655,188655,theoretical_from_L_and_price,True,396000,405900,no_swap,,,True,0,0,0,0,0,0,,,pool_event_history_censored,
0x61c5c3022beb68adb5cf84a124c4af9bceb22c2c761796c1e34ede370a0d9f42,0x5c53c1dcc86286d78dd68b5c6bd995eac646338c,0x5c53c1dcc86286d78dd68b5c6bd995eac646338c,0x5fc5360d0400a0fd4f2af552add042d716f1d168,0x5fc5360d0400a0fd4f2af552add042d716f1d168,1,910000,9100,0x0000000000000000000000000000000000000000,78142970,2026-10-02T10:00:04Z,0x4fe7c9a0a1faf9ff32338e6ea5169eb248c26e1a9cce82edfe5f2bcdf6ff8422,78142970,2026-10-02T10:00:04Z,-384528,-882700,882700,32367676890523,32367676890523,0.144746,144746,theoretical_from_L_and_price,True,-400400,-391300,interior_crossed_end_token_only,78143536,-416205,True,1,1,1,4,0,311477560730289868638250,,,cohort_bounded_60m,
0x81764fe0d0155a9652a6ca82e649bcab236e1822b0812426728a289e5dc301f3,0x2f55b7520d54810bd6218dd6c4585f4be2409687,0x2f55b7520d54810bd6218dd6c4585f4be2409687,0x5fc5360d0400a0fd4f2af552add042d716f1d168,0x5fc5360d0400a0fd4f2af552add042d716f1d168,1,989998,9900,0x0000000000000000000000000000000000000000,78146468,2026-10-02T10:05:58Z,0x26168160e3ec2dfa4c24f02960916974dcbe32c738728ec755601fba737af27b,78146468,2026-10-02T10:05:58Z,-396568,-881100,881100,83522951158693,83522951158693,0.204583,204583,theoretical_from_L_and_price,True,-415800,-405900,swap_no_boundary,,-396564,True,0,0,2,6,4756,0,,,cohort_bounded_60m,
0x9cee3c6f9e8a6e6978660901b7ecac5861c54c160ce98b01b8e109ea0132b07f,0xbe5d432a0b30443987d261b664cc6bb8bccb80d6,0x0000000000000000000000000000000000000000,0xbe5d432a0b30443987d261b664cc6bb8bccb80d6,0x0000000000000000000000000000000000000000,0,790000,60,0x0000000000000000000000000000000000000000,78147052,2026-10-02T10:06:57Z,0x4b4217029887ded198f7f3129cb572326d761544c2771fd98a27b3c58660acc6,78147052,2026-10-02T10:06:57Z,195318,-887220,887220,696848656003928685,696848656003928685,0.000039999999999999,39999999999999,theoretical_from_L_and_price,True,195360,195420,no_swap,,,True,0,0,0,0,0,0,,,cohort_bounded_60m,
0x338a3184ecde299b8e430dd00a820b09bb8b5c9589c26020dba361e84b7c3050,0x5931e2d35ffa2178d7fc7d1a108d52b4681dd2f6,0x5931e2d35ffa2178d7fc7d1a108d52b4681dd2f6,0x5fc5360d0400a0fd4f2af552add042d716f1d168,0x5fc5360d0400a0fd4f2af552add042d716f1d168,1,989998,9900,0x0000000000000000000000000000000000000000,78147393,2026-10-02T10:07:32Z,0xc8af1e97dd8c13814f84be19b9a48e65b7f1d7b19facaaeebb41ce327add817b,78147393,2026-10-02T10:07:32Z,-403172,-881100,881100,109227728340344,109227728340344,0.192309,192309,theoretical_from_L_and_price,True,-415800,-405900,no_swap,,,True,0,0,0,0,0,0,,,cohort_bounded_60m,
0x189930934d67b5ad15014e5e0f819d2ca1ea862ced6e99a351bb44e3dbb9c562,0xe02724b1ceb5940c1171dc3dc8e3947750f19a12,0x5fc5360d0400a0fd4f2af552add042d716f1d168,0xe02724b1ceb5940c1171dc3dc8e3947750f19a12,0x5fc5360d0400a0fd4f2af552add042d716f1d168,0,989999,9900,0x0000000000000000000000000000000000000000,78148161,2026-10-02T10:08:49Z,0xe9db407c216c97807f9c3d807ea51da776f2ed6263fcbc4d2491bca653bee782,78148161,2026-10-02T10:08:49Z,405322,-881100,881100,111617049440427,111617049440427,0.176487,176487,theoretical_from_L_and_price,True,405900,415800,no_swap,,,True,0,0,0,0,0,0,,,cohort_bounded_60m,
0x7b6502964f347afeeb290d0ce98f4b13bdf8114b71badb451e0234a6f15ca33c,0x9e795209be691654fb908ab86b3a651551939e16,0x0000000000000000000000000000000000000000,0x9e795209be691654fb908ab86b3a651551939e16,0x0000000000000000000000000000000000000000,0,883131,200,0x0000000000000000000000000000000000000000,78148832,2026-10-02T10:09:57Z,0xb96f1a0cacde4e14b652fdc5fc9694899dee595e2db059c4c49ba9eb794c3ce4,78148832,2026-10-02T10:09:57Z,174637,-887200,887200,7543269461202882292,7543269461202882292,0.001217699999999999,1217699999999999,theoretical_from_L_and_price,True,174800,175000,no_swap,,,True,0,0,0,0,0,0,,,cohort_bounded_60m,
0xf44fa71716b736d1a0279f80ae7b985afca7b0c11b68b6be08e417f3d75896ac,0x90f00f0d6e4f5c178f109ab85fd322c9b911984f,0x5fc5360d0400a0fd4f2af552add042d716f1d168,0x90f00f0d6e4f5c178f109ab85fd322c9b911984f,0x5fc5360d0400a0fd4f2af552add042d716f1d168,0,989998,9900,0x0000000000000000000000000000000000000000,78149623,2026-10-02T10:11:17Z,0x043941a04afa5292b01b69524ddeaea1cba096fc3fa3829754588c7364f16487,78149623,2026-10-02T10:11:17Z,393690,-881100,881100,66490489371266,66490489371266,0.188068,188068,theoretical_from_L_and_price,True,396000,405900,no_swap,,,True,0,0,0,0,0,0,,,older_pool_history_missing_at_entry,
0xe3a542260c9e8e14ad8e716bcd00e8c58c039c3448fe5a1b5809dd2b1e31462f,0x6fd1b78f7e409a978c0507b6f7eb6cad22ec3ba3,0x5fc5360d0400a0fd4f2af552add042d716f1d168,0x6fd1b78f7e409a978c0507b6f7eb6cad22ec3ba3,0x5fc5360d0400a0fd4f2af552add042d716f1d168,0,989998,9900,0x0000000000000000000000000000000000000000,78150626,2026-10-02T10:12:58Z,0x18b79355d69356d15e27057ce4df76418e053534ad289e5e255c43f1b6820e70,78150626,2026-10-02T10:12:58Z,434148,-881100,881100,508776033328319,508776033328319,0.190367,190367,theoretical_from_L_and_price,True,435600,445500,no_swap,,,True,0,0,0,0,0,0,,,cohort_bounded_60m,
0x80051feba6a932438188d0e075cde80ae41395900d96efb99fd980b72d64e4cc,0xa4ebb5dfb2e7fea086a098d2d48cc8a06fef5f5b,0x5fc5360d0400a0fd4f2af552add042d716f1d168,0xa4ebb5dfb2e7fea086a098d2d48cc8a06fef5f5b,0x5fc5360d0400a0fd4f2af552add042d716f1d168,0,950000,60,0x0000000000000000000000000000000000000000,78152900,2026-10-02T10:16:48Z,0xf268840942cf359098b8f113fa424ad7ef79d18f98efb3990e8685ac77cf2273,78152900,2026-10-02T10:16:48Z,430581,-887220,887220,85336042710418,85336042710418,0.038163,38163,theoretical_from_L_and_price,True,430620,430680,swap_no_boundary,,429539,True,6,11,23,24,92104343,0,2026-10-02T11:59:08Z,2026-10-02T11:59:08Z,older_pool_history_missing_at_entry,
0x8491fcd7ab5faf3ee7fe35d99fbc955efa3f044637a621d05e5e87bbf73f09c6,0x1e8c635289d9e11c7c3f12f35a6ecb709cf3f88a,0x1e8c635289d9e11c7c3f12f35a6ecb709cf3f88a,0x5fc5360d0400a0fd4f2af552add042d716f1d168,0x5fc5360d0400a0fd4f2af552add042d716f1d168,1,830000,60,0x0000000000000000000000000000000000000000,78155911,2026-10-02T10:21:52Z,0xc1b01ee6f4bae383ae3cdc8bcd2f9263c2d47d3f3de25c57194a78c06a43b169,78155911,2026-10-02T10:21:52Z,-373102,-376740,887220,757150480505348,757150480505348,0.997043,997043,theoretical_from_L_and_price,True,-373200,-373140,swap_no_boundary,,-373029,False,1,1,1,1,129665,0,,,cohort_bounded_60m,
0xf62c3aa72d3348e3af3d2b84230b8cffda8737c1e6f0324b832083a3395b3b32,0x1e8c635289d9e11c7c3f12f35a6ecb709cf3f88a,0x0000000000000000000000000000000000000000,0x1e8c635289d9e11c7c3f12f35a6ecb709cf3f88a,0x0000000000000000000000000000000000000000,0,880000,60,0x0000000000000000000000000000000000000000,78155942,2026-10-02T10:21:55Z,0xae6ab2c011f588bc8d94ebd12ec7e9e1457a8776977cdf494a086471eca3aea7,78155942,2026-10-02T10:21:55Z,175898,-887220,179520,14493947554005217760,14493947554005217760,0.000363846079935835,363846079935835,theoretical_from_L_and_price,True,175920,175980,no_swap,,,False,0,0,0,0,0,0,,,cohort_bounded_60m,
0x7ee3383369c7d431b7c0430dc2c5dc258a6431e33a35e9629cf01e89f0341d8a,0xbe5d432a0b30443987d261b664cc6bb8bccb80d6,0x0000000000000000000000000000000000000000,0xbe5d432a0b30443987d261b664cc6bb8bccb80d6,0x0000000000000000000000000000000000000000,0,883131,200,0x0000000000000000000000000000000000000000,78158870,2026-10-02T10:26:51Z,0x5e3cb6e1b4c19ad605f44d4e550825d08962de123db1a6bb4e0f76a2829e9834,78158870,2026-10-02T10:26:51Z,180495,-887200,887200,10110063849426446705,10110063849426446705,0.001217699999999999,1217699999999999,theoretical_from_L_and_price,True,180600,180800,no_swap,,,True,0,0,0,0,0,0,,,cohort_bounded_60m,
0x2179a2a6647378f0a663b5eb048ce84da88b4318e7630049e6d37a67d45e8530,0x0bd51c7989b10ddd85b53d70fd88731b0001ff6c,0x0bd51c7989b10ddd85b53d70fd88731b0001ff6c,0x5fc5360d0400a0fd4f2af552add042d716f1d168,0x5fc5360d0400a0fd4f2af552add042d716f1d168,1,989998,9900,0x0000000000000000000000000000000000000000,78159640,2026-10-02T10:28:10Z,0x3727c9407995de21a0ecced5bafb81b994362ca253bc1c7a6a866e1a2acea535,78159640,2026-10-02T10:28:10Z,-399445,-881100,881100,110946808858530,110946808858530,0.235347,235347,theoretical_from_L_and_price,True,-415800,-405900,no_swap,,,True,0,0,0,0,0,0,,,cohort_bounded_60m,
0xd44f99d8d3323646ebc5e2f38f9283878023ce2341ecb8d9349cfcbb13ec9981,0x38ec66ad521420024b200179a9d99009b4b8cee6,0x38ec66ad521420024b200179a9d99009b4b8cee6,0x5fc5360d0400a0fd4f2af552add042d716f1d168,0x5fc5360d0400a0fd4f2af552add042d716f1d168,1,989999,9900,0x0000000000000000000000000000000000000000,78162036,2026-10-02T10:32:12Z,0xcb4db9d0c299aee9285d1414090dad98cc8d672d304384e86d939a1cf18fe8db,78162036,2026-10-02T10:32:12Z,-400135,-881100,881100,102873293196983,102873293196983,0.210821,210821,theoretical_from_L_and_price,True,-415800,-405900,no_swap,,,True,0,0,0,0,0,0,,,cohort_bounded_60m,
0x59c63e8cfffdf348cd9e48eb728b6e0004ef711c40e21b488e5dba98d380eef1,0xa5c267aa818f512952c43d5f84b71d5840775984,0x5fc5360d0400a0fd4f2af552add042d716f1d168,0xa5c267aa818f512952c43d5f84b71d5840775984,0x5fc5360d0400a0fd4f2af552add042d716f1d168,0,989998,9900,0x0000000000000000000000000000000000000000,78163166,2026-10-02T10:34:07Z,0x2b790622a8601bf34bda23ae694049be03db12281e547bafd17b356edcb75940,78163166,2026-10-02T10:34:07Z,404930,-881100,881100,61002018592789,61002018592789,0.098364,98364,theoretical_from_L_and_price,True,405900,415800,no_swap,,,True,0,0,0,0,0,0,,,cohort_bounded_60m,
0xc3101616a6fae9d8bb2cefc4edc2a00b1ad63bc33f25cefca479f6b430a75ce3,0x388e8547eb322bd7a08109e40c7d1241a791390b,0x388e8547eb322bd7a08109e40c7d1241a791390b,0x5fc5360d0400a0fd4f2af552add042d716f1d168,0x5fc5360d0400a0fd4f2af552add042d716f1d168,1,701590,7016,0x0000000000000000000000000000000000000000,78166199,2026-10-02T10:39:13Z,0xdb9c47a3d586dc10b3b6778e8fd4c3d187cf8d9439d64e0392dd664ce8caa9e1,78166199,2026-10-02T10:39:13Z,-368333,-884016,884016,454629413214324,454629413214324,4.56886,4568860,theoretical_from_L_and_price,True,-378864,-371848,no_swap,,,True,0,0,0,0,0,0,,,older_pool_history_missing_at_entry,
0x958081ee004d71af12ec4564dcc16a3deeac7ed2b496c79bd8aba29b55bea99e,0x93c9c43bb887958c4caa35c2ea9fc626332cc97c,0x5fc5360d0400a0fd4f2af552add042d716f1d168,0x93c9c43bb887958c4caa35c2ea9fc626332cc97c,0x5fc5360d0400a0fd4f2af552add042d716f1d168,0,830000,60,0x0000000000000000000000000000000000000000,78170295,2026-10-02T10:46:06Z,0x08eace795835955cb44ba5d325eb165a14318503f3e9decb42bf61e3b99a6d45,78170295,2026-10-02T10:46:06Z,372788,-887220,376620,707780583078970,707780583078970,0.992461,992461,theoretical_from_L_and_price,True,372840,372900,swap_no_boundary,,372055,False,0,0,1,9,1250498,0,,,cohort_bounded_60m,
0x0d9a612dd51cd3d7c53d58a3544cd82767e8086b6ede93fba994c0c95b235bea,0x93c9c43bb887958c4caa35c2ea9fc626332cc97c,0x0000000000000000000000000000000000000000,0x93c9c43bb887958c4caa35c2ea9fc626332cc97c,0x0000000000000000000000000000000000000000,0,880000,60,0x0000000000000000000000000000000000000000,78170328,2026-10-02T10:46:09Z,0xb44fc0e65d501899f4215ebf41050dfa63308c56313fa0e3b92758c8bc2ae232,78170328,2026-10-02T10:46:09Z,175181,-887220,178800,13825159027274805961,13825159027274805961,0.00035948546068971,359485460689710,theoretical_from_L_and_price,True,175200,175260,no_swap,,,False,0,0,0,7,0,0,,,cohort_bounded_60m,
0x504fcc1473e257d09f6827551307c303baf3b681f1f5d830dae7ecd80fc8828a,0x93c9c43bb887958c4caa35c2ea9fc626332cc97c,0x5fc5360d0400a0fd4f2af552add042d716f1d168,0x93c9c43bb887958c4caa35c2ea9fc626332cc97c,0x5fc5360d0400a0fd4f2af552add042d716f1d168,0,880000,8800,0x0000000000000000000000000000000000000000,78174711,2026-10-02T10:53:32Z,0x9429dfc87db1dc4e0626797d154f321c5361dcdc6e79e5083ad3cd53122fe619,78174711,2026-10-02T10:53:32Z,372587,-880000,880000,21270648601379,21270648601379,0.172806,172806,theoretical_from_L_and_price,True,378400,387200,no_swap,,,True,0,0,0,5,0,0,,,cohort_bounded_60m,
0xa853a3a86906deca792916233c6f287f6ce73f97b7a2ddaa5ece8d98a0aaa5ab,0x1a71366176f6118889c4150228950545fe44c0a7,0x1a71366176f6118889c4150228950545fe44c0a7,0x5fc5360d0400a0fd4f2af552add042d716f1d168,0x5fc5360d0400a0fd4f2af552add042d716f1d168,1,820000,8200,0x0000000000000000000000000000000000000000,78175269,2026-10-02T10:54:29Z,0x37dc36fa2f4fb98732713643732e60ccddb206db6c4a02432e30cefe1e223561,78175269,2026-10-02T10:54:29Z,-369486,-885600,885600,357775254312499,357775254312499,3.394101,3394101,theoretical_from_L_and_price,True,-385400,-377200,no_swap,,,True,0,0,0,0,0,0,2026-10-02T11:05:37Z,2026-10-02T11:05:37Z,cohort_bounded_60m,2026-10-02T11:05:37Z
0x42f9397039db4fa129d7b1727a2ffad78eba74d9ade35733187ec50888eed927,0xda07c9b02b9dcd43ff8736fd72759928acc8d2cf,0x5fc5360d0400a0fd4f2af552add042d716f1d168,0xda07c9b02b9dcd43ff8736fd72759928acc8d2cf,0x5fc5360d0400a0fd4f2af552add042d716f1d168,0,989999,9900,0x0000000000000000000000000000000000000000,78182259,2026-10-02T11:06:17Z,0x9b915f882b3278c3e2d88e46c164f653b947a7363d253ae26230fceb897b5d49,78182259,2026-10-02T11:06:17Z,403171,-881100,881100,105716886290398,105716886290398,0.186137,186137,theoretical_from_L_and_price,True,405900,415800,no_swap,,,True,0,0,0,0,0,0,,,cohort_bounded_60m,
0x9a07add3c545e90cf513cfea052934a9e9cd35c201ffca4cf1e4b9559c7068db,0x4e3f9a3c4ccefdf9a8e2bec16083d9e755f7ea83,0x4e3f9a3c4ccefdf9a8e2bec16083d9e755f7ea83,0x5fc5360d0400a0fd4f2af552add042d716f1d168,0x5fc5360d0400a0fd4f2af552add042d716f1d168,1,860000,60,0x0000000000000000000000000000000000000000,78183848,2026-10-02T11:08:59Z,0xcb7406f7c0643c6207ff0f3cdfa9c2d6092f910bca75da451822e159a6b3909a,78183848,2026-10-02T11:08:59Z,-403743,-887220,887220,64434047118978,64434047118978,0.110254,110254,theoretical_from_L_and_price,True,-403860,-403800,no_swap,,,True,0,0,0,0,0,0,,,cohort_bounded_60m,
0x0a22bb1c8f6f68977672406298e5326828f4f5f54c8024471e34c6a2b0001d07,0xbe5d432a0b30443987d261b664cc6bb8bccb80d6,0x5fc5360d0400a0fd4f2af552add042d716f1d168,0xbe5d432a0b30443987d261b664cc6bb8bccb80d6,0x5fc5360d0400a0fd4f2af552add042d716f1d168,0,850000,60,0x0000000000000000000000000000000000000000,78184346,2026-10-02T11:09:48Z,0x6dc64f336ea888ef409957b12425d9812cfe7811f0d76d76e31555318eaf113e,78184346,2026-10-02T11:09:48Z,375623,-887220,380340,677858471477734,677858471477734,0.993818,993818,theoretical_from_L_and_price,True,375660,375720,no_swap,,,False,0,0,0,0,0,0,,,pool_event_history_censored,
0x45e7cf827c94dcde8d5317befae28dd2cba2d5a6e51874c5e128232eaf5e05a3,0xbe5d432a0b30443987d261b664cc6bb8bccb80d6,0x0000000000000000000000000000000000000000,0xbe5d432a0b30443987d261b664cc6bb8bccb80d6,0x0000000000000000000000000000000000000000,0,900000,60,0x0000000000000000000000000000000000000000,78184378,2026-10-02T11:09:52Z,0x603e7dfe9cb41dc1db246817a6e661d00ce11ae60770b65f13e019705d4643a9,78184378,2026-10-02T11:09:52Z,178314,-887220,182940,13045334397875930252,13045334397875930252,0.00036182920846657,361829208466570,theoretical_from_L_and_price,True,178320,178380,no_swap,,,False,0,0,0,0,0,0,,,pool_event_history_censored,
0x1084ac93bb48ed7adce7d03290456520c8417df87ddc439ce145ce43976416d4,0xbe5d432a0b30443987d261b664cc6bb8bccb80d6,0x5fc5360d0400a0fd4f2af552add042d716f1d168,0xbe5d432a0b30443987d261b664cc6bb8bccb80d6,0x5fc5360d0400a0fd4f2af552add042d716f1d168,0,770000,7700,0x0000000000000000000000000000000000000000,78187902,2026-10-02T11:15:48Z,0x32fd8461d7c168b74945ee4a1cd4ae4de8b4a1ad6fbd627b9cd4f8280ca295f0,78187902,2026-10-02T11:15:48Z,374410,-885500,885500,37871843899225,37871843899225,0.280874,280874,theoretical_from_L_and_price,True,377300,385000,no_swap,,,True,0,0,0,0,0,0,,,pool_event_history_censored,
0x492778dcd2d236bfc77d56258d6ae35b5a0c017e2376aac3eb1f6f1ed5d2178d,0xf54ffdc4e4f1c3f2284f8e01f1ef469076ffe5ac,0x5fc5360d0400a0fd4f2af552add042d716f1d168,0xf54ffdc4e4f1c3f2284f8e01f1ef469076ffe5ac,0x5fc5360d0400a0fd4f2af552add042d716f1d168,0,989999,9900,0x0000000000000000000000000000000000000000,78193152,2026-10-02T11:24:39Z,0xa4480776626e25dba5ef5f5d7b07a6ff4361e001823af25d69af6647f13abd6f,78193152,2026-10-02T11:24:39Z,392512,-881100,881100,65782713166323,65782713166323,0.197354,197354,theoretical_from_L_and_price,True,396000,405900,swap_no_boundary,,392499,True,1,1,1,1,12131,0,,,cohort_bounded_60m,
0x12f9d161b4b7d45537fd153ce01d1f5a4b9732dd72b70bc22be4abf8aae72401,0xf5f32a79d1d8035c5335f532d8cfd73109bb29cf,0x5fc5360d0400a0fd4f2af552add042d716f1d168,0xf5f32a79d1d8035c5335f532d8cfd73109bb29cf,0x5fc5360d0400a0fd4f2af552add042d716f1d168,0,989998,9900,0x0000000000000000000000000000000000000000,78194932,2026-10-02T11:27:40Z,0x9b1fb6e9ad539b95a37da265d8eecfbcf4ffd27d9be36b65f99fec129edc09ec,78194932,2026-10-02T11:27:40Z,405322,-881100,881100,114373830176289,114373830176289,0.180846,180846,theoretical_from_L_and_price,True,405900,415800,no_swap,,,True,0,0,0,0,0,0,,,cohort_bounded_60m,
0x36d9ab0b66463640520715ecb4fb2a979f05c50267605d26ae790a58dcd2c615,0x9db1dcdcdfd466a87cd221ed4572d75c2558ad5f,0x5fc5360d0400a0fd4f2af552add042d716f1d168,0x9db1dcdcdfd466a87cd221ed4572d75c2558ad5f,0x5fc5360d0400a0fd4f2af552add042d716f1d168,0,880000,8800,0x0000000000000000000000000000000000000000,78195324,2026-10-02T11:28:20Z,0x6ad6cd864ad2e37b7774fefa36d1111cd9320d0c71ee64ea24bfcfa9a24b0d11,78195324,2026-10-02T11:28:20Z,373375,-880000,880000,35064261489775,35064261489775,0.273863,273863,theoretical_from_L_and_price,True,378400,387200,no_swap,,,True,0,0,0,0,0,0,,,cohort_bounded_60m,
0xa9554463a5fc126ac87c9625b6e31d2506e263efdbf5fb013462493b581014c5,0x93c9c43bb887958c4caa35c2ea9fc626332cc97c,0x0000000000000000000000000000000000000000,0x93c9c43bb887958c4caa35c2ea9fc626332cc97c,0x0000000000000000000000000000000000000000,0,883131,200,0x0000000000000000000000000000000000000000,78198807,2026-10-02T11:34:12Z,0xc960851a3699d9506bd2c9b0453005d81e4e220524d52a8fd4fa6393603f76f6,78198807,2026-10-02T11:34:12Z,161841,-887200,887200,3978357620021051941,3978357620021051941,0.001217699999999999,1217699999999999,theoretical_from_L_and_price,True,162000,162200,no_swap,,,True,0,0,0,0,0,0,,,cohort_bounded_60m,
0xd0a19ca871ec7aefad3e3f93be07993d21f1d0645d95bbe9ce8dcedb436b46b3,0x0973133ec924458c5713df68b0ea79ffc4a1695b,0x0000000000000000000000000000000000000000,0x0973133ec924458c5713df68b0ea79ffc4a1695b,0x0000000000000000000000000000000000000000,0,883131,200,0x0000000000000000000000000000000000000000,78200247,2026-10-02T11:36:37Z,0x9966744eade546117cf76ed98a5b2e7dffe2070041301c2bbbbb0401b48b79c9,78200247,2026-10-02T11:36:37Z,199188,-887200,887200,25742712865122478152,25742712865122478152,0.001217699999999998,1217699999999998,theoretical_from_L_and_price,True,199200,199400,no_swap,,,True,0,0,0,0,0,0,,,cohort_bounded_60m,
0x5c513a1a7f7d44f287db3d2aad3db75196e0510f5a0ff2e90209319029b98769,0xc48e93b1098a49fcc71f40e24a9c35c2029bdeeb,0x5fc5360d0400a0fd4f2af552add042d716f1d168,0xc48e93b1098a49fcc71f40e24a9c35c2029bdeeb,0x5fc5360d0400a0fd4f2af552add042d716f1d168,0,989998,9900,0x0000000000000000000000000000000000000000,78201183,2026-10-02T11:38:12Z,0x76fcf58b5f618a986eb8d41078a0f7a7efdfaebeb67eb15297677d016f8f4bb0,78201183,2026-10-02T11:38:12Z,398390,-881100,881100,57140719314739,57140719314739,0.127775,127775,theoretical_from_L_and_price,True,405900,415800,no_swap,,,True,0,0,0,0,0,0,,,cohort_bounded_60m,
0x17a2ca5456f37995fe25398d38a64e21169e7a96730b74c3316370fe1f68b0e3,0xe0b0fca33fb8aa320a8aa545ee7bc1e52d78c501,0x5fc5360d0400a0fd4f2af552add042d716f1d168,0xe0b0fca33fb8aa320a8aa545ee7bc1e52d78c501,0x5fc5360d0400a0fd4f2af552add042d716f1d168,0,830000,60,0x0000000000000000000000000000000000000000,78201874,2026-10-02T11:39:22Z,0x88d16496a1cd10fc06de994dd6dbc235a55cc1314fef372eeedd356e3cc19aee,78201874,2026-10-02T11:39:22Z,403791,-887220,887220,64592136178105,64592136178105,0.110254,110254,theoretical_from_L_and_price,True,403800,403860,no_swap,,,True,0,0,0,0,0,0,,,cohort_bounded_60m,
0xc9c4cc6ddac867bf5ac2b0cf844c2915f25851712ba73e9434da96c5bbbfef59,0x65441dfc692abd6cda70b88ff1617514567b9071,0x5fc5360d0400a0fd4f2af552add042d716f1d168,0x65441dfc692abd6cda70b88ff1617514567b9071,0x5fc5360d0400a0fd4f2af552add042d716f1d168,0,989999,9900,0x0000000000000000000000000000000000000000,78202228,2026-10-02T11:39:58Z,0xf60960acd7405900e6527874db43412b75cf02a158a4b2f6d4cd7f2cda8c3c62,78202228,2026-10-02T11:39:58Z,407554,-881100,881100,21765213026721,21765213026721,0.03078,30780,theoretical_from_L_and_price,True,415800,425700,no_swap,,,True,0,0,0,0,0,0,,,cohort_bounded_60m,
0xf37a56d24b98c793f2e560b8f117232224aa258533ad91853a80a515b59f5c34,0xd362eb6cc4dd82fd5454f7f8bfdefb5941227089,0x5fc5360d0400a0fd4f2af552add042d716f1d168,0xd362eb6cc4dd82fd5454f7f8bfdefb5941227089,0x5fc5360d0400a0fd4f2af552add042d716f1d168,0,989999,9900,0x0000000000000000000000000000000000000000,78202536,2026-10-02T11:40:29Z,0xedec4788f82db8d08e6ee15df3d807c2a09f2a36ae6fd948d114f3e7f6f5ef8c,78202536,2026-10-02T11:40:29Z,407554,-881100,881100,66249515574528,66249515574528,0.093691,93691,theoretical_from_L_and_price,True,415800,425700,no_swap,,,True,0,0,0,0,0,0,,,older_pool_history_missing_at_entry,
0xcac0037eb9f3c81a76caf5509cb817822c1ad884b92de70f7f8d81089daaf098,0x1c207d207a451a76c99b58121c02fa561a8275d3,0x1c207d207a451a76c99b58121c02fa561a8275d3,0x5fc5360d0400a0fd4f2af552add042d716f1d168,0x5fc5360d0400a0fd4f2af552add042d716f1d168,1,989999,9900,0x0000000000000000000000000000000000000000,78202821,2026-10-02T11:40:58Z,0x07127acfbd33e51386b5f9639d33fc80cdca26b970c668087eae95b1cb2b4c53,78202821,2026-10-02T11:40:58Z,-403500,-881100,881100,43309568021817,43309568021817,0.075011,75011,theoretical_from_L_and_price,True,-415800,-405900,no_swap,,,True,0,0,0,0,0,0,,,cohort_bounded_60m,
0x244d3b9602896a5df676ed928b5a9e16f54fd4a673880676e337ac8e4ca1f7eb,0x3d7321591f9c41559461ec2b31f8d4259d45a1ff,0x3d7321591f9c41559461ec2b31f8d4259d45a1ff,0x5fc5360d0400a0fd4f2af552add042d716f1d168,0x5fc5360d0400a0fd4f2af552add042d716f1d168,1,989999,9900,0x0000000000000000000000000000000000000000,78203125,2026-10-02T11:41:29Z,0x0ee7aa580dfda979a04c800a5eaee7c0c324ce339016e9ef19121519a5701285,78203125,2026-10-02T11:41:29Z,-403500,-881100,881100,44762804606776,44762804606776,0.077528,77528,theoretical_from_L_and_price,True,-415800,-405900,no_swap,,,True,0,0,0,0,0,0,,,older_pool_history_missing_at_entry,
0x58f5c0cf42e24f38f559b5cb3821a37e4e777345053500d23d72787bad50bf45,0xc7bd3abb1f0b457f87b70fae6212bd5f9b2c4f83,0x5fc5360d0400a0fd4f2af552add042d716f1d168,0xc7bd3abb1f0b457f87b70fae6212bd5f9b2c4f83,0x5fc5360d0400a0fd4f2af552add042d716f1d168,0,989999,9900,0x0000000000000000000000000000000000000000,78203522,2026-10-02T11:42:09Z,0x724227f6b8e672d890bad8dff66ed94423f135db2a9db7c3b08856a7ab8059f7,78203522,2026-10-02T11:42:09Z,403499,-881100,881100,85438187181018,85438187181018,0.147985,147985,theoretical_from_L_and_price,True,405900,415800,no_swap,,,True,0,0,0,0,0,0,,,cohort_bounded_60m,
0xdc5540a19836de72e0ed34134aa40ead75571194de31f07ce3b50b4fd8ea4e55,0xb2c7fd9979b62dc235ac7d0ed9994f50b6c21347,0x5fc5360d0400a0fd4f2af552add042d716f1d168,0xb2c7fd9979b62dc235ac7d0ed9994f50b6c21347,0x5fc5360d0400a0fd4f2af552add042d716f1d168,0,989999,9900,0x0000000000000000000000000000000000000000,78203794,2026-10-02T11:42:36Z,0x75450ecad758db8237e65bc810f854b5786092d829c7b3df7b8edc44b526c3d0,78203794,2026-10-02T11:42:36Z,407554,-881100,881100,83427070561635,83427070561635,0.117984,117984,theoretical_from_L_and_price,True,415800,425700,no_swap,,,True,0,0,0,0,0,0,,,older_pool_history_missing_at_entry,
0x1989ddfd2473f2ef715286cabf7812225030b6768567cb11c66ed49521f2fda0,0xd81942d480c58042651989ccafc84a4ec6a7975d,0x5fc5360d0400a0fd4f2af552add042d716f1d168,0xd81942d480c58042651989ccafc84a4ec6a7975d,0x5fc5360d0400a0fd4f2af552add042d716f1d168,0,989999,9900,0x0000000000000000000000000000000000000000,78204190,2026-10-02T11:43:16Z,0xea8ed5a072903f06759e31743e39a64a803281b6717cddb74ecb3e9d1f0e2d77,78204190,2026-10-02T11:43:16Z,407554,-881100,881100,76906203970803,76906203970803,0.108762,108762,theoretical_from_L_and_price,True,415800,425700,no_swap,,,True,0,0,0,0,0,0,,,cohort_bounded_60m,
0xcd16fb1ca5062aca5bf4ab6400f582dda51bab9ae1ed99303b5f483d73596d5a,0x9c57e13c4105c4f64ab4cb19ace21ec3b91ce635,0x5fc5360d0400a0fd4f2af552add042d716f1d168,0x9c57e13c4105c4f64ab4cb19ace21ec3b91ce635,0x5fc5360d0400a0fd4f2af552add042d716f1d168,0,830000,60,0x0000000000000000000000000000000000000000,78204389,2026-10-02T11:43:36Z,0x1c45f806c249ca0632e9bc95874b7759bf00b90171e6a437e9e7996d4aba4150,78204389,2026-10-02T11:43:36Z,378150,-887220,382800,783359025863009,783359025863009,0.999444,999444,theoretical_from_L_and_price,True,378180,378240,swap_no_boundary,,378146,False,1,1,1,1,5643,0,,,older_pool_history_missing_at_entry,
0x2744d7c73c03af3d3cb62e7f5fad5a6a806c67fa5e0d2c7e1603cf8a7af6a73d,0x9c57e13c4105c4f64ab4cb19ace21ec3b91ce635,0x0000000000000000000000000000000000000000,0x9c57e13c4105c4f64ab4cb19ace21ec3b91ce635,0x0000000000000000000000000000000000000000,0,860000,60,0x0000000000000000000000000000000000000000,78204421,2026-10-02T11:43:40Z,0x6490544cd0d0dd14778dca6893670ce681365f4a51205795e45266dfa1d84fa8,78204421,2026-10-02T11:43:40Z,181015,-887220,185640,14944854583677423298,14944854583677423298,0.00036206670759972,362066707599720,theoretical_from_L_and_price,True,181020,181080,no_swap,,,False,0,0,0,0,0,0,,,older_pool_history_missing_at_entry,
0x9e5b0bfeb07643f89a8e110e90c569f9caf92f0e86411017a518330f742eb5ff,0xab8e09eaa576a7db1dbe9cd1fb524298b82f49fe,0x5fc5360d0400a0fd4f2af552add042d716f1d168,0xab8e09eaa576a7db1dbe9cd1fb524298b82f49fe,0x5fc5360d0400a0fd4f2af552add042d716f1d168,0,989999,9900,0x0000000000000000000000000000000000000000,78204429,2026-10-02T11:43:40Z,0xd3e159f903990fa658aab84ca8fab2027fd64f5dbca18c4d64bd9e516014e92f,78204429,2026-10-02T11:43:40Z,407554,-881100,881100,74239026701163,74239026701163,0.10499,104990,theoretical_from_L_and_price,True,415800,425700,no_swap,,,True,0,0,0,0,0,0,,,older_pool_history_missing_at_entry,
0xb59c7ddf372aae44029f524bdd628821e2e549cef7631dbad9027a7acec17380,0xd6882c4a74424e067d9decb6aba227a43590792b,0x5fc5360d0400a0fd4f2af552add042d716f1d168,0xd6882c4a74424e067d9decb6aba227a43590792b,0x5fc5360d0400a0fd4f2af552add042d716f1d168,0,989999,9900,0x0000000000000000000000000000000000000000,78204684,2026-10-02T11:44:06Z,0xc96b2989503866fe01fd1f7c2a55ba8bc30a44d7595dde3984ff21bb9c102f87,78204684,2026-10-02T11:44:06Z,407554,-881100,881100,64833196361620,64833196361620,0.091688,91688,theoretical_from_L_and_price,True,415800,425700,no_swap,,,True,0,0,0,0,0,0,,,cohort_bounded_60m,
0x8854df41fcf2edbed8c1b935b04540c0620ee4b72cacc7e14047dbc8856eb985,0x9f3d465af7aef0bf7d6fc6cc2c24a4e5aa389611,0x5fc5360d0400a0fd4f2af552add042d716f1d168,0x9f3d465af7aef0bf7d6fc6cc2c24a4e5aa389611,0x5fc5360d0400a0fd4f2af552add042d716f1d168,0,989999,9900,0x0000000000000000000000000000000000000000,78204928,2026-10-02T11:44:31Z,0x4c8c8674f5d40a7576426c9bfe9c04184da97e7fed04afcf85982cbe9c69605b,78204928,2026-10-02T11:44:31Z,407554,-881100,881100,13642060197022,13642060197022,0.019292,19292,theoretical_from_L_and_price,True,415800,425700,no_swap,,,True,0,0,0,0,0,0,,,cohort_bounded_60m,
0x59a9929c60de93f362db59b410c25f3b378842a849e1237797dda0a9ceafc8db,0x5e75ddcafc78ac35817efa428340bcb974ffe303,0x5e75ddcafc78ac35817efa428340bcb974ffe303,0x5fc5360d0400a0fd4f2af552add042d716f1d168,0x5fc5360d0400a0fd4f2af552add042d716f1d168,1,989998,9900,0x0000000000000000000000000000000000000000,78208645,2026-10-02T11:50:47Z,0x8f73af5c12f4e27fbcf016c66f910749834f3db19c98b93484756dd7f7cf9be7,78208645,2026-10-02T11:50:47Z,-403172,-881100,881100,107170514300259,107170514300259,0.188687,188687,theoretical_from_L_and_price,True,-415800,-405900,swap_no_boundary,,-401204,True,1,3,15,21,1953550,0,,,cohort_bounded_60m,
0xb8dd06d3976a08c570730dd525f04328e89fd13758064c2ce3045d09a9b212cf,0xe25d695d4b90153e9f3f8889cc7d8e13da89a363,0x5fc5360d0400a0fd4f2af552add042d716f1d168,0xe25d695d4b90153e9f3f8889cc7d8e13da89a363,0x5fc5360d0400a0fd4f2af552add042d716f1d168,0,989999,9900,0x0000000000000000000000000000000000000000,78209820,2026-10-02T11:52:46Z,0x6810e76d22906802fdd0d7b428ffbc38342157322ce231cd519b19932736da09,78209820,2026-10-02T11:52:46Z,393690,-881100,881100,81631324372324,81631324372324,0.230894,230894,theoretical_from_L_and_price,True,396000,405900,no_swap,,,True,0,0,0,0,0,0,,,cohort_bounded_60m,
0xf0c142186cd52a9cb50640116bb2cc3d0bdaae00c6cef26f8c4d1074d8d9caaa,0x774a52ab01efc617ee5a50d2b7287d8d8f1b4c4d,0x0000000000000000000000000000000000000000,0x774a52ab01efc617ee5a50d2b7287d8d8f1b4c4d,0x0000000000000000000000000000000000000000,0,790000,60,0x0000000000000000000000000000000000000000,78213514,2026-10-02T11:58:59Z,0x22cf0308cb8a06b01fc410028c5576cd6c1f8030b19809e231fcdf04c8fd52fc,78213514,2026-10-02T11:58:59Z,195106,-887220,887220,689483635917793333,689483635917793333,0.000039999999999999,39999999999999,theoretical_from_L_and_price,True,195120,195180,no_swap,,,True,0,0,0,0,0,0,,,cohort_bounded_60m,
0x72ed2c35a4dce1d1ebacf4852160985d3c6d75626419c97f5e4898d496be423d,0x65441dfc692abd6cda70b88ff1617514567b9071,0x0000000000000000000000000000000000000000,0x65441dfc692abd6cda70b88ff1617514567b9071,0x0000000000000000000000000000000000000000,0,790000,60,0x0000000000000000000000000000000000000000,78214720,2026-10-02T12:01:00Z,0x7e0bf23e8f23846983467d166cd56717ad3a4f7b54ceffc81767f168bce0a7a5,78214720,2026-10-02T12:01:00Z,196221,-887220,887220,729028180368720208,729028180368720208,0.000039999999999999,39999999999999,theoretical_from_L_and_price,True,196260,196320,no_swap,,,True,0,0,0,0,0,0,,,cohort_bounded_60m,
0x1e164b548ed74dd9c059615d5c8b87e771603b3f780ae1b7a7702fc43b1c17bc,0xaf13b6ba5542044f9225fe5b39ff8ef2cffb7482,0x5fc5360d0400a0fd4f2af552add042d716f1d168,0xaf13b6ba5542044f9225fe5b39ff8ef2cffb7482,0x5fc5360d0400a0fd4f2af552add042d716f1d168,0,981200,9812,0x0000000000000000000000000000000000000000,78216357,2026-10-02T12:03:45Z,0xdfec449ad402b72a5f0029907b225a04bee0c34671e32af93252354a111ac8d8,78216357,2026-10-02T12:03:45Z,414486,-883080,883080,122574756958072,122574756958072,0.122574,122574,theoretical_from_L_and_price,True,421916,431728,no_swap,,,True,0,0,0,0,0,0,,,older_pool_history_missing_at_entry,
0x341be9c674b7e7eaa3863cdd9a5a5b1a6f7896272fd555613131f7b73be67eed,0x285a9ddf53bef60ebcc55f5752724a30ef7b2d17,0x285a9ddf53bef60ebcc55f5752724a30ef7b2d17,0x5fc5360d0400a0fd4f2af552add042d716f1d168,0x5fc5360d0400a0fd4f2af552add042d716f1d168,1,820000,60,0x0000000000000000000000000000000000000000,78217996,2026-10-02T12:06:32Z,0x1d3c53589d51eae601b021278fa1ed43213d9a1aa77040e78a602c387f4bdbba,78217996,2026-10-02T12:06:32Z,-374892,-379200,887220,704071383725841,704071383725841,0.987931,987931,theoretical_from_L_and_price,True,-375000,-374940,interior_crossed_end_token_only,78222511,-378960,False,1,4,4,4,573,122008730779590993217003,,,cohort_bounded_60m,
0xb79349bc2e6695e14e4945d921f8fdacb8c4506aba3d68814645ad80da1415f4,0x285a9ddf53bef60ebcc55f5752724a30ef7b2d17,0x0000000000000000000000000000000000000000,0x285a9ddf53bef60ebcc55f5752724a30ef7b2d17,0x0000000000000000000000000000000000000000,0,800000,60,0x0000000000000000000000000000000000000000,78218030,2026-10-02T12:06:35Z,0x6a6f17dcfb23bfb564efece9c65ed978b770c114f9985363751b8cc69dca7198,78218030,2026-10-02T12:06:35Z,178005,-887220,182460,13265766718119262199,13265766718119262199,0.000361343044473985,361343044473985,theoretical_from_L_and_price,True,178020,178080,interior_crossed_end_token_only,78222504,182459,False,0,3,3,3,0,121430849251000700231953,,,cohort_bounded_60m,
0x7ad46102f11a0cae67645bc3f45d7647e58bb1fa5fe426321ef323b90fbdc1bc,0x5e75ddcafc78ac35817efa428340bcb974ffe303,0x0000000000000000000000000000000000000000,0x5e75ddcafc78ac35817efa428340bcb974ffe303,0x0000000000000000000000000000000000000000,0,883131,200,0x0000000000000000000000000000000000000000,78222312,2026-10-02T12:13:42Z,0xfdc7612a161b6b27cc1251d52a9d299a52f0e58c86f8238e7a4ede3ed87daebc,78222312,2026-10-02T12:13:42Z,188836,-887200,887200,15341582125972636768,15341582125972636768,0.001217699999999999,1217699999999999,theoretical_from_L_and_price,True,189000,189200,swap_no_boundary,,188813,True,1,1,4,5,11931238449394,0,,,cohort_bounded_60m,
0xff0ce33bc2bf7a611b0bafd612d65e339185db2688adfc21eda5041899e6305c,0x837d39afc44afc3272aecfa8ce2464adcf0dddb1,0x0000000000000000000000000000000000000000,0x837d39afc44afc3272aecfa8ce2464adcf0dddb1,0x0000000000000000000000000000000000000000,0,790000,60,0x0000000000000000000000000000000000000000,78223053,2026-10-02T12:14:57Z,0xd2332690080186654339e56dc4711a752b505a9cd48f7a266e62cf86cf00bd88,78223053,2026-10-02T12:14:57Z,195052,-887220,887220,687642729693891433,687642729693891433,0.000039999999999999,39999999999999,theoretical_from_L_and_price,True,195060,195120,swap_no_boundary,,194941,True,1,1,1,1,1063626095899,0,,,cohort_bounded_60m,
0xcb0fa02b026345eea69d9ce7b89ba02998cfbeb01beceae0b9a6dfc7229bbafa,0x5c53c1dcc86286d78dd68b5c6bd995eac646338c,0x5c53c1dcc86286d78dd68b5c6bd995eac646338c,0x5fc5360d0400a0fd4f2af552add042d716f1d168,0x5fc5360d0400a0fd4f2af552add042d716f1d168,1,991000,9910,0x0000000000000000000000000000000000000000,78227148,2026-10-02T12:21:50Z,0x2e9d149204fd102ded869a9e8af2fcef37b34eadc4925e7ab3bfde0f4dc722c4,78227148,2026-10-02T12:21:50Z,-377596,-881990,881990,790593103267625,790593103267625,4.999999,4999999,theoretical_from_L_and_price,True,-396400,-386490,interior_crossed_end_token_only,78229250,-399061,True,1,1,2,2,0,26749302984795607283908939,,,older_pool_history_missing_at_entry,
0x74ecbf2f42a523ccc9b1043d1962d1a5391561f989b8513debf8483296bc0c59,0x66ce12def767b18970cac0fe018e27b68d67da5d,0x0000000000000000000000000000000000000000,0x66ce12def767b18970cac0fe018e27b68d67da5d,0x0000000000000000000000000000000000000000,0,883131,200,0x0000000000000000000000000000000000000000,78229968,2026-10-02T12:26:35Z,0xbcf4122995ab507d3f56dd4c37a547678691b25c0c49598d4e1fc5f394917618,78229968,2026-10-02T12:26:35Z,193072,-887200,887200,18960135539587951581,18960135539587951581,0.001217699999999998,1217699999999998,theoretical_from_L_and_price,True,193200,193400,no_swap,,,True,0,0,0,0,0,0,,,cohort_bounded_60m,
0x3f95e151448824d075c3488166823820ff372fc93174760a452af0ec2992b83a,0xdb481ed5b34f625fa66e0af2857d0988d2c49105,0x0000000000000000000000000000000000000000,0xdb481ed5b34f625fa66e0af2857d0988d2c49105,0x0000000000000000000000000000000000000000,0,883131,200,0x0000000000000000000000000000000000000000,78230560,2026-10-02T12:27:35Z,0x98a3e59a223ff5fed54dea458906cff621db9faf1b3757b847762b645161b2a3,78230560,2026-10-02T12:27:35Z,190789,-887200,887200,16914782398419403164,16914782398419403164,0.001217699999999999,1217699999999999,theoretical_from_L_and_price,True,190800,191000,no_swap,,,True,0,0,0,0,0,0,,,cohort_bounded_60m,
0xa8717c01205c5df317310400751a59b942d04e1fa4c92d05f924b5d9a06a8645,0xc9374e87aaff65c87c1343bbcaf167d49c67e3c1,0x5fc5360d0400a0fd4f2af552add042d716f1d168,0xc9374e87aaff65c87c1343bbcaf167d49c67e3c1,0x5fc5360d0400a0fd4f2af552add042d716f1d168,0,850000,8500,0x0000000000000000000000000000000000000000,78231859,2026-10-02T12:29:46Z,0xe005d28983f03ae6c8d98f42e46f2ddd098bd287b9fdee0ca7b4faa44a887038,78231859,2026-10-02T12:29:46Z,355002,-884000,884000,28485797596035,28485797596035,0.557497,557497,theoretical_from_L_and_price,True,357000,365500,no_swap,,,True,0,0,0,0,0,0,,,cohort_bounded_60m,
0x7d11e9f3463b080cde65378a806e7223c5057b5dec8f3d274387da4ee5eaaaf1,0x285a9ddf53bef60ebcc55f5752724a30ef7b2d17,0x0000000000000000000000000000000000000000,0x285a9ddf53bef60ebcc55f5752724a30ef7b2d17,0x0000000000000000000000000000000000000000,0,883131,200,0x0000000000000000000000000000000000000000,78232854,2026-10-02T12:31:36Z,0x634a41e1dbdd2d11d8826af25e54ca990781f703262d7625368e79839983d00d,78232854,2026-10-02T12:31:36Z,182238,-887200,887200,11030533975161106831,11030533975161106831,0.001217699999999999,1217699999999999,theoretical_from_L_and_price,True,182400,182600,no_swap,,,True,0,0,0,0,0,0,,,cohort_bounded_60m,
0x94f5b031e07075150c430fc15f07196a997578146b0b6ac2d778eeeee8808a0f,0x64cc9275d35412e846d6f91cc9b333c701bb2ba3,0x5fc5360d0400a0fd4f2af552add042d716f1d168,0x64cc9275d35412e846d6f91cc9b333c701bb2ba3,0x5fc5360d0400a0fd4f2af552add042d716f1d168,0,880000,8800,0x0000000000000000000000000000000000000000,78233545,2026-10-02T12:32:45Z,0xcea453006c22a5129add2fafdbe24468e8e9cbb7b346c472b6f476ff8feb75f4,78233545,2026-10-02T12:32:45Z,426837,-880000,880000,8248775540425198,8248775540425198,4.448413,4448413,theoretical_from_L_and_price,True,431200,440000,no_swap,,,True,0,0,0,0,0,0,2026-10-02T12:37:13Z,2026-10-02T12:37:13Z,cohort_bounded_60m,2026-10-02T12:37:13Z
0x0e1de2cee6163989a773811673aa48a8cfeac6f0f079d6ebc1373daf563607f4,0x5c53c1dcc86286d78dd68b5c6bd995eac646338c,0x5c53c1dcc86286d78dd68b5c6bd995eac646338c,0x5fc5360d0400a0fd4f2af552add042d716f1d168,0x5fc5360d0400a0fd4f2af552add042d716f1d168,1,770000,7700,0x0000000000000000000000000000000000000000,78233716,2026-10-02T12:33:01Z,0xbc2e8e63f53ac4b42c56c8dc7b0c6cf6c886e5ef16c976be578f76b684af332a,78233716,2026-10-02T12:33:01Z,-433459,-885500,885500,3918389185391458,3918389185391458,1.517523,1517523,theoretical_from_L_and_price,True,-446600,-438900,swap_no_boundary,,-419052,True,4,9,11,15,13130384,9561602697520647343545526,2026-10-02T12:49:32Z,2026-10-02T12:49:32Z,older_pool_history_missing_at_entry,
0x3d71f489ec43b384b5f436ed0d1699cb06e6ad152c18b7893858bbd0e43363a0,0x31a7bc2c30f54e247fc4372428b3051abfd358ed,0x31a7bc2c30f54e247fc4372428b3051abfd358ed,0x5fc5360d0400a0fd4f2af552add042d716f1d168,0x5fc5360d0400a0fd4f2af552add042d716f1d168,1,900000,9000,0x0000000000000000000000000000000000000000,78235388,2026-10-02T12:35:50Z,0xa68ef2adaa5731b08651137ca906f2782619819d83eee93af7e8ed88ed459dc5,78235388,2026-10-02T12:35:50Z,-359888,-882000,882000,40222014605774,40222014605774,0.616574,616574,theoretical_from_L_and_price,True,-369000,-360000,no_swap,,,True,0,0,0,0,0,0,,,cohort_bounded_60m,
0x21d9b140e40b4c8fc359ee39999b3593845084c6f519ebb806aefbbb752f4166,0x50de23755e3ef741d14688a977e8c7c0800444d7,0x50de23755e3ef741d14688a977e8c7c0800444d7,0x5fc5360d0400a0fd4f2af552add042d716f1d168,0x5fc5360d0400a0fd4f2af552add042d716f1d168,1,800000,8000,0x0000000000000000000000000000000000000000,78238906,2026-10-02T12:41:44Z,0x967e47aebd0bcf83e2999baf6af81f6ca3329073c45047f8b79d68858857867e,78238906,2026-10-02T12:41:44Z,-364580,-880000,880000,18451928189830,18451928189830,0.223708,223708,theoretical_from_L_and_price,True,-376000,-368000,interior_crossed_end_token_only,78240474,-380619,True,1,1,1,1,0,9358342723324189813986,,,cohort_bounded_60m,
0xfc6a3da93b2d2c5aa6f49c36ea5cdb834953292d811a1da5675e5aa6b9635f7b,0x5c53c1dcc86286d78dd68b5c6bd995eac646338c,0x5c53c1dcc86286d78dd68b5c6bd995eac646338c,0x5fc5360d0400a0fd4f2af552add042d716f1d168,0x5fc5360d0400a0fd4f2af552add042d716f1d168,1,720000,7200,0x0000000000000000000000000000000000000000,78239863,2026-10-02T12:43:21Z,0x3a4282da1df55ca6ae3b2ffadd81490d73738401040b48e738f3e9c88c02fa2d,78239863,2026-10-02T12:43:21Z,-433459,-885600,885600,1714827825436531,1714827825436531,0.664122,664122,theoretical_from_L_and_price,True,-446400,-439200,swap_no_boundary,,-416973,True,3,3,3,3,3036711,0,2026-10-02T12:49:13Z,2026-10-02T12:49:13Z,older_pool_history_missing_at_entry,
0x5ba97d7c6f29769ab8b13c9c52fb819767db20f04a45d53786fce03697bf397e,0x6c6aeb4637b2108b9b043913ef518639dc3c4872,0x0000000000000000000000000000000000000000,0x6c6aeb4637b2108b9b043913ef518639dc3c4872,0x0000000000000000000000000000000000000000,0,883131,200,0x0000000000000000000000000000000000000000,78241742,2026-10-02T12:46:28Z,0x525d3ddc3f862210633d1671891c1b50ec7ebd936730e8d32fd98f5bf7aabd19,78241742,2026-10-02T12:46:28Z,183304,-887200,887200,11634419395217007113,11634419395217007113,0.001217699999999999,1217699999999999,theoretical_from_L_and_price,True,183400,183600,swap_no_boundary,,183302,True,1,1,1,1,1023146267033,0,,,cohort_bounded_60m,
0x67df16d24e9240bd50978785a0cee295395f6a46b32db006e56f2fba05ebf7ac,0x6c6aeb4637b2108b9b043913ef518639dc3c4872,0x5fc5360d0400a0fd4f2af552add042d716f1d168,0x6c6aeb4637b2108b9b043913ef518639dc3c4872,0x5fc5360d0400a0fd4f2af552add042d716f1d168,0,989999,9900,0x0000000000000000000000000000000000000000,78242013,2026-10-02T12:46:56Z,0x947a5af532be1eede30eafa0ef778ca81f18a2f787bf76de460b589711b552ab,78242013,2026-10-02T12:46:56Z,389635,-881100,881100,46708528345228,46708528345228,0.161808,161808,theoretical_from_L_and_price,True,396000,405900,swap_no_boundary,,389465,True,0,0,4,7,138468,0,,,cohort_bounded_60m,
0xbb34d7d6e4b0e91ec8510dc2f806953dbe3c50fe9d675e35a2d69d05f3577f1b,0x0d0a2a82f0d3897600902cd08e6a5be1b65f74d1,0x0d0a2a82f0d3897600902cd08e6a5be1b65f74d1,0x5fc5360d0400a0fd4f2af552add042d716f1d168,0x5fc5360d0400a0fd4f2af552add042d716f1d168,1,800000,60,0x0000000000000000000000000000000000000000,78242263,2026-10-02T12:47:21Z,0xa5bb98907bc477e594f4afb069ff3442fb3adb1d3d923ca09af20d54e1205d62,78242263,2026-10-02T12:47:21Z,-373618,-377640,887220,706315335302587,706315335302587,0.99291,992910,theoretical_from_L_and_price,True,-373680,-373620,no_swap,,,False,0,0,0,0,0,0,,,cohort_bounded_60m,
0x1ef002f3c873c00ca3948bcdae4c10ac85fe5727f7dc5f8d319f5e4692f141f2,0x0d0a2a82f0d3897600902cd08e6a5be1b65f74d1,0x0000000000000000000000000000000000000000,0x0d0a2a82f0d3897600902cd08e6a5be1b65f74d1,0x0000000000000000000000000000000000000000,0,800000,60,0x0000000000000000000000000000000000000000,78242295,2026-10-02T12:47:24Z,0xe716065c94992c2e219f22e016dc70c222413101c549db8688522a4cca6cee9b,78242295,2026-10-02T12:47:24Z,177268,-887220,181680,12955630146183525277,12955630146183525277,0.000362978044580829,362978044580829,theoretical_from_L_and_price,True,177300,177360,no_swap,,,False,0,0,0,0,0,0,,,cohort_bounded_60m,
0xecd0859cfa9c7ec669d36f2b1c7eb33c9bc62400ee961f6de8d35868aa08d864,0x64cc9275d35412e846d6f91cc9b333c701bb2ba3,0x5fc5360d0400a0fd4f2af552add042d716f1d168,0x64cc9275d35412e846d6f91cc9b333c701bb2ba3,0x5fc5360d0400a0fd4f2af552add042d716f1d168,0,989999,9900,0x0000000000000000000000000000000000000000,78242676,2026-10-02T12:48:02Z,0x90ee2b3932cfef469007d90a4c42a9d87217e24bf8e759b8c0f244c77f29c280,78242676,2026-10-02T12:48:02Z,436559,-881100,881100,557089715010830,557089715010830,0.184773,184773,theoretical_from_L_and_price,True,445500,455400,no_swap,,,True,0,0,0,0,0,0,,,cohort_bounded_60m,
0xf731847e41f0c2678cdf2464a2767e94d24ca5361623fa50ce2cc150e6be48d3,0x6c6aeb4637b2108b9b043913ef518639dc3c4872,0x0000000000000000000000000000000000000000,0x6c6aeb4637b2108b9b043913ef518639dc3c4872,0x0000000000000000000000000000000000000000,0,790000,60,0x0000000000000000000000000000000000000000,78243390,2026-10-02T12:49:14Z,0x5286a848ccea7ab2662a3b10642474806ed73f21353979dc75eb846b576842a8,78243390,2026-10-02T12:49:14Z,194932,-887220,887220,683539295348560815,683539295348560815,0.000039999999999999,39999999999999,theoretical_from_L_and_price,True,194940,195000,no_swap,,,True,0,0,0,0,0,0,,,cohort_bounded_60m,
0xc36e9833cbf32535a70aab33795d49d5db3a4c92da119ec6ff0377dc7b3b0274,0x896c6e114c668f438d7dd735f87757cb705de55b,0x5fc5360d0400a0fd4f2af552add042d716f1d168,0x896c6e114c668f438d7dd735f87757cb705de55b,0x5fc5360d0400a0fd4f2af552add042d716f1d168,0,989999,9900,0x0000000000000000000000000000000000000000,78243519,2026-10-02T12:49:27Z,0x4fb79677761e4d567893d5d1bf6c414b36e230cce9bc082b91ecd0bdcb467bf3,78243519,2026-10-02T12:49:27Z,393690,-881100,881100,78402769166849,78402769166849,0.221762,221762,theoretical_from_L_and_price,True,396000,405900,no_swap,,,True,0,0,0,0,0,0,,,cohort_bounded_60m,
0x333c8c18193aac3daec9f85d6ae21cdb750b341416120e67a06383ef09c14bd6,0x042c3bc4dcfc3b1ac42bc9ab9b621b917270cf20,0x042c3bc4dcfc3b1ac42bc9ab9b621b917270cf20,0x5fc5360d0400a0fd4f2af552add042d716f1d168,0x5fc5360d0400a0fd4f2af552add042d716f1d168,1,989999,9900,0x0000000000000000000000000000000000000000,78244058,2026-10-02T12:50:22Z,0xfc7c59a24a1d1c07cc7c9b9c46aeb1f3c0e63c17197908ca74e8549d07a27f6b,78244058,2026-10-02T12:50:22Z,-398391,-881100,881100,77623423293851,77623423293851,0.173569,173569,theoretical_from_L_and_price,True,-415800,-405900,no_swap,,,True,0,0,0,0,0,0,,,cohort_bounded_60m,
0x783c2512350aaf4b70222b6474b826c7187066833370c81049422b803d5fe7b1,0x5c53c1dcc86286d78dd68b5c6bd995eac646338c,0x5c53c1dcc86286d78dd68b5c6bd995eac646338c,0x5fc5360d0400a0fd4f2af552add042d716f1d168,0x5fc5360d0400a0fd4f2af552add042d716f1d168,1,700000,7000,0x0000000000000000000000000000000000000000,78244106,2026-10-02T12:50:27Z,0x9482781ff16d0a0b1c7db7ef6a60d5569b40ed6aa82a894569f5789611807bdc,78244106,2026-10-02T12:50:27Z,-433459,-882000,882000,2843011704798257,2843011704798257,1.101048,1101048,theoretical_from_L_and_price,True,-441000,-434000,swap_no_boundary,,-422127,True,0,0,7,8,2800376,0,2026-10-02T13:23:24Z,2026-10-02T13:23:24Z,older_pool_history_missing_at_entry,
0x172b0c52ec24ea1ef8beaaf0862e3c33e9e1d7ad6f778a98608ee768de2cfe27,0x7c9a5e08a849eb84d079536862b3c3fa885205f8,0x5fc5360d0400a0fd4f2af552add042d716f1d168,0x7c9a5e08a849eb84d079536862b3c3fa885205f8,0x5fc5360d0400a0fd4f2af552add042d716f1d168,0,754000,7540,0x0000000000000000000000000000000000000000,78244380,2026-10-02T12:50:54Z,0x595971cef62bdfdf8945e1c34863ff8516a39f4dcfd6d9b5eb8bd12e01149619,78244380,2026-10-02T12:50:54Z,387404,-882180,882180,8413075375867,8413075375867,0.032583,32583,theoretical_from_L_and_price,True,392080,399620,no_swap,,,True,0,0,0,0,0,0,,,cohort_bounded_60m,
0x62c8b3044d5810979d1d716b261ab6c36456325f1d24db13861d958a89f3dd73,0x4bd4160b3689f7870f3c1fa626b0080833836155,0x4bd4160b3689f7870f3c1fa626b0080833836155,0x5fc5360d0400a0fd4f2af552add042d716f1d168,0x5fc5360d0400a0fd4f2af552add042d716f1d168,1,989998,9900,0x0000000000000000000000000000000000000000,78244624,2026-10-02T12:51:19Z,0xfdc5d3a9dc53ed44ea1ab0298190e03d833c6968b66b9edf30909422f3b247c7,78244624,2026-10-02T12:51:19Z,-396568,-881100,881100,74081180094255,74081180094255,0.181456,181456,theoretical_from_L_and_price,True,-415800,-405900,no_swap,,,True,0,0,0,0,0,0,,,cohort_bounded_60m,
0xf17074e5c0f56abb8acbba943708b4516a95a703be40c6b1a64df13589516640,0x3aa0ce359da22665ea478817a2f8c53dff802dea,0x3aa0ce359da22665ea478817a2f8c53dff802dea,0x5fc5360d0400a0fd4f2af552add042d716f1d168,0x5fc5360d0400a0fd4f2af552add042d716f1d168,1,989999,9900,0x0000000000000000000000000000000000000000,78245107,2026-10-02T12:52:06Z,0x780a611ca2d70a77081cd09e2878e09247a966e2623725d13e70eb94ec68c33c,78245107,2026-10-02T12:52:06Z,-389636,-881100,881100,53455849039545,53455849039545,0.185173,185173,theoretical_from_L_and_price,True,-405900,-396000,swap_no_boundary,,-389625,True,0,0,1,1,10997,0,,,cohort_bounded_60m,
0x6e1e367f0fd4e290868f6537d5bcd098b0f0556d716a491590388eae5cd53037,0xf0be5a00ffd6831667c260450e8e3f0814cb93fb,0x5fc5360d0400a0fd4f2af552add042d716f1d168,0xf0be5a00ffd6831667c260450e8e3f0814cb93fb,0x5fc5360d0400a0fd4f2af552add042d716f1d168,0,950000,60,0x0000000000000000000000000000000000000000,78245667,2026-10-02T12:53:03Z,0xe52b683f143c856bb92f34e52367fdaa990080c8cfbbc1077d665a97784a8617,78245667,2026-10-02T12:53:03Z,426526,-887220,887220,1090773801101536,1090773801101536,0.597441,597441,theoretical_from_L_and_price,True,426540,426600,no_swap,,,True,0,0,0,16,0,0,2026-10-02T14:13:15Z,,cohort_bounded_60m,
0xefe81e965155bc4658cc3548d3a451b8f6240cefe41e26cda5c7e0b838295fe2,0xf0be5a00ffd6831667c260450e8e3f0814cb93fb,0x5fc5360d0400a0fd4f2af552add042d716f1d168,0xf0be5a00ffd6831667c260450e8e3f0814cb93fb,0x5fc5360d0400a0fd4f2af552add042d716f1d168,0,850000,8500,0x0000000000000000000000000000000000000000,78246294,2026-10-02T12:54:06Z,0x012d6ed7a7ba250e0fa0840f266dd5fa1c214fa6ae716fb03f14c49cea0fbafd,78246294,2026-10-02T12:54:06Z,414486,-884000,884000,577029855860175,577029855860175,0.57703,577030,theoretical_from_L_and_price,True,416500,425000,swap_no_boundary,,415799,True,0,0,1,11,0,2824566047799180750000000,2026-10-02T14:32:53Z,2026-10-02T14:32:55Z,cohort_bounded_60m,
0x8f3d5b27e8fe240ce826f173209e3f69289f031bcbef2d25c52edfb52504dc7c,0xbb0b232ad8da92c453de1672b0bafc2fa963259b,0x5fc5360d0400a0fd4f2af552add042d716f1d168,0xbb0b232ad8da92c453de1672b0bafc2fa963259b,0x5fc5360d0400a0fd4f2af552add042d716f1d168,0,989999,9900,0x0000000000000000000000000000000000000000,78246688,2026-10-02T12:54:45Z,0x08fc1b156066e2acc325e9e25ceabf74fb49080d65a1927b14e322746b9e693e,78246688,2026-10-02T12:54:45Z,398390,-881100,881100,70910283931100,70910283931100,0.158566,158566,theoretical_from_L_and_price,True,405900,415800,no_swap,,,True,0,0,0,0,0,0,,,cohort_bounded_60m,
0x400e7377de689fea17405051c16a5dd9f090019c367e1635d7d5a5272f1bdb52,0xc48e93b1098a49fcc71f40e24a9c35c2029bdeeb,0x5fc5360d0400a0fd4f2af552add042d716f1d168,0xc48e93b1098a49fcc71f40e24a9c35c2029bdeeb,0x5fc5360d0400a0fd4f2af552add042d716f1d168,0,750000,7500,0x0000000000000000000000000000000000000000,78250844,2026-10-02T13:01:44Z,0x528c65cd1f5ef37873ecf6fd77a3d9cfda9c29f772f360992948b5491c1254aa,78250844,2026-10-02T13:01:44Z,387404,-885000,885000,10853032480615,10853032480615,0.042033,42033,theoretical_from_L_and_price,True,390000,397500,no_swap,,,True,0,0,0,0,0,0,,,pool_event_history_censored,
0xcf476cb1d422a583fa652f643ce3af8b0e8da0e33f831eed34704c3a0e119416,0xf4680ffe880e34229b40a35e03c6a7f67fd4e4ae,0x5fc5360d0400a0fd4f2af552add042d716f1d168,0xf4680ffe880e34229b40a35e03c6a7f67fd4e4ae,0x5fc5360d0400a0fd4f2af552add042d716f1d168,0,989998,9900,0x0000000000000000000000000000000000000000,78251259,2026-10-02T13:02:26Z,0xed204e00657db85d257f707c0f43fc592f6e08f2c5c3a65a21dd6de8443923bd,78251259,2026-10-02T13:02:26Z,401957,-881100,881100,100627398420102,100627398420102,0.188263,188263,theoretical_from_L_and_price,True,405900,415800,no_swap,,,True,0,0,0,0,0,0,,,cohort_bounded_60m,
0x75d85fce443524e7074a3cef7c81d58a35b2c02e113d8db3bfd6162376914d9d,0x408be5acd2cb1347466358e80e5dd7d2483f55fb,0x0000000000000000000000000000000000000000,0x408be5acd2cb1347466358e80e5dd7d2483f55fb,0x0000000000000000000000000000000000000000,0,883131,200,0x0000000000000000000000000000000000000000,78252148,2026-10-02T13:03:55Z,0x9ffff0d6f690461c37f9afc2097510fb79f478f2a2ce0198d65b478e2a174164,78252148,2026-10-02T13:03:55Z,199083,-887200,887200,25608147936756931474,25608147936756931474,0.001217699999999998,1217699999999998,theoretical_from_L_and_price,True,199200,199400,no_swap,,,True,0,0,0,0,0,0,,,cohort_bounded_60m,
0x0e9758038b3794d671ad8f19a6523599eeaf0b2634ce907210568685d32e34ab,0xf8ea8e11c408effa7bd9cc8548ae437637422964,0x5fc5360d0400a0fd4f2af552add042d716f1d168,0xf8ea8e11c408effa7bd9cc8548ae437637422964,0x5fc5360d0400a0fd4f2af552add042d716f1d168,0,989999,9900,0x0000000000000000000000000000000000000000,78252304,2026-10-02T13:04:11Z,0xe7633ee05a1efa47c4b51764ac0c60d15f052be00b757d707d41d63a0e6077c4,78252304,2026-10-02T13:04:11Z,393690,-881100,881100,61374367779236,61374367779236,0.173597,173597,theoretical_from_L_and_price,True,396000,405900,swap_no_boundary,,393321,True,0,4,6,7,323261,0,,,cohort_bounded_60m,
0xceef7f1286b39e915a81b93bf76631e69dc6c8e028ed20256a70d968e3f74ad1,0x408be5acd2cb1347466358e80e5dd7d2483f55fb,0x408be5acd2cb1347466358e80e5dd7d2483f55fb,0x5fc5360d0400a0fd4f2af552add042d716f1d168,0x5fc5360d0400a0fd4f2af552add042d716f1d168,1,989999,9900,0x0000000000000000000000000000000000000000,78253812,2026-10-02T13:06:41Z,0x05cfa4bf02528297a29de4c2b0e9fd6e29a460739261adc332832bb87d195311,78253812,2026-10-02T13:06:41Z,-399445,-881100,881100,113687621385951,113687621385951,0.241161,241161,theoretical_from_L_and_price,True,-415800,-405900,swap_no_boundary,,-399439,True,0,0,1,1,8120,0,,,cohort_bounded_60m,
0x8f31a1b863ef7e98ec41c56dbeebf7d2e377f851fa9a36aa40dcc939d96a25fe,0xc48e93b1098a49fcc71f40e24a9c35c2029bdeeb,0x0000000000000000000000000000000000000000,0xc48e93b1098a49fcc71f40e24a9c35c2029bdeeb,0x0000000000000000000000000000000000000000,0,790000,60,0x0000000000000000000000000000000000000000,78254052,2026-10-02T13:07:06Z,0xe254aff0e0db3e8e3b48539e60b543e640cfd081be1282860c78986f00fa30c1,78254052,2026-10-02T13:07:06Z,195116,-887220,887220,689846904726375911,689846904726375911,0.000039999999999999,39999999999999,theoretical_from_L_and_price,True,195120,195180,no_swap,,,True,0,0,0,0,0,0,,,pool_event_history_censored,
0xd6c3c0b83a666bf4062678e3ab29217b02e539c2e20065324b3a580db3e4b518,0x929502362401c3cfbf4be5006b8871b459df1d81,0x5fc5360d0400a0fd4f2af552add042d716f1d168,0x929502362401c3cfbf4be5006b8871b459df1d81,0x5fc5360d0400a0fd4f2af552add042d716f1d168,0,800000,8000,0x0000000000000000000000000000000000000000,78255158,2026-10-02T13:08:57Z,0x990e030d11d493d4832ee6456bc3ada6b0bae52d2265bff86b497c3df3f27b10,78255158,2026-10-02T13:08:57Z,372587,-880000,880000,65104257687718,65104257687718,0.528919,528919,theoretical_from_L_and_price,True,376000,384000,no_swap,,,True,0,0,0,0,0,0,,,older_pool_history_missing_at_entry,
0x788b130a8370bdf77c3e59775b3fcdee300cce1ce6a52d3e524133306e51ccac,0xf8ea8e11c408effa7bd9cc8548ae437637422964,0x0000000000000000000000000000000000000000,0xf8ea8e11c408effa7bd9cc8548ae437637422964,0x0000000000000000000000000000000000000000,0,790000,60,0x0000000000000000000000000000000000000000,78256466,2026-10-02T13:11:08Z,0x96e602aa1a9fdce7a649d491a6ce9cf1959d95528b1cf5c1a2dd4ffda5c229e0,78256466,2026-10-02T13:11:08Z,192644,-887220,887220,609631844356484232,609631844356484232,0.000039999999999999,39999999999999,theoretical_from_L_and_price,True,192660,192720,swap_no_boundary,,192331,True,0,1,1,2,3004901380605,0,,,cohort_bounded_60m,
0xfdc02f664f445c95ef8c1f7ab18cf98b55e232ede2031a60ab5d5101ae6d160a,0x0f5a03760157c1daef50ffb5a74109ea14aa6db5,0x0000000000000000000000000000000000000000,0x0f5a03760157c1daef50ffb5a74109ea14aa6db5,0x0000000000000000000000000000000000000000,0,790000,60,0x0000000000000000000000000000000000000000,78257631,2026-10-02T13:13:05Z,0x7084484e79450e292e89cc70cb4ea292864ab338a2b17112c47ba3715d99054e,78257631,2026-10-02T13:13:05Z,195128,-887220,887220,690252068817476884,690252068817476884,0.000039999999999999,39999999999999,theoretical_from_L_and_price,True,195180,195240,no_swap,,,True,0,0,0,0,0,0,,,cohort_bounded_60m,
0x298293f4cb4b6c57eae94f59b711e2aff41988ba9cb99585a83c3e44265b022f,0x698cc804dada871003788499d7f7d832f5c830ab,0x5fc5360d0400a0fd4f2af552add042d716f1d168,0x698cc804dada871003788499d7f7d832f5c830ab,0x5fc5360d0400a0fd4f2af552add042d716f1d168,0,850000,60,0x0000000000000000000000000000000000000000,78261437,2026-10-02T13:19:27Z,0x37f09948f095166e1a91d3575418bb843fe8ec1285809924c6477d122d47a898,78261437,2026-10-02T13:19:27Z,406432,-887220,887220,74485261454452,74485261454452,0.111416,111416,theoretical_from_L_and_price,True,406440,406500,no_swap,,,True,0,0,0,0,0,0,,,cohort_bounded_60m,
0x0d0381b09b2129ce90c356ac25e28f750383802be97d6dea46e43a1a0984167d,0x5c53c1dcc86286d78dd68b5c6bd995eac646338c,0x5c53c1dcc86286d78dd68b5c6bd995eac646338c,0x5fc5360d0400a0fd4f2af552add042d716f1d168,0x5fc5360d0400a0fd4f2af552add042d716f1d168,1,891000,8910,0x0000000000000000000000000000000000000000,78265091,2026-10-02T13:25:35Z,0x2985630e8208182fbe57b341a7bcb197551e069a48bdd35e59e6de16566aa978,78265091,2026-10-02T13:25:35Z,-441080,-882090,882090,9241158464646355,9241158464646355,2.444976,2444976,theoretical_from_L_and_price,True,-454410,-445500,swap_no_boundary,,-438608,True,1,1,2,3,2954754,0,,,older_pool_history_missing_at_entry,
0xb527ae0b192ae89c209526dc7663d975722fe7dddebc4250fe629517b0749d62,0x9ea229c44f8a8b3c2864f3b176dd12b56faceeb7,0x5fc5360d0400a0fd4f2af552add042d716f1d168,0x9ea229c44f8a8b3c2864f3b176dd12b56faceeb7,0x5fc5360d0400a0fd4f2af552add042d716f1d168,0,989998,9900,0x0000000000000000000000000000000000000000,78265765,2026-10-02T13:26:43Z,0xaeb84af9bd3cdc609f5cc1b9bac7a5e308318252e1aa980909b3ba8bed5c643c,78265765,2026-10-02T13:26:43Z,402853,-881100,881100,69057120358924,69057120358924,0.123538,123538,theoretical_from_L_and_price,True,405900,415800,no_swap,,,True,0,0,0,0,0,0,,,cohort_bounded_60m,
0xc930cf510daa686714df32a831db7c2b91f5cc623fb0ba85639566e01df95c86,0x8d4e0a48c9e5ba60a23f07b774ed059b7fe9eab9,0x0000000000000000000000000000000000000000,0x8d4e0a48c9e5ba60a23f07b774ed059b7fe9eab9,0x0000000000000000000000000000000000000000,0,790000,60,0x0000000000000000000000000000000000000000,78269565,2026-10-02T13:33:10Z,0x0887b1198f315c78a9be84819e59d68600caa8e3edc644759a2732dfd5478c6b,78269565,2026-10-02T13:33:10Z,194386,-887220,887220,665130250491865539,665130250491865539,0.000039999999999999,39999999999999,theoretical_from_L_and_price,True,194400,194460,no_swap,,,True,0,0,0,0,0,0,,,cohort_bounded_60m,
0x157925eedc444c6cc1e3dc7d92ceae0de77d2770517fcefdd49ca43f43fb6821,0x41364ba78392d407b09c30b1405b0096d8c177c3,0x41364ba78392d407b09c30b1405b0096d8c177c3,0x5fc5360d0400a0fd4f2af552add042d716f1d168,0x5fc5360d0400a0fd4f2af552add042d716f1d168,1,989999,9900,0x0000000000000000000000000000000000000000,78270891,2026-10-02T13:35:23Z,0x20713f5a05618302d9a69d553c9d202639569c44e70af1f91648b001277eebaa,78270891,2026-10-02T13:35:23Z,-399670,-881100,881100,87108256303128,87108256303128,0.182712,182712,theoretical_from_L_and_price,True,-415800,-405900,no_swap,,,True,0,0,0,0,0,0,,,cohort_bounded_60m,
0x3ea19fcf2322bbd4ca2b9039333137ff0c55c10590f85c82e6ce17fe886209b7,0xb3a6431806cc79f20d22554ed925e9be7ee9a3cc,0x5fc5360d0400a0fd4f2af552add042d716f1d168,0xb3a6431806cc79f20d22554ed925e9be7ee9a3cc,0x5fc5360d0400a0fd4f2af552add042d716f1d168,0,800000,60,0x0000000000000000000000000000000000000000,78271445,2026-10-02T13:36:19Z,0xdba392f1b65ca6444ca999c95bb839b6c1e31818018e868559edb274d912d338,78271445,2026-10-02T13:36:19Z,393976,-887220,887220,39973590972248,39973590972248,0.111456,111456,theoretical_from_L_and_price,True,394020,394080,no_swap,,,True,0,0,0,0,0,0,,,cohort_bounded_60m,
0xd88730d87b3d19d5d0dd9ffe2684d2c0fc5fe6b3a3dc208655d74e1c2c9e3ee7,0xc7b12a126d7aeda94f61d33e9bd100cfd5458a6c,0x5fc5360d0400a0fd4f2af552add042d716f1d168,0xc7b12a126d7aeda94f61d33e9bd100cfd5458a6c,0x5fc5360d0400a0fd4f2af552add042d716f1d168,0,989998,9900,0x0000000000000000000000000000000000000000,78273127,2026-10-02T13:39:08Z,0x23d8872964b7a225972c3cad15443b749426118db389cbdb1d1b195f4d83e786,78273127,2026-10-02T13:39:08Z,404930,-881100,881100,107215086467515,107215086467515,0.172882,172882,theoretical_from_L_and_price,True,405900,415800,no_swap,,,True,0,0,0,0,0,0,,,cohort_bounded_60m,
0x7e9389597ba03729faa6c4b31fc60ce53e0930c3de85fc91706c408d2d874e25,0xb5fd6691d75e77ba9081c0d0dbacfe6e3bc6b04b,0x5fc5360d0400a0fd4f2af552add042d716f1d168,0xb5fd6691d75e77ba9081c0d0dbacfe6e3bc6b04b,0x5fc5360d0400a0fd4f2af552add042d716f1d168,0,989998,9900,0x0000000000000000000000000000000000000000,78273949,2026-10-02T13:40:31Z,0x8892628726b359677f2fbe802a6db059d9f9fc4c0ef8f3230259651d427cc42d,78273949,2026-10-02T13:40:31Z,398390,-881100,881100,100143832972577,100143832972577,0.223937,223937,theoretical_from_L_and_price,True,405900,415800,no_swap,,,True,0,0,0,0,0,0,,,cohort_bounded_60m,
0xdb46aed253ade0139dd40defbf2d20760f1989d975d247e31a702db705361c30,0xe24cabdf76dd1c2576049167eb1755c84b985c36,0x5fc5360d0400a0fd4f2af552add042d716f1d168,0xe24cabdf76dd1c2576049167eb1755c84b985c36,0x5fc5360d0400a0fd4f2af552add042d716f1d168,0,991100,9911,0x0000000000000000000000000000000000000000,78274829,2026-10-02T13:42:00Z,0xb5e58556ab3e213495076f006cd77f1773088c3b07246e28e1502fe748595e7d,78274829,2026-10-02T13:42:00Z,230219,-882079,882079,12033762994,12033762994,0.120644,120644,theoretical_from_L_and_price,True,237864,247775,no_swap,,,True,0,0,0,0,0,0,,,cohort_bounded_60m,
0xe38b0d458c4fd9267f91ac498ca945bdee456a427bfedc3609ca6d146420c47d,0xb5e40b5f16996e9d76ec2b16e7a4ead3c06a9fa2,0x0000000000000000000000000000000000000000,0xb5e40b5f16996e9d76ec2b16e7a4ead3c06a9fa2,0x0000000000000000000000000000000000000000,0,883131,200,0x0000000000000000000000000000000000000000,78276753,2026-10-02T13:45:11Z,0x629ab4495d8129d4e562524ea34ed3d2a72816dc2a356a44a4606327848ffe2f,78276753,2026-10-02T13:45:11Z,173802,-887200,887200,7234634970642457038,7234634970642457038,0.001217699999999999,1217699999999999,theoretical_from_L_and_price,True,174000,174200,no_swap,,,True,0,0,0,0,0,0,,,cohort_bounded_60m,
0xa8db63033016715ea4778f08f0abbde9a09b83918e02de72ee0469d1392e4b40,0x0d099caf7e87626c8327f01471a142d244900f7f,0x0000000000000000000000000000000000000000,0x0d099caf7e87626c8327f01471a142d244900f7f,0x0000000000000000000000000000000000000000,0,883131,200,0x0000000000000000000000000000000000000000,78278262,2026-10-02T13:47:43Z,0x736b69ad4072a369b6a192f2635de213216258d8569cfa0c5f9350cf1172e381,78278262,2026-10-02T13:47:43Z,186070,-887200,887200,13360134192081499261,13360134192081499261,0.001217699999999999,1217699999999999,theoretical_from_L_and_price,True,186200,186400,no_swap,,,True,0,0,0,0,0,0,,,cohort_bounded_60m,
0x2d82bb178772744cb06ba8f652abc7dd340834358e4dad2854631e7ff2493b4f,0x6a782174381f8f22374afe136ef1df003693236f,0x5fc5360d0400a0fd4f2af552add042d716f1d168,0x6a782174381f8f22374afe136ef1df003693236f,0x5fc5360d0400a0fd4f2af552add042d716f1d168,0,989999,9900,0x0000000000000000000000000000000000000000,78281689,2026-10-02T13:53:28Z,0x0a0b6a9506237f17746d09cdbf6d0691116c26d8c4746b4249213bb9383667b6,78281689,2026-10-02T13:53:28Z,387404,-881100,881100,53533175271825,53533175271825,0.207334,207334,theoretical_from_L_and_price,True,396000,405900,no_swap,,,True,0,0,0,0,0,0,,,cohort_bounded_60m,
0xee24c9a1e2f82be860c23b3a5ddd7f8c736097f5b04534bf2416df409ed121d4,0x5600f489c80f59f211ab92eb55f8f3b74f601e18,0x5600f489c80f59f211ab92eb55f8f3b74f601e18,0x5fc5360d0400a0fd4f2af552add042d716f1d168,0x5fc5360d0400a0fd4f2af552add042d716f1d168,1,880000,60,0x0000000000000000000000000000000000000000,78282314,2026-10-02T13:54:30Z,0xfb808a038293e3961c02f4b11f66ddd34a60a331c183d82b7af0fd84bff220bf,78282314,2026-10-02T13:54:30Z,-386102,-887220,887220,26808986723673,26808986723673,0.110816,110816,theoretical_from_L_and_price,True,-386220,-386160,no_swap,,,True,0,0,0,0,0,0,,,cohort_bounded_60m,
0x7e841e408546f9fc170c6a333badbda3dbb0ab1560aef3d130fb47ec04d3ec1e,0x6a782174381f8f22374afe136ef1df003693236f,0x0000000000000000000000000000000000000000,0x6a782174381f8f22374afe136ef1df003693236f,0x0000000000000000000000000000000000000000,0,790000,60,0x0000000000000000000000000000000000000000,78282595,2026-10-02T13:54:59Z,0xfd609384b06c8fcca9cfe5bab238447263e6ef08b435a92c967c13ff0cb12625,78282595,2026-10-02T13:54:59Z,195246,-887220,887220,694345789506751669,694345789506751669,0.000039999999999999,39999999999999,theoretical_from_L_and_price,True,195300,195360,no_swap,,,True,0,0,0,0,0,0,,,cohort_bounded_60m,
0x8fc47d5eabe1c1c3f3c2f989b3e0f9c902df9b223dfd61786aba926af1e8a29a,0xe64ad9de48bf5c7e571b3d36fd9862537767b755,0x0000000000000000000000000000000000000000,0xe64ad9de48bf5c7e571b3d36fd9862537767b755,0x0000000000000000000000000000000000000000,0,883131,200,0x0000000000000000000000000000000000000000,78282736,2026-10-02T13:55:13Z,0x3f586ebb498242fb891a3c552cf9d2f04f281e177aac26b3711572d446233db5,78282736,2026-10-02T13:55:13Z,183497,-887200,887200,11747164190998683256,11747164190998683256,0.001217699999999999,1217699999999999,theoretical_from_L_and_price,True,183600,183800,swap_no_boundary,,182717,True,6,6,6,6,414199781251825,0,,,cohort_bounded_60m,
0xf48ef5b4fb011af5381925cdb241b3bd996f5e279ae1a0f272736c19d9eac5ba,0xe64ad9de48bf5c7e571b3d36fd9862537767b755,0x5fc5360d0400a0fd4f2af552add042d716f1d168,0xe64ad9de48bf5c7e571b3d36fd9862537767b755,0x5fc5360d0400a0fd4f2af552add042d716f1d168,0,989998,9900,0x0000000000000000000000000000000000000000,78282816,2026-10-02T13:55:21Z,0xd355147b46d9abdc0dc0313de964a449ef3459686fb294b05fa54a6bf63da2b7,78282816,2026-10-02T13:55:21Z,388835,-881100,881100,93320421557830,93320421557830,0.336475,336475,theoretical_from_L_and_price,True,396000,405900,swap_no_boundary,,388055,True,22,33,46,46,1341108,0,,,cohort_bounded_60m,
0x4bc42d413c458b5881d898d827c33c065a49411e84eab01de398d554d1139d9f,0x80877fe12ede96f807422d5d4ee4f4c47cebc8ff,0x5fc5360d0400a0fd4f2af552add042d716f1d168,0x80877fe12ede96f807422d5d4ee4f4c47cebc8ff,0x5fc5360d0400a0fd4f2af552add042d716f1d168,0,750000,7500,0x0000000000000000000000000000000000000000,78284151,2026-10-02T13:57:33Z,0x00d4f56108b0318bdc7fe88d76f4f64201a1a711a92fa76c59c87809d51a09c8,78284151,2026-10-02T13:57:33Z,373052,-885000,885000,66341162664244,66341162664244,0.526582,526582,theoretical_from_L_and_price,True,375000,382500,no_swap,,,True,0,0,0,2,0,0,,,cohort_bounded_60m,
0xb8d07f82c17bed6bbd8c25f776b59530a2aca6c523891638980fb7bb945e5add,0xf3f2a7be6a193a90d86d398a1f82ce372aea89f2,0x5fc5360d0400a0fd4f2af552add042d716f1d168,0xf3f2a7be6a193a90d86d398a1f82ce372aea89f2,0x5fc5360d0400a0fd4f2af552add042d716f1d168,0,900000,9000,0x0000000000000000000000000000000000000000,78285484,2026-10-02T13:59:48Z,0xe4fe9faa7864acedc88031d6a0ead0e3bd5f65458779ec20b1d0dcc212024373,78285484,2026-10-02T13:59:48Z,360964,-882000,882000,140494132967143,140494132967143,2.040874,2040874,theoretical_from_L_and_price,True,369000,378000,no_swap,,,True,0,0,0,0,0,0,2026-10-02T14:01:53Z,2026-10-02T14:01:53Z,cohort_bounded_60m,2026-10-02T14:01:53Z
0x357ee5cad49f4221e7c64c372f59ce96b5f7bb4b764eb3d5ed2b4cbcf4d94f0b,0xabe1b94f9741a86dc83fbe2f2917c5795c05de8a,0x5fc5360d0400a0fd4f2af552add042d716f1d168,0xabe1b94f9741a86dc83fbe2f2917c5795c05de8a,0x5fc5360d0400a0fd4f2af552add042d716f1d168,0,890090,8901,0x0000000000000000000000000000000000000000,78286891,2026-10-02T14:02:10Z,0xde831249e94df69d61cc066c85e8b8687da2e96e2b44682f352f40333330a9e0,78286891,2026-10-02T14:02:10Z,380811,-881199,881199,29853274460652,29853274460652,0.160767,160767,theoretical_from_L_and_price,True,382743,391644,no_swap,,,True,0,0,0,0,0,0,,,cohort_bounded_60m,
0xbd3bc0fbb2eb5d26225b081adab1770394e5b754ee24374f39cf17b149294236,0x8de860190dae784a9e676cf9056f026f7c9b4848,0x5fc5360d0400a0fd4f2af552add042d716f1d168,0x8de860190dae784a9e676cf9056f026f7c9b4848,0x5fc5360d0400a0fd4f2af552add042d716f1d168,0,989998,9900,0x0000000000000000000000000000000000000000,78289794,2026-10-02T14:07:01Z,0x0f57ef672b27bb350caf648cad550b2e6a9ecdfb4815f59fa357b83834bc8533,78289794,2026-10-02T14:07:01Z,390505,-881100,881100,63996258145952,63996258145952,0.21226,212260,theoretical_from_L_and_price,True,396000,405900,swap_no_boundary,,389267,True,0,0,1,1,1355983,0,,,cohort_bounded_60m,
0x32274b8d7597e7af5b95ee699030224d3224756ab30646d0741babc2982993fd,0xecfe1c342bc256798ab3f44682c29480561cf2d5,0x5fc5360d0400a0fd4f2af552add042d716f1d168,0xecfe1c342bc256798ab3f44682c29480561cf2d5,0x5fc5360d0400a0fd4f2af552add042d716f1d168,0,989998,9900,0x0000000000000000000000000000000000000000,78290327,2026-10-02T14:07:55Z,0x31d65ac202bceb9871460fb75b3d9743e5148f02da9d1b8255a5402d985dc9c9,78290327,2026-10-02T14:07:55Z,398390,-881100,881100,77303375930564,77303375930564,0.172862,172862,theoretical_from_L_and_price,True,405900,415800,no_swap,,,True,0,0,0,0,0,0,,,cohort_bounded_60m,
0x9d21c692467db7a00dcd30793f0051cd9469d9e1e22d114a3b42c98c14147051,0xf0be5a00ffd6831667c260450e8e3f0814cb93fb,0x5fc5360d0400a0fd4f2af552add042d716f1d168,0xf0be5a00ffd6831667c260450e8e3f0814cb93fb,0x5fc5360d0400a0fd4f2af552add042d716f1d168,0,940000,60,0x0000000000000000000000000000000000000000,78290793,2026-10-02T14:08:40Z,0x6a7a604cb88ed194d61af2a44cfa5491fa13f876d259753f798b535665bc62d1,78290793,2026-10-02T14:08:40Z,437513,-887220,887220,57133270699738,57133270699738,0.018067,18067,theoretical_from_L_and_price,True,437520,437580,swap_no_boundary,,425519,True,9,9,9,9,26011268,0,,,pool_event_history_censored,
0xffa083d36c2c71fe030f592ffd26449bbcb024065d7ac97dd2a8fbdc9c86faa8,0x388e8547eb322bd7a08109e40c7d1241a791390b,0x388e8547eb322bd7a08109e40c7d1241a791390b,0x5fc5360d0400a0fd4f2af552add042d716f1d168,0x5fc5360d0400a0fd4f2af552add042d716f1d168,1,880000,8800,0x0000000000000000000000000000000000000000,78291315,2026-10-02T14:09:33Z,0xad7a2205b92758021685511961aebc04544fcd06da36bbf6e8dd1c29a71e0c2f,78291315,2026-10-02T14:09:33Z,-359677,-360800,-352000,49336989416358,49336989416358,0.041731,41731,theoretical_from_L_and_price,True,-369600,-360800,no_swap,,,False,0,0,0,0,0,0,,,older_pool_history_missing_at_entry,
0x3243cd51d79ed57b8b4dbb8975200d88c9052f3dc51338608870e66ee24203d9,0x6e4f7d7974822c004cb6ee04e21b9b9eb65c6775,0x5fc5360d0400a0fd4f2af552add042d716f1d168,0x6e4f7d7974822c004cb6ee04e21b9b9eb65c6775,0x5fc5360d0400a0fd4f2af552add042d716f1d168,0,890000,60,0x0000000000000000000000000000000000000000,78291404,2026-10-02T14:09:42Z,0x0e3e05ce8ff52e09790d9f1c2b2291bde1bb5466bc9229cd2064cc27ae478051,78291404,2026-10-02T14:09:42Z,433395,-887220,887220,389729439591264,389729439591264,0.151415,151415,theoretical_from_L_and_price,True,433440,433500,swap_no_boundary,,415399,True,0,1,2,2,4800468,0,2026-10-02T14:26:28Z,,cohort_bounded_60m,
0x7a067707783582680bbf8c068ad63f62019c7dde0a10fb96ac1f58ac83044cb3,0x4a2ec83b7bd7257383a57607a1510406a946081b,0x4a2ec83b7bd7257383a57607a1510406a946081b,0x5fc5360d0400a0fd4f2af552add042d716f1d168,0x5fc5360d0400a0fd4f2af552add042d716f1d168,1,800000,60,0x0000000000000000000000000000000000000000,78291545,2026-10-02T14:09:56Z,0x2ff55957939fa6a90ad4086a08128feb26fd505e053db2bc90f8c979f1fc56b5,78291545,2026-10-02T14:09:56Z,-394001,-887220,887220,39183640312298,39183640312298,0.109122,109122,theoretical_from_L_and_price,True,-394080,-394020,no_swap,,,True,0,0,0,0,0,0,,,cohort_bounded_60m,
0x5b0093edabdb7ccb7f1e34844e60462cae6cba1f4e22f67c16e07599f3d6ba37,0x3a13bc796163ba9bd04e66e8c2ff369d088576b4,0x3a13bc796163ba9bd04e66e8c2ff369d088576b4,0x5fc5360d0400a0fd4f2af552add042d716f1d168,0x5fc5360d0400a0fd4f2af552add042d716f1d168,1,850000,60,0x0000000000000000000000000000000000000000,78292071,2026-10-02T14:10:49Z,0xde447458c138633187112e623c0fa74131109fdb56ec75da7d4f4df219a7d1f8,78292071,2026-10-02T14:10:49Z,-400316,-887220,887220,55227543747190,55227543747190,0.112165,112165,theoretical_from_L_and_price,True,-400380,-400320,interior_crossed_end_token_only,78297820,-442801,True,0,1,2,2,69291,6545123471235605722775855,,,cohort_bounded_60m,2026-10-02T14:31:53Z
0x5a119b6ea91af136fa9dc63030bc2f0e1348ae36eb2cf41ed6954068a0e62cbe,0x3aa0ce359da22665ea478817a2f8c53dff802dea,0x0000000000000000000000000000000000000000,0x3aa0ce359da22665ea478817a2f8c53dff802dea,0x0000000000000000000000000000000000000000,0,790000,60,0x0000000000000000000000000000000000000000,78293417,2026-10-02T14:13:05Z,0x385eeff2577beb9f7edda6413d9d12a604ff2f8acba2f33dc63b39dcf8a435a2,78293417,2026-10-02T14:13:05Z,195970,-887220,887220,719931958443027628,719931958443027628,0.000039999999999999,39999999999999,theoretical_from_L_and_price,True,196020,196080,no_swap,,,True,0,0,0,0,0,0,,,pool_event_history_censored,
0xc62ee4f20bddbc62271d8abe19b7730fdc067e7fac3666491e4276f2e57a0017,0x74308a4efc7ec9a8e6cf5c3d104dbb0c1c1ea29b,0x5fc5360d0400a0fd4f2af552add042d716f1d168,0x74308a4efc7ec9a8e6cf5c3d104dbb0c1c1ea29b,0x5fc5360d0400a0fd4f2af552add042d716f1d168,0,989999,9900,0x0000000000000000000000000000000000000000,78294400,2026-10-02T14:14:45Z,0x408cb6fc4aff1a898d13ad88dc245c88f61f505b863d3a363b9d536517df1dfd,78294400,2026-10-02T14:14:45Z,401957,-881100,881100,102121330231730,102121330231730,0.191058,191058,theoretical_from_L_and_price,True,405900,415800,no_swap,,,True,0,0,0,0,0,0,,,cohort_bounded_60m,
0x3f0db271dee722ea8073164c5789442c91826190a46aa061b9369dbe3deefbda,0x4f12f0f86dd89edfcdfcbbd34eabd722bdfedacc,0x4f12f0f86dd89edfcdfcbbd34eabd722bdfedacc,0x5fc5360d0400a0fd4f2af552add042d716f1d168,0x5fc5360d0400a0fd4f2af552add042d716f1d168,1,870000,8700,0x0000000000000000000000000000000000000000,78295374,2026-10-02T14:16:21Z,0x7b610d0b55d780bb164cfae26de93a8bcfeccae001ce6cec1aba77b7987705f6,78295374,2026-10-02T14:16:21Z,-380473,-878700,878700,261845982670173,261845982670173,1.434143,1434143,theoretical_from_L_and_price,True,-391500,-382800,no_swap,,,True,0,0,0,0,0,0,,,cohort_bounded_60m,
0x00afa3f96618ce3d80293c81a6c6eb5028d1942b69a14831c1b8c187c31a7694,0xd24c9093515e654cf1a502a13a260b2eb1b25b0d,0x5fc5360d0400a0fd4f2af552add042d716f1d168,0xd24c9093515e654cf1a502a13a260b2eb1b25b0d,0x5fc5360d0400a0fd4f2af552add042d716f1d168,0,700000,7000,0x0000000000000000000000000000000000000000,78295580,2026-10-02T14:16:42Z,0xdde8bddfb3305640030c410a3693455f0c20442eda58318aba79fb4d6e173657,78295580,2026-10-02T14:16:42Z,378375,-882000,882000,23148464430126,23148464430126,0.140806,140806,theoretical_from_L_and_price,True,385000,392000,no_swap,,,True,0,0,0,0,0,0,,,cohort_bounded_60m,
0x10de6f1a1e545c031200d5df2c8a325adf93cb4d333f0ff52fee5058c51c05c1,0x6e4f7d7974822c004cb6ee04e21b9b9eb65c6775,0x5fc5360d0400a0fd4f2af552add042d716f1d168,0x6e4f7d7974822c004cb6ee04e21b9b9eb65c6775,0x5fc5360d0400a0fd4f2af552add042d716f1d168,0,980000,9800,0x0000000000000000000000000000000000000000,78296971,2026-10-02T14:19:03Z,0x33cb3babbe3a38fa1161b4683c166ec51862efc1bd5ca0c41757d705e00cd0d6,78296971,2026-10-02T14:19:03Z,414486,411600,421400,3417103898980765,3417103898980765,0.998694,998694,theoretical_from_L_and_price,True,421400,431200,no_swap,,,False,0,0,0,0,0,0,,,cohort_bounded_60m,
0x15d86b8e7a0d3cfeae0ecd898241bd1c66021c2ea2b98119d8080e6b10a47046,0x0dec043f6f6ecc5c11c919a9c568d599e281687c,0x0dec043f6f6ecc5c11c919a9c568d599e281687c,0x5fc5360d0400a0fd4f2af552add042d716f1d168,0x5fc5360d0400a0fd4f2af552add042d716f1d168,1,989998,9900,0x0000000000000000000000000000000000000000,78297249,2026-10-02T14:19:31Z,0x5e917f2dee5bdca5db8f3dd79fab0d5448481f042ade560bed669b203ef040cc,78297249,2026-10-02T14:19:31Z,-392513,-881100,881100,61841942133799,61841942133799,0.185522,185522,theoretical_from_L_and_price,True,-405900,-396000,swap_no_boundary,,-392479,True,0,1,2,2,32222,0,,,cohort_bounded_60m,
0xfce3882f42e741b2964f28f44aff03756077ff0551efc7532d2acf0411f025c0,0xe64ad9de48bf5c7e571b3d36fd9862537767b755,0x5fc5360d0400a0fd4f2af552add042d716f1d168,0xe64ad9de48bf5c7e571b3d36fd9862537767b755,0x5fc5360d0400a0fd4f2af552add042d716f1d168,0,770000,7700,0x0000000000000000000000000000000000000000,78297532,2026-10-02T14:20:00Z,0xe9b9bdf4a282a47c1ade85b69eb404e68a1a3ee0a38dce31349f04589adafde9,78297532,2026-10-02T14:20:00Z,387404,-885500,885500,715618504910098,715618504910098,2.771603,2771603,theoretical_from_L_and_price,True,392700,400400,no_swap,,,True,0,0,0,1,0,0,2026-10-02T14:51:24Z,2026-10-02T14:51:24Z,cohort_bounded_60m,
0x848079af623541ea8d2bc12f9273021d8a04e799c721f74aaf073fc9f9d6ae29,0x6e4f7d7974822c004cb6ee04e21b9b9eb65c6775,0x5fc5360d0400a0fd4f2af552add042d716f1d168,0x6e4f7d7974822c004cb6ee04e21b9b9eb65c6775,0x5fc5360d0400a0fd4f2af552add042d716f1d168,0,704650,7047,0x0000000000000000000000000000000000000000,78298822,2026-10-02T14:22:08Z,0x03ccdc80b5cb4804be54c62720dcc4800e13347bf53663b488c1ebe99c125032,78298822,2026-10-02T14:22:08Z,414486,-880875,880875,420397166437375,420397166437375,0.420397,420397,theoretical_from_L_and_price,True,415773,422820,interior_crossed_end_mixed,78303418,416192,True,1,3,3,3,998000,5280245338445181541004805,2026-10-02T15:48:41Z,2026-10-02T15:48:41Z,cohort_bounded_60m,
0xbba8546965ea79f779d829ed83b3cc42cec27f650b616635392cc233c7413c7b,0x07f4d045b6b1c9909d11d7ebcbcac4ba28490ef6,0x0000000000000000000000000000000000000000,0x07f4d045b6b1c9909d11d7ebcbcac4ba28490ef6,0x0000000000000000000000000000000000000000,0,883131,200,0x0000000000000000000000000000000000000000,78299223,2026-10-02T14:22:48Z,0xda6fdb63ada4e5e29191cda408e0923a7f1f88bad32698d7bc00ce5e417c2ce6,78299223,2026-10-02T14:22:48Z,199473,-887200,887200,26111912814161029258,26111912814161029258,0.001217699999999998,1217699999999998,theoretical_from_L_and_price,True,199600,199800,no_swap,,,True,0,0,0,0,0,0,,,cohort_bounded_60m,
0x8fea9f718a5e6f690eb86390acf30cba6320d7aa9c27bd2d47120c5fc715eaa7,0x6e4f7d7974822c004cb6ee04e21b9b9eb65c6775,0x5fc5360d0400a0fd4f2af552add042d716f1d168,0x6e4f7d7974822c004cb6ee04e21b9b9eb65c6775,0x5fc5360d0400a0fd4f2af552add042d716f1d168,0,991000,9910,0x0000000000000000000000000000000000000000,78299806,2026-10-02T14:23:47Z,0x6a0fd483e39c70a79ba0f1a780f7d1588c4e91d7c4856a97d6843393c90a6368,78299806,2026-10-02T14:23:47Z,391459,-881990,881990,948681521463599,948681521463599,2.999999,2999999,theoretical_from_L_and_price,True,396400,406310,no_swap,,,True,0,0,0,0,0,0,,,cohort_bounded_60m,
0x0c80919915874a347595d1cfc8652b2d0f1af8d1d1805342629adf2ac25114f6,0xd399a3638687f6a041ccb1bbc041d7a8b099dd2d,0x5fc5360d0400a0fd4f2af552add042d716f1d168,0xd399a3638687f6a041ccb1bbc041d7a8b099dd2d,0x5fc5360d0400a0fd4f2af552add042d716f1d168,0,989998,9900,0x0000000000000000000000000000000000000000,78300207,2026-10-02T14:24:28Z,0xc0634585338d428c2632c1908f48136e0d01b9b16eacc20362d52f7a21c2a1f2,78300207,2026-10-02T14:24:28Z,389635,-881100,881100,47419220561272,47419220561272,0.16427,164270,theoretical_from_L_and_price,True,396000,405900,swap_no_boundary,,389548,True,1,1,2,2,71161,0,,,cohort_bounded_60m,
0xd40692f11bd1a9f295e43406158bffbe3d13af2fe12e9dfad0ae9198f2c5a958,0x3a13bc796163ba9bd04e66e8c2ff369d088576b4,0x3a13bc796163ba9bd04e66e8c2ff369d088576b4,0x5fc5360d0400a0fd4f2af552add042d716f1d168,0x5fc5360d0400a0fd4f2af552add042d716f1d168,1,880000,8800,0x0000000000000000000000000000000000000000,78300253,2026-10-02T14:24:33Z,0x10018d7591f2e4e94630ce1b303a81e201bba8d00ff9d163d795cde6f8ca2268,78300253,2026-10-02T14:24:33Z,-391460,-880000,880000,392788966766694,392788966766694,1.242047,1242047,theoretical_from_L_and_price,True,-404800,-396000,interior_crossed_end_mixed,78300254,-402699,True,1,1,1,1,0,780491437518778388690692,2026-10-02T14:31:53Z,2026-10-02T14:31:53Z,cohort_bounded_60m,2026-10-02T14:31:53Z
0x60ee2644666991e70d8d11a2d191c7cf974d89c43a0974de45b57dfd4b381843,0xd399a3638687f6a041ccb1bbc041d7a8b099dd2d,0x0000000000000000000000000000000000000000,0xd399a3638687f6a041ccb1bbc041d7a8b099dd2d,0x0000000000000000000000000000000000000000,0,790000,60,0x0000000000000000000000000000000000000000,78301705,2026-10-02T14:26:59Z,0x527de22c4c407260bc6df6a07b9fc2f778c247695d075fbbf1e12db02c4e9001,78301705,2026-10-02T14:26:59Z,195912,-887220,887220,717851587868940850,717851587868940850,0.000039999999999999,39999999999999,theoretical_from_L_and_price,True,195960,196020,no_swap,,,True,0,0,0,0,0,0,,,cohort_bounded_60m,
0xb3c61597b9581e0447d9f4f05b6ac96b65a3690681a1ca29e2760830cd0eace0,0xa107b57d4fad876f2b2e79115f3dc4c098261bc8,0x5fc5360d0400a0fd4f2af552add042d716f1d168,0xa107b57d4fad876f2b2e79115f3dc4c098261bc8,0x5fc5360d0400a0fd4f2af552add042d716f1d168,0,989999,9900,0x0000000000000000000000000000000000000000,78302469,2026-10-02T14:28:12Z,0xfd61659cd20b51553ac9ce9767968471d96b297977f24f5d0120f87214c5d77b,78302469,2026-10-02T14:28:12Z,396567,-881100,881100,75016421603210,75016421603210,0.183756,183756,theoretical_from_L_and_price,True,405900,415800,no_swap,,,True,0,0,0,0,0,0,,,cohort_bounded_60m,
0x8029337b301ae323a8dc72a25c6883a98eff433390b808ef1274dc7673ff7e54,0x50ff73f0ca754aa02befa5ba9b49c28cd9e55acb,0x50ff73f0ca754aa02befa5ba9b49c28cd9e55acb,0x5fc5360d0400a0fd4f2af552add042d716f1d168,0x5fc5360d0400a0fd4f2af552add042d716f1d168,1,989999,9900,0x0000000000000000000000000000000000000000,78306542,2026-10-02T14:35:03Z,0xd4f6d20680f9d9f46ddf831fa5c9804aa14a06bcaafabbb99d80f6578e2c88c4,78306542,2026-10-02T14:35:03Z,-398391,-881100,881100,84653224473525,84653224473525,0.189288,189288,theoretical_from_L_and_price,True,-415800,-405900,no_swap,,,True,0,0,0,0,0,0,,,cohort_bounded_60m,
0xaefdba73afe90fe33817e13266fc37ae370a98db8bfaad28c9c9cd036f6deff5,0x4f12f0f86dd89edfcdfcbbd34eabd722bdfedacc,0x0000000000000000000000000000000000000000,0x4f12f0f86dd89edfcdfcbbd34eabd722bdfedacc,0x0000000000000000000000000000000000000000,0,883131,200,0x0000000000000000000000000000000000000000,78306865,2026-10-02T14:35:36Z,0xa293d58fd01f865c0cbac329d190723c696f343b6c0b3abee7145f2c24bb6070,78306865,2026-10-02T14:35:36Z,186161,-887200,887200,13420822380733354296,13420822380733354296,0.001217699999999999,1217699999999999,theoretical_from_L_and_price,True,186200,186400,swap_no_boundary,,186065,True,1,1,1,1,50000000000000,0,,,cohort_bounded_60m,
0x6d23da2118944a5b42919a8680d6f05687870c8a0e3ab7e5d842bef31c8391db,0x6e4f7d7974822c004cb6ee04e21b9b9eb65c6775,0x5fc5360d0400a0fd4f2af552add042d716f1d168,0x6e4f7d7974822c004cb6ee04e21b9b9eb65c6775,0x5fc5360d0400a0fd4f2af552add042d716f1d168,0,830000,8300,0x0000000000000000000000000000000000000000,78307053,2026-10-02T14:35:55Z,0x211cc2743b9149fc4c50a03d8cf8443f91ce1f8589c531776fbdc064acf8f4f4,78307053,2026-10-02T14:35:55Z,417216,390100,431600,5271125494566320,5271125494566320,2.35835,2358350,theoretical_from_L_and_price,True,423300,431600,no_swap,,,False,0,0,0,0,0,0,2026-10-02T14:45:59Z,2026-10-02T14:45:59Z,cohort_bounded_60m,
0x9ae3a91c65b3f91c79f3b324c467131dc9fb2acfd3123b71d7882a05bdc13676,0x6267190d97f619674f95878fe2ad2b9d5a6198aa,0x5fc5360d0400a0fd4f2af552add042d716f1d168,0x6267190d97f619674f95878fe2ad2b9d5a6198aa,0x5fc5360d0400a0fd4f2af552add042d716f1d168,0,900000,60,0x0000000000000000000000000000000000000000,78307421,2026-10-02T14:36:32Z,0x6b8b98dd2c53e26e9f3f05e866a3083552ec81a10b723813074d4a4286d0b115,78307421,2026-10-02T14:36:32Z,406380,-887220,887220,72406995686130,72406995686130,0.108589,108589,theoretical_from_L_and_price,True,406440,406500,no_swap,,,True,0,0,0,1,0,0,,,cohort_bounded_60m,2026-10-02T15:26:49Z
0x7026fee77f619775a9e56f166639076ab83d847544d3ecf854ba3bcffb0f9006,0xc3a593c4c564958cbc57d2000d0724264d2514d4,0x5fc5360d0400a0fd4f2af552add042d716f1d168,0xc3a593c4c564958cbc57d2000d0724264d2514d4,0x5fc5360d0400a0fd4f2af552add042d716f1d168,0,989998,9900,0x0000000000000000000000000000000000000000,78309862,2026-10-02T14:40:39Z,0x1a2a9a62f5d40a476a7586d5a88a45a947446205ae545c2667d4a2553afba1ef,78309862,2026-10-02T14:40:39Z,406601,-881100,881100,101565821910993,101565821910993,0.150646,150646,theoretical_from_L_and_price,True,415800,425700,no_swap,,,True,0,0,0,0,0,0,,,cohort_bounded_60m,
0x4a34445bdae46562e04616fa69570654982e4db8fdead46253bfb62c86201e9e,0x7dc47885dd96915d8723ee588452e024ecc7fbc8,0x5fc5360d0400a0fd4f2af552add042d716f1d168,0x7dc47885dd96915d8723ee588452e024ecc7fbc8,0x5fc5360d0400a0fd4f2af552add042d716f1d168,0,870000,8700,0x0000000000000000000000000000000000000000,78310189,2026-10-02T14:41:09Z,0x4fa72e45b61fc50da73ff4b7851eb9d4c1ce1bc0bfa7b3e14bd5d16cdb6a6fc8,78310189,2026-10-02T14:41:09Z,382703,-878700,878700,477367036867073,477367036867073,2.338717,2338717,theoretical_from_L_and_price,True,382800,391500,no_swap,,,True,0,0,0,0,0,0,,,cohort_bounded_60m,
0xf232484bfe23c0c93d4b5ac5f3e658123d6be52be4188995ef3d6d1e40201848,0x80877fe12ede96f807422d5d4ee4f4c47cebc8ff,0x5fc5360d0400a0fd4f2af552add042d716f1d168,0x80877fe12ede96f807422d5d4ee4f4c47cebc8ff,0x5fc5360d0400a0fd4f2af552add042d716f1d168,0,880000,8800,0x0000000000000000000000000000000000000000,78310250,2026-10-02T14:41:16Z,0x2707d72fa07f1ee45c05249510cd76a9311f089861e938e32f1727c7a90a257b,78310250,2026-10-02T14:41:16Z,365505,-880000,880000,172772018,172772018,0.000001,1,theoretical_from_L_and_price,True,369600,378400,no_swap,,,True,0,0,0,0,0,0,,,cohort_bounded_60m,
0xb5472f186fe1b5bb5489e66ad591f47403471dfe20dd3cf5a394e9ef8aa858f2,0x7dc47885dd96915d8723ee588452e024ecc7fbc8,0x5fc5360d0400a0fd4f2af552add042d716f1d168,0x7dc47885dd96915d8723ee588452e024ecc7fbc8,0x5fc5360d0400a0fd4f2af552add042d716f1d168,0,991000,9910,0x0000000000000000000000000000000000000000,78310888,2026-10-02T14:42:20Z,0x69af2c227097a8a754a0a07c3f86a231500e5bdc1edf20dae79db7cdf0b4fffb,78310888,2026-10-02T14:42:20Z,360547,-881990,881990,202259276885633,202259276885633,2.999999,2999999,theoretical_from_L_and_price,True,366670,376580,no_swap,,,True,0,0,0,0,0,0,,,cohort_bounded_60m,
0xb416ca9a5e3a79608ca6dad4df2b80fc3582e5621853aa617083f5759329fe3e,0xe70841a2b5383a0cb6681c4f4fe842c834045b92,0x5fc5360d0400a0fd4f2af552add042d716f1d168,0xe70841a2b5383a0cb6681c4f4fe842c834045b92,0x5fc5360d0400a0fd4f2af552add042d716f1d168,0,989999,9900,0x0000000000000000000000000000000000000000,78311267,2026-10-02T14:42:58Z,0xe4d914661bebb57215190355bc28892d0fa87250135ded7c4af2f212e7b9bfd8,78311267,2026-10-02T14:42:58Z,393690,-881100,881100,64278370457485,64278370457485,0.181811,181811,theoretical_from_L_and_price,True,396000,405900,no_swap,,,True,0,0,0,0,0,0,,,cohort_bounded_60m,
0xb5ce98305dcc314661a0e8db210dc6445cab30cf8d9b17535ff9833f04eca9da,0x388e8547eb322bd7a08109e40c7d1241a791390b,0x388e8547eb322bd7a08109e40c7d1241a791390b,0x5fc5360d0400a0fd4f2af552add042d716f1d168,0x5fc5360d0400a0fd4f2af552add042d716f1d168,1,832220,8322,0x0000000000000000000000000000000000000000,78312033,2026-10-02T14:44:16Z,0xae92a6d2f950fb204ff8a828e286a45529897e0f11cc1b33e99c7f85e1e07e40,78312033,2026-10-02T14:44:16Z,-390940,-882132,882132,2008447521263885,2008447521263885,6.518244,6518244,theoretical_from_L_and_price,True,-399456,-391134,swap_no_boundary,,-390714,True,0,1,2,2,1199805,0,,,older_pool_history_missing_at_entry,
0x2680898c78ecd39bbcb19a073e1c82e98a10a0d5be6a997f896b5e275af79a18,0x15da2596f4c21227185466066bf0f19d9d526b8a,0x15da2596f4c21227185466066bf0f19d9d526b8a,0x5fc5360d0400a0fd4f2af552add042d716f1d168,0x5fc5360d0400a0fd4f2af552add042d716f1d168,1,989999,9900,0x0000000000000000000000000000000000000000,78313149,2026-10-02T14:46:08Z,0xdbb14459456f6fb875e85014dd657bbe5507e866338cb40f196a20cd17f5bf33,78313149,2026-10-02T14:46:08Z,-389636,-881100,881100,50372757094982,50372757094982,0.174493,174493,theoretical_from_L_and_price,True,-405900,-396000,swap_no_boundary,,-389565,True,0,0,4,4,62644,0,,,cohort_bounded_60m,
0x284fc2ea74a7796052caace2bce774f74b762b087e35f811266f7d036e9f6639,0xe70841a2b5383a0cb6681c4f4fe842c834045b92,0x0000000000000000000000000000000000000000,0xe70841a2b5383a0cb6681c4f4fe842c834045b92,0x0000000000000000000000000000000000000000,0,883131,200,0x0000000000000000000000000000000000000000,78313190,2026-10-02T14:46:12Z,0xb062830f13da547f222d9bf3c531e7c1d12020053a55ff62fe9d812b62ee775d,78313190,2026-10-02T14:46:12Z,189538,-887200,887200,15889631445736057729,15889631445736057729,0.001217699999999999,1217699999999999,theoretical_from_L_and_price,True,189600,189800,no_swap,,,True,0,0,0,0,0,0,,,cohort_bounded_60m,
0xb1a3ff9e659e56940018a58f13d188887274ca0633ce6c20bb45dd808a563d76,0x8de860190dae784a9e676cf9056f026f7c9b4848,0x5fc5360d0400a0fd4f2af552add042d716f1d168,0x8de860190dae784a9e676cf9056f026f7c9b4848,0x5fc5360d0400a0fd4f2af552add042d716f1d168,0,700000,7000,0x0000000000000000000000000000000000000000,78314047,2026-10-02T14:47:35Z,0x066d069e3f4f3bf28d0cdb957be1840e0772c64a0f1155e740f27cb0baaf1a4a,78314047,2026-10-02T14:47:35Z,377107,-882000,882000,87950359266300,87950359266300,0.569996,569996,theoretical_from_L_and_price,True,378000,385000,no_swap,,,True,0,0,0,0,0,0,,,cohort_bounded_60m,
0x9d806c6b0820dde056c1d1d450a62509c8a8a03fa9d1e063bfc7f40c193ef74d,0x2b1ebee05eb60a92d30c425ef8f4f965adaca6ad,0x2b1ebee05eb60a92d30c425ef8f4f965adaca6ad,0x5fc5360d0400a0fd4f2af552add042d716f1d168,0x5fc5360d0400a0fd4f2af552add042d716f1d168,1,989998,9900,0x0000000000000000000000000000000000000000,78314065,2026-10-02T14:47:37Z,0x41a00e23a05eba2df6d075a495472e3c1055a07168474759cb018fd11fb03c52,78314065,2026-10-02T14:47:37Z,-399225,-881100,881100,83033748328510,83033748328510,0.178084,178084,theoretical_from_L_and_price,True,-415800,-405900,no_swap,,,True,0,0,0,0,0,0,,,cohort_bounded_60m,
0x7014a387ad645ad1ddb59d26212ce69f2347365cd8acceaf28443e13197221b7,0x17d623685e9165ebc57ea410d2b4e6bcf9f83bb0,0x17d623685e9165ebc57ea410d2b4e6bcf9f83bb0,0x5fc5360d0400a0fd4f2af552add042d716f1d168,0x5fc5360d0400a0fd4f2af552add042d716f1d168,1,989999,9900,0x0000000000000000000000000000000000000000,78315178,2026-10-02T14:49:30Z,0xa192e0c6e2a0faa45b7f9f539a96714489cdea1cf3bb910b76d69ebd5bc9d46f,78315178,2026-10-02T14:49:30Z,-396568,-881100,881100,81873182625317,81873182625317,0.200542,200542,theoretical_from_L_and_price,True,-415800,-405900,no_swap,,,True,0,0,0,0,0,0,,,cohort_bounded_60m,
0x6c4bd68c9d45b2cba620f9a16085b7da93fe833d230ff1139afb59a01e1b4beb,0xb9972ca7188e511174947e3936a5315ac7073277,0x0000000000000000000000000000000000000000,0xb9972ca7188e511174947e3936a5315ac7073277,0x0000000000000000000000000000000000000000,0,883131,200,0x0000000000000000000000000000000000000000,78315246,2026-10-02T14:49:37Z,0x6798fdbf7bc31905725795e23ca34779385c9f6879e47b72d4bfd9c6501fdd4a,78315246,2026-10-02T14:49:37Z,128178,-887200,887200,739204964511592942,739204964511592942,0.001217699999999999,1217699999999999,theoretical_from_L_and_price,True,128200,128400,no_swap,,,True,0,0,0,0,0,0,,,cohort_bounded_60m,
0xd7abb4212a2b9b84ec00d2dd8912e3663bda1dba6cbbc5471cff8fb5d1a86394,0x82794422d602167970d92f7754f3f1d261389a47,0x5fc5360d0400a0fd4f2af552add042d716f1d168,0x82794422d602167970d92f7754f3f1d261389a47,0x5fc5360d0400a0fd4f2af552add042d716f1d168,0,989998,9900,0x0000000000000000000000000000000000000000,78315682,2026-10-02T14:50:21Z,0x170bae895b1852b3455d683ecd07e7303bbe7b20e14398196676cf1dfb969125,78315682,2026-10-02T14:50:21Z,392512,-881100,881100,86906645492347,86906645492347,0.260728,260728,theoretical_from_L_and_price,True,396000,405900,swap_no_boundary,,392242,True,2,2,2,2,353220,0,,,cohort_bounded_60m,
0x33bf408d4768e9534a17076a0c37712748475222ccc1caf723e7171539a065c6,0xecf5fac8167a5160e3b33445ab08ebb8c4caffca,0x0000000000000000000000000000000000000000,0xecf5fac8167a5160e3b33445ab08ebb8c4caffca,0x0000000000000000000000000000000000000000,0,883131,200,0x0000000000000000000000000000000000000000,78317186,2026-10-02T14:52:52Z,0xe59014f6a0206e1f13e3aab15f05ca1d97014650702d942c483e092ca47a8ad0,78317186,2026-10-02T14:52:52Z,200089,-887200,887200,26928870579211548594,26928870579211548594,0.001217699999999998,1217699999999998,theoretical_from_L_and_price,True,200200,200400,no_swap,,,True,0,0,0,0,0,0,,,cohort_bounded_60m,
0xe60d58bcef27ea8f07a9dbc6e12828ba13b68df30255687eec22d93e136c2a1d,0xecf5fac8167a5160e3b33445ab08ebb8c4caffca,0x0000000000000000000000000000000000000000,0xecf5fac8167a5160e3b33445ab08ebb8c4caffca,0x0000000000000000000000000000000000000000,0,790000,60,0x0000000000000000000000000000000000000000,78317212,2026-10-02T14:52:55Z,0x41959a9902c701d5c4c94eaf532f28bd471e4fd028c88afa8ff4577112e8dbf6,78317212,2026-10-02T14:52:55Z,215439,-887220,887220,1905613476097507257,1905613476097507257,0.000039999999999999,39999999999999,theoretical_from_L_and_price,True,215460,215520,no_swap,,,True,0,0,0,0,0,0,,,cohort_bounded_60m,
0x3ff1ad3796f7763fd68ba3e0e7ae21e8987e0278da2bf96472d1a3fc5531f18f,0x647d23868453a33e8116368264cf856022b28954,0x5fc5360d0400a0fd4f2af552add042d716f1d168,0x647d23868453a33e8116368264cf856022b28954,0x5fc5360d0400a0fd4f2af552add042d716f1d168,0,701000,7010,0x0000000000000000000000000000000000000000,78317562,2026-10-02T14:53:29Z,0xa6cd02a7dbf0645a4cc7cdc2702134649de1820ba37625e8c1b6fb2af93a4887,78317562,2026-10-02T14:53:29Z,379826,-883260,883260,773202478877805,773202478877805,4.3741,4374100,theoretical_from_L_and_price,True,385550,392560,no_swap,,,True,0,0,0,0,0,0,2026-10-02T15:47:30Z,,cohort_bounded_60m,
0x9bef5f939e4faf9a923a515af3e435541f85d52f553d581bc644ee406c9e37ef,0x15da2596f4c21227185466066bf0f19d9d526b8a,0x0000000000000000000000000000000000000000,0x15da2596f4c21227185466066bf0f19d9d526b8a,0x0000000000000000000000000000000000000000,0,790000,60,0x0000000000000000000000000000000000000000,78319706,2026-10-02T14:57:06Z,0xd7f3047f368dff90550ecaa048867eeeb5d7340ef600ecab635b2dd68f86c7ec,78319706,2026-10-02T14:57:06Z,192703,-887220,887220,611447102503121771,611447102503121771,0.000039999999999999,39999999999999,theoretical_from_L_and_price,True,192720,192780,swap_no_boundary,,178066,True,1,1,1,7,205707786873681,0,,,cohort_bounded_60m,
0x6c2723ed29d6a46ca1a617e08f107c58ccda50a31e4031b7702991443973ea9a,0xf99123f6dcf81eabe1adb936ead520f92067e5cc,0x5fc5360d0400a0fd4f2af552add042d716f1d168,0xf99123f6dcf81eabe1adb936ead520f92067e5cc,0x5fc5360d0400a0fd4f2af552add042d716f1d168,0,810000,60,0x0000000000000000000000000000000000000000,78320477,2026-10-02T14:58:24Z,0xdaf1d5ed2c26c3c17115c522234d9876d8ea953d3eacb78d8289defdf19b662c,78320477,2026-10-02T14:58:24Z,403266,-887220,887220,62289756759836,62289756759836,0.109152,109152,theoretical_from_L_and_price,True,403320,403380,no_swap,,,True,0,0,0,0,0,0,,,cohort_bounded_60m,
0x5ee88062afe641954afcbbf238ed682ce3a87f8697e30d81f84b5bbf8f7f4c71,0x39f59262a6f82bb1e0ae30a2ae2fab2a66accd44,0x39f59262a6f82bb1e0ae30a2ae2fab2a66accd44,0x5fc5360d0400a0fd4f2af552add042d716f1d168,0x5fc5360d0400a0fd4f2af552add042d716f1d168,1,800000,8000,0x0000000000000000000000000000000000000000,78320583,2026-10-02T14:58:34Z,0x14b8c55a95d6085205a872b46fc103498ed9e5cd12ef61a43c9db4a7e6d052dd,78320583,2026-10-02T14:58:34Z,-392513,-880000,880000,161468126560199,161468126560199,0.484396,484396,theoretical_from_L_and_price,True,-408000,-400000,no_swap,,,True,0,0,0,0,0,0,,,cohort_bounded_60m,
0xb024718e738be41b275603aee5ba0d843c2192dd7654a82d0b4535a30f73e0c7,0x7fa6d2b81743f90e544fc794396d90b12d81b2dc,0x5fc5360d0400a0fd4f2af552add042d716f1d168,0x7fa6d2b81743f90e544fc794396d90b12d81b2dc,0x5fc5360d0400a0fd4f2af552add042d716f1d168,0,950000,60,0x0000000000000000000000000000000000000000,78321989,2026-10-02T15:00:55Z,0xcd57ad6fb7c6d55bc2fdeca0446b255c1bc8f586d867966c871770ea1b5997b8,78321989,2026-10-02T15:00:55Z,426526,-887220,887220,458672155328211,458672155328211,0.251225,251225,theoretical_from_L_and_price,True,426540,426600,swap_no_boundary,,426477,True,1,1,8,53,249899802,0,,,cohort_bounded_60m,
0xbebd97dcaa7c37b621ac544f9af4e59ee51a96154c678c83f0e43e0631e374a8,0xa97a4637b29e4224a17b80e4b3270eb9fd041e18,0x0000000000000000000000000000000000000000,0xa97a4637b29e4224a17b80e4b3270eb9fd041e18,0x0000000000000000000000000000000000000000,0,883131,200,0x0000000000000000000000000000000000000000,78322254,2026-10-02T15:01:22Z,0x22536a54cc7f7c2a0b1b080a8967e9eec3bc5fc88543b3ab296f0924c351876b,78322254,2026-10-02T15:01:22Z,182076,-887200,887200,10941553999123734098,10941553999123734098,0.001217699999999999,1217699999999999,theoretical_from_L_and_price,True,182200,182400,swap_no_boundary,,182073,True,1,1,1,1,1645807961237,0,,,cohort_bounded_60m,
0xc4c6373a4ff11392b2e750d2b7aa2786773360ad609ffb740faf9c5ace794f2e,0x1cafb6f6ce0ae5d59cdc1946e18dc91ff86b4277,0x0000000000000000000000000000000000000000,0x1cafb6f6ce0ae5d59cdc1946e18dc91ff86b4277,0x0000000000000000000000000000000000000000,0,883131,200,0x0000000000000000000000000000000000000000,78322481,2026-10-02T15:01:45Z,0xefb91a42a9bb4f6e9a6e62203c2b18c653a94400d0ac78741981dabd100c68aa,78322481,2026-10-02T15:01:45Z,201061,-887200,887200,28269176707825329711,28269176707825329711,0.001217699999999998,1217699999999998,theoretical_from_L_and_price,True,201200,201400,no_swap,,,True,0,0,0,0,0,0,,,cohort_bounded_60m,
0xd6b39c051d0ed0a35c780e1d6232de87557a70b7f98ae9e0c23c3eb8a894d477,0x9cbb42386c0644ba519a4a26f64d6b42b4a11e18,0x0000000000000000000000000000000000000000,0x9cbb42386c0644ba519a4a26f64d6b42b4a11e18,0x0000000000000000000000000000000000000000,0,883131,200,0x0000000000000000000000000000000000000000,78322726,2026-10-02T15:02:10Z,0x4e798afff0b38759f442d1acf7ae7effb02e6867bf109f01f83909ab5d58c493,78322726,2026-10-02T15:02:10Z,175835,-887200,887200,8008918056283512617,8008918056283512617,0.001217699999999999,1217699999999999,theoretical_from_L_and_price,True,176000,176200,no_swap,,,True,0,0,0,0,0,0,2026-10-02T15:19:14Z,,cohort_bounded_60m,
0x519f0eb0487535beea8eac90efff61df4b8765b78ff66d83dc31791a464962e4,0xf25c5f8133bf721ccbdd2f5cddad7b71ec4f240b,0x5fc5360d0400a0fd4f2af552add042d716f1d168,0xf25c5f8133bf721ccbdd2f5cddad7b71ec4f240b,0x5fc5360d0400a0fd4f2af552add042d716f1d168,0,774440,7744,0x0000000000000000000000000000000000000000,78323046,2026-10-02T15:02:42Z,0xcd2d9892e8f548f984d7e78fb65ebc818360f7124f0b39f3073d215a36510714,78323046,2026-10-02T15:02:42Z,369485,-882816,882816,81012427302084,81012427302084,0.768577,768577,theoretical_from_L_and_price,True,371712,379456,interior_crossed_end_token_only,78336486,390167,True,0,0,2,2,3000,171178884481990202271599,,,cohort_bounded_60m,
0xa61d21675203e153c8778200078ce7cc9d769d5993d95923aa74cfb95996ca2f,0x73aec6f553a141d626b103e88f4b27193f32ed1c,0x5fc5360d0400a0fd4f2af552add042d716f1d168,0x73aec6f553a141d626b103e88f4b27193f32ed1c,0x5fc5360d0400a0fd4f2af552add042d716f1d168,0,774440,7744,0x0000000000000000000000000000000000000000,78324354,2026-10-02T15:04:54Z,0x78bcc8b651784e0aa0392afbcca13906342f162630f3dde5ff5fe9f2421060fd,78324354,2026-10-02T15:04:54Z,391459,-882816,882816,78873065467238,78873065467238,0.249418,249418,theoretical_from_L_and_price,True,394944,402688,no_swap,,,True,0,0,0,0,0,0,,,cohort_bounded_60m,
0x34e2abfb1e8ce11463f6e096d917c769213ff741bf84dd9c6fa1cf113c7c1fa9,0x73aec6f553a141d626b103e88f4b27193f32ed1c,0x0000000000000000000000000000000000000000,0x73aec6f553a141d626b103e88f4b27193f32ed1c,0x0000000000000000000000000000000000000000,0,790000,60,0x0000000000000000000000000000000000000000,78325777,2026-10-02T15:07:16Z,0x505592544be58c4c72e15c780a0bde8911366cd74e3a79b0c2ec9d98a36b8171,78325777,2026-10-02T15:07:16Z,194551,-887220,887220,670613352886450810,670613352886450810,0.000039999999999999,39999999999999,theoretical_from_L_and_price,True,194580,194640,no_swap,,,True,0,0,0,0,0,0,,,cohort_bounded_60m,
0xe7d07116477b7987b2a37dddc621dc32ec1dfc82cc23040c2e43008cec55407a,0xe64ad9de48bf5c7e571b3d36fd9862537767b755,0x5fc5360d0400a0fd4f2af552add042d716f1d168,0xe64ad9de48bf5c7e571b3d36fd9862537767b755,0x5fc5360d0400a0fd4f2af552add042d716f1d168,0,900000,9000,0x0000000000000000000000000000000000000000,78325953,2026-10-02T15:07:33Z,0xcdd9b1e7fd9facc14e8160aae441a86a46558a0092e6986182f8d1faf60edfa3,78325953,2026-10-02T15:07:33Z,381162,351000,405000,3968866461070037,3968866461070037,14.624222,14624222,theoretical_from_L_and_price,True,387000,396000,no_swap,,,False,0,0,0,0,0,0,2026-10-02T15:24:09Z,2026-10-02T15:24:09Z,pool_event_history_censored,
0x608746bba9dea50501ba3bf92daaff401e9b00dc314e40bd4199f9de0e4a7375,0x7bc5a81458453de233ee3204169e053767deb3ca,0x5fc5360d0400a0fd4f2af552add042d716f1d168,0x7bc5a81458453de233ee3204169e053767deb3ca,0x5fc5360d0400a0fd4f2af552add042d716f1d168,0,860000,60,0x0000000000000000000000000000000000000000,78326762,2026-10-02T15:08:55Z,0xd41114cf51014c7dbb72d9e44b20c5828cc83972dc597b9949ba5b5219238945,78326762,2026-10-02T15:08:55Z,375325,-887220,379920,686887530495541,686887530495541,0.998752,998752,theoretical_from_L_and_price,True,375360,375420,swap_no_boundary,,375318,False,3,3,3,3,12366,0,2026-10-02T15:34:56Z,,cohort_bounded_60m,
0xd4dcf272a668de96aa0f91fc2752d84a331f623530950fb99cfa76e890614883,0x7bc5a81458453de233ee3204169e053767deb3ca,0x0000000000000000000000000000000000000000,0x7bc5a81458453de233ee3204169e053767deb3ca,0x0000000000000000000000000000000000000000,0,850000,60,0x0000000000000000000000000000000000000000,78326795,2026-10-02T15:08:58Z,0xd6acd67e365aa088981305d5d11dc9c05365128066cc36c0dfc8a4215fd28b95,78326795,2026-10-02T15:08:58Z,177911,-887220,182400,13288176836031507781,13288176836031507781,0.000366101630937251,366101630937251,theoretical_from_L_and_price,True,177960,178020,no_swap,,,False,0,0,0,0,0,0,,,cohort_bounded_60m,
0xaf31ec27c0779eba009b0f5cc6226edbec2cd581451f4db651e5f930f8e3251b,0x5384399deda75163fe7bbe1bca4ba4dad0cd0c4b,0x0000000000000000000000000000000000000000,0x5384399deda75163fe7bbe1bca4ba4dad0cd0c4b,0x0000000000000000000000000000000000000000,0,883131,200,0x0000000000000000000000000000000000000000,78326898,2026-10-02T15:09:09Z,0xb8088d2e07d7173e7cb859d05163eb0ddac504ffd624208d8f02ca4021f7031c,78326898,2026-10-02T15:09:09Z,197217,-887200,887200,23326657310386853702,23326657310386853702,0.001217699999999998,1217699999999998,theoretical_from_L_and_price,True,197400,197600,no_swap,,,True,0,0,0,0,0,0,,,cohort_bounded_60m,
0xd5dc2be23377df83e267c9ab90c93d15be7e7d50a488b2613ecc6c8007c957d2,0x53e319db34cf8694fef62565e2977dfe226a23dc,0x53e319db34cf8694fef62565e2977dfe226a23dc,0x5fc5360d0400a0fd4f2af552add042d716f1d168,0x5fc5360d0400a0fd4f2af552add042d716f1d168,1,700000,7000,0x0000000000000000000000000000000000000000,78327107,2026-10-02T15:09:30Z,0x2c942d16b9a8cf1fc96ce4a2203622932588f2f75167011b1d2f57b6318efe3e,78327107,2026-10-02T15:09:30Z,-380473,-882000,882000,128733309636045,128733309636045,0.705078,705078,theoretical_from_L_and_price,True,-392000,-385000,interior_crossed_end_token_only,78338764,-397541,True,0,0,4,4,3000,106223718148887315427714,,,cohort_bounded_60m,
0x85d6952628fb667248bc91267b8329bd66ae06cf9e51433c0a45ab2b70ce89bd,0x8de860190dae784a9e676cf9056f026f7c9b4848,0x0000000000000000000000000000000000000000,0x8de860190dae784a9e676cf9056f026f7c9b4848,0x0000000000000000000000000000000000000000,0,883131,200,0x0000000000000000000000000000000000000000,78327115,2026-10-02T15:09:30Z,0x821539fabc9338e381c4948a80ac6a58afcd5162f45c8b357707edf97524b4d4,78327115,2026-10-02T15:09:30Z,179546,-887200,887200,9641577139280754184,9641577139280754184,0.001217699999999999,1217699999999999,theoretical_from_L_and_price,True,179600,179800,no_swap,,,True,0,0,0,0,0,0,,,pool_event_history_censored,
0x7db5e08aadee94da29d3429f7926dab55c846ece91bf31839214382a8773e5d6,0x9cbb42386c0644ba519a4a26f64d6b42b4a11e18,0x5fc5360d0400a0fd4f2af552add042d716f1d168,0x9cbb42386c0644ba519a4a26f64d6b42b4a11e18,0x5fc5360d0400a0fd4f2af552add042d716f1d168,0,880000,8800,0x0000000000000000000000000000000000000000,78327550,2026-10-02T15:10:15Z,0x19f97c34aeb57c79fbf237ca768a12f8bbe977db4ae8e4a28a42219193f80ba4,78327550,2026-10-02T15:10:15Z,376872,-880000,880000,143232998673936,143232998673936,0.939248,939248,theoretical_from_L_and_price,True,378400,387200,no_swap,,,True,0,0,0,0,0,0,2026-10-02T15:24:50Z,2026-10-02T15:24:50Z,cohort_bounded_60m,
0x9906f8760ab302aa09f10143b7321ee2ace4556f857675fafb006bb7f213e64f,0x7a0d4754e187625a0afd26eafcd846ec9a29fccc,0x5fc5360d0400a0fd4f2af552add042d716f1d168,0x7a0d4754e187625a0afd26eafcd846ec9a29fccc,0x5fc5360d0400a0fd4f2af552add042d716f1d168,0,890000,60,0x0000000000000000000000000000000000000000,78327644,2026-10-02T15:10:25Z,0x3e5c8f4f1c575bb03d16173862033307b6fc6d3b322f6a723222c03ab14ed8ba,78327644,2026-10-02T15:10:25Z,403337,-887220,887220,63786998790463,63786998790463,0.111379,111379,theoretical_from_L_and_price,True,403380,403440,no_swap,,,True,0,0,0,0,0,0,,,cohort_bounded_60m,
0x57ad59b895ee00b9b1338c7371f4f86ae0db248572eba1b482f0c325ac06455f,0x5ca346bbab84a8753455cf0ad2ba782d5f5dbec3,0x0000000000000000000000000000000000000000,0x5ca346bbab84a8753455cf0ad2ba782d5f5dbec3,0x0000000000000000000000000000000000000000,0,883131,200,0x0000000000000000000000000000000000000000,78327939,2026-10-02T15:10:55Z,0xdcb238099ee3c64d6afc6aef6fd95c231a5cd5a5c4d7cc90bda9fbc504fee824,78327939,2026-10-02T15:10:55Z,195110,-887200,887200,20994501574228743973,20994501574228743973,0.001217699999999998,1217699999999998,theoretical_from_L_and_price,True,195200,195400,no_swap,,,True,0,0,0,0,0,0,,,cohort_bounded_60m,
0xaa5f36c9103ae2b9b19e04f85bb8c346f40bf741fd11309a5fea0370ac880c86,0x9c57e13c4105c4f64ab4cb19ace21ec3b91ce635,0x5fc5360d0400a0fd4f2af552add042d716f1d168,0x9c57e13c4105c4f64ab4cb19ace21ec3b91ce635,0x5fc5360d0400a0fd4f2af552add042d716f1d168,0,820000,8200,0x0000000000000000000000000000000000000000,78328847,2026-10-02T15:12:26Z,0x38358420e3bd042e25c73d581512fcb7121a35debd72de657d55e5def2434cf6,78328847,2026-10-02T15:12:26Z,378649,-885600,885600,311236588976460,311236588976460,1.867424,1867424,theoretical_from_L_and_price,True,385400,393600,no_swap,,,True,0,0,0,0,0,0,2026-10-02T15:18:54Z,2026-10-02T15:18:54Z,older_pool_history_missing_at_entry,
0xc56999aa0628de51c999760bbb30b9b577350e430bbdb092495483f3dd995e91,0x0401324674a0a3df33f1fc23bfcb04c13fe39fbc,0x0000000000000000000000000000000000000000,0x0401324674a0a3df33f1fc23bfcb04c13fe39fbc,0x0000000000000000000000000000000000000000,0,700000,7000,0x0000000000000000000000000000000000000000,78328962,2026-10-02T15:12:38Z,0xff6f3e2e338680d57d7fb31f3b32bfd8b2699c5c142a31d9f2743158a391b268,78328962,2026-10-02T15:12:38Z,206212,-882000,882000,4281238284937875883,4281238284937875883,0.000142546511117087,142546511117087,theoretical_from_L_and_price,True,210000,217000,no_swap,,,True,0,0,0,0,0,0,,,cohort_bounded_60m,
0x7f5b83878c9f191b28a7485dd0d63c43b5a1e6123998ecf5b89e859d2d82122d,0x7fa6d2b81743f90e544fc794396d90b12d81b2dc,0x5fc5360d0400a0fd4f2af552add042d716f1d168,0x7fa6d2b81743f90e544fc794396d90b12d81b2dc,0x5fc5360d0400a0fd4f2af552add042d716f1d168,0,750000,7500,0x0000000000000000000000000000000000000000,78330008,2026-10-02T15:14:21Z,0x55291b662b4ff4dc35af16ebba315e69f0b3d9f8060936c9be93422f5726957a,78330008,2026-10-02T15:14:21Z,396567,-885000,885000,213237741295126,213237741295126,0.522337,522337,theoretical_from_L_and_price,True,397500,405000,interior_crossed_end_token_only,78330012,410453,True,1,8,18,22,4558370,9262162373930835217003578,,,cohort_bounded_60m,
0x49de6be1fe6f8b4b44a417baeb366f399fe33d11a26fda1416a6c40a72e6132f,0x0b9bfb66b2ae41304d0a777b6a4ae0add6aca214,0x0000000000000000000000000000000000000000,0x0b9bfb66b2ae41304d0a777b6a4ae0add6aca214,0x0000000000000000000000000000000000000000,0,883131,200,0x0000000000000000000000000000000000000000,78330714,2026-10-02T15:15:32Z,0x77ac98951bc18aa7b2edee0be88167affd106e64d4d10ed73d486396ae0db980,78330714,2026-10-02T15:15:32Z,189088,-887200,887200,15535817951507036095,15535817951507036095,0.001217699999999999,1217699999999999,theoretical_from_L_and_price,True,189200,189400,no_swap,,,True,0,0,0,0,0,0,,,cohort_bounded_60m,
0x3bed648778b1c8788f641a31235becdfbfaf7e793e43b47411aa44307368d682,0x7fa6d2b81743f90e544fc794396d90b12d81b2dc,0x5fc5360d0400a0fd4f2af552add042d716f1d168,0x7fa6d2b81743f90e544fc794396d90b12d81b2dc,0x5fc5360d0400a0fd4f2af552add042d716f1d168,0,800000,8000,0x0000000000000000000000000000000000000000,78330919,2026-10-02T15:15:53Z,0xdbe23001dd8e7ae1eff1f0bb7f0f55e19f4c879cf20cacfa237c121e27b86f24,78330919,2026-10-02T15:15:53Z,396567,-880000,880000,403845268151578,403845268151578,0.989241,989241,theoretical_from_L_and_price,True,400000,408000,interior_crossed_end_token_only,78335092,412614,True,1,6,15,19,74113036,11628591723819309040688371,,,cohort_bounded_60m,
0x1d597ad2e1672af7fd01e20da9dc3e0d48d4e6135b3914f8655c753bb3adc9ba,0x6267190d97f619674f95878fe2ad2b9d5a6198aa,0x5fc5360d0400a0fd4f2af552add042d716f1d168,0x6267190d97f619674f95878fe2ad2b9d5a6198aa,0x5fc5360d0400a0fd4f2af552add042d716f1d168,0,890000,8900,0x0000000000000000000000000000000000000000,78332415,2026-10-02T15:18:24Z,0x59e3640258775fecc5a1e4117c4632e94bd146a076e222895082abd7fd435f86,78332415,2026-10-02T15:18:24Z,383574,-881100,881100,337168510296055,337168510296055,1.581465,1581465,theoretical_from_L_and_price,True,391600,400500,no_swap,,,True,0,0,0,0,0,0,2026-10-02T15:26:49Z,2026-10-02T15:26:49Z,cohort_bounded_60m,2026-10-02T15:26:49Z
0xb3136cd8fb7f3802713ea3fc7cfb615422de2273682774f46a313fe361890947,0xf2647e140ae07a70c36b4732b7a2a716a9fad79e,0x0000000000000000000000000000000000000000,0xf2647e140ae07a70c36b4732b7a2a716a9fad79e,0x0000000000000000000000000000000000000000,0,950000,9500,0x0000000000000000000000000000000000000000,78332964,2026-10-02T15:19:17Z,0x5709809438e191b9e92410e9ae7848dff6277afc6908344d7a3a3be51dac7079,78332964,2026-10-02T15:19:17Z,128099,-883500,883500,1984658902670584899,1984658902670584899,0.003282392466624675,3282392466624675,theoretical_from_L_and_price,True,133000,142500,no_swap,,,True,0,0,0,0,0,0,,,cohort_bounded_60m,
0x95191b42989c57ae798190f1db2e57b8944a40ab21ec95e373f32f3fe077db26,0x3c4bb5038d7dbb5357af8bd7305c654e09599f98,0x0000000000000000000000000000000000000000,0x3c4bb5038d7dbb5357af8bd7305c654e09599f98,0x0000000000000000000000000000000000000000,0,883131,200,0x0000000000000000000000000000000000000000,78333655,2026-10-02T15:20:28Z,0xdf8d0c9f361b1fcb6de7a7fe87ff2a0f79245d5dfebfbebb65ca8fcaed00c20d,78333655,2026-10-02T15:20:28Z,199203,-887200,887200,25761579737810194380,25761579737810194380,0.001217699999999998,1217699999999998,theoretical_from_L_and_price,True,199400,199600,no_swap,,,True,0,0,0,0,0,0,,,cohort_bounded_60m,
0xf1eb4da00eebd30c1cf37a2fc3d96b1bb30f2e99989c2029adf8cb043d841e08,0x7993139a62f04ce927fa06f70198457b8d4a8b51,0x5fc5360d0400a0fd4f2af552add042d716f1d168,0x7993139a62f04ce927fa06f70198457b8d4a8b51,0x5fc5360d0400a0fd4f2af552add042d716f1d168,0,989999,9900,0x0000000000000000000000000000000000000000,78333824,2026-10-02T15:20:45Z,0xa3195e35f4a4e12013b7985ebe21a0bc042a3923e8e22e1d7bf864c60f224df8,78333824,2026-10-02T15:20:45Z,404930,-881100,881100,105433367366035,105433367366035,0.170009,170009,theoretical_from_L_and_price,True,405900,415800,no_swap,,,True,0,0,0,0,0,0,,,cohort_bounded_60m,
0x7f969dba981560210afabbfd80d4f9ad496dff44c28f51c2fbaf986a983d7601,,0x65f1f83dd8b702a195e24ea171f8136fb1888888,0xf2647e140ae07a70c36b4732b7a2a716a9fad79e,,,960000,9600,0x0000000000000000000000000000000000000000,78335346,2026-10-02T15:23:18Z,0xc0670f2a8522f94cbd3443cc6192834facc218e62c551789e45702604f189dc8,78335346,2026-10-02T15:23:18Z,246514,-883200,883200,897508924484003,897508924484003,,,non_quote_pair,False,,,ineligible_non_quote_pair,,,True,0,0,0,0,,,,,non_quote_pair,
0x587eb1262d60eb0dab2f05702b8c931a730414fdb18740aa9d2b25714fd4e5dc,0xbcefdab9ea24a16ca6f993a36f74da17c63b8c3a,0x5fc5360d0400a0fd4f2af552add042d716f1d168,0xbcefdab9ea24a16ca6f993a36f74da17c63b8c3a,0x5fc5360d0400a0fd4f2af552add042d716f1d168,0,989998,9900,0x0000000000000000000000000000000000000000,78335676,2026-10-02T15:23:52Z,0x87ac3642a2d108e52e73d3376f36a18040d55860d1e426db15877be31142f16f,78335676,2026-10-02T15:23:52Z,391459,-881100,881100,55930784006638,55930784006638,0.176868,176868,theoretical_from_L_and_price,True,396000,405900,swap_no_boundary,,391025,True,1,2,2,3,387734,0,,,cohort_bounded_60m,
0xcf02c11c3d94009f4d8f30c7e43a626d50c930db02d4a07ee41e0af90b58851f,0x7bc5a81458453de233ee3204169e053767deb3ca,0x0000000000000000000000000000000000000000,0x7bc5a81458453de233ee3204169e053767deb3ca,0x0000000000000000000000000000000000000000,0,883131,200,0x0000000000000000000000000000000000000000,78335783,2026-10-02T15:24:02Z,0xd0f2288a6e5715459b36290106d3a02b29d25b6231d317c577b3620df5ed523a,78335783,2026-10-02T15:24:02Z,167672,-887200,887200,5325131630173357197,5325131630173357197,0.001217699999999999,1217699999999999,theoretical_from_L_and_price,True,167800,168000,interior_crossed_end_token_only,78347588,170525,True,0,0,2,5,0,44441576545619298936208,,,cohort_bounded_60m,
0x15a1216ea3ea0a3dbeeaced586da76efaec707acee1e0d8f0d2be2f90142cc9e,0xd24c9093515e654cf1a502a13a260b2eb1b25b0d,0x0000000000000000000000000000000000000000,0xd24c9093515e654cf1a502a13a260b2eb1b25b0d,0x0000000000000000000000000000000000000000,0,800000,8000,0x0000000000000000000000000000000000000000,78336586,2026-10-02T15:25:23Z,0x9980b5a4887f060599aa85d4619a188b6542d74e2f34660c5f4da31b5d7300f7,78336586,2026-10-02T15:25:23Z,199270,-880000,880000,3819837248630297954,3819837248630297954,0.000179956744988969,179956744988969,theoretical_from_L_and_price,True,200000,208000,no_swap,,,True,0,0,0,0,0,0,,,pool_event_history_censored,
0x2798e5b76ea95c586a9826a6ff3182dd20e5b6b81a3b3f51ea65b007bab73ec6,0x39c026445cbbd96973cac324ddd132f72458e6fe,0x39c026445cbbd96973cac324ddd132f72458e6fe,0x5fc5360d0400a0fd4f2af552add042d716f1d168,0x5fc5360d0400a0fd4f2af552add042d716f1d168,1,989999,9900,0x0000000000000000000000000000000000000000,78336588,2026-10-02T15:25:23Z,0x7cfa199e49f3a3cc684d00f9584da2ff0deeef03a8d457b49ffabb6475762a76,78336588,2026-10-02T15:25:23Z,-406602,-881100,881100,20825651765523,20825651765523,0.030887,30887,theoretical_from_L_and_price,True,-425700,-415800,no_swap,,,True,0,0,0,0,0,0,,,cohort_bounded_60m,
0xafbdbdbbeb112c07e489d103d44840a422fef0ac6c707cc9e83ba9fbf12f9480,0xdf932143ab8228bd5449b71f7efa72d78034d5a4,0x0000000000000000000000000000000000000000,0xdf932143ab8228bd5449b71f7efa72d78034d5a4,0x0000000000000000000000000000000000000000,0,883131,200,0x0000000000000000000000000000000000000000,78336880,2026-10-02T15:25:52Z,0xb4dae8328d4766e9d6aaf1d0b59bd4ed9fdb179def6c034ec83a8fc0188a583d,78336880,2026-10-02T15:25:52Z,198802,-887200,887200,25250668125001944521,25250668125001944521,0.001217699999999998,1217699999999998,theoretical_from_L_and_price,True,199000,199200,no_swap,,,True,0,0,0,0,0,0,,,cohort_bounded_60m,
0xcf76a0d43e14666af6b27c874387597b3cea3878fe12b555cb3fea653062583e,0x44b5e3a7561f791073bf1a58b209c7f0e8748295,0x0000000000000000000000000000000000000000,0x44b5e3a7561f791073bf1a58b209c7f0e8748295,0x0000000000000000000000000000000000000000,0,790000,60,0x0000000000000000000000000000000000000000,78337627,2026-10-02T15:27:07Z,0x21df612d5dfe50642e9834d32c698472aa42ca84c25a4864a4539f3b15ba093b,78337627,2026-10-02T15:27:07Z,196262,-887220,887220,730511969910474335,730511969910474335,0.000039999999999999,39999999999999,theoretical_from_L_and_price,True,196320,196380,no_swap,,,True,0,0,0,3,0,0,,,cohort_bounded_60m,
0xeb5609859d3ea767938456ae3936f3bbaa12c8f9bce662adc42fd1467f86dc60,0x05c05a5445376c924898a6aff9253db94658860f,0x05c05a5445376c924898a6aff9253db94658860f,0x5fc5360d0400a0fd4f2af552add042d716f1d168,0x5fc5360d0400a0fd4f2af552add042d716f1d168,1,989999,9900,0x0000000000000000000000000000000000000000,78337781,2026-10-02T15:27:22Z,0x999cf47ae16e2c0590d9437a03f25972187570583af2c5d3c6b6de0ab2ce61dd,78337781,2026-10-02T15:27:22Z,-386759,-881100,881100,63001236552407,63001236552407,0.252001,252001,theoretical_from_L_and_price,True,-405900,-396000,no_swap,,,True,0,0,0,0,0,0,,,cohort_bounded_60m,
0x0bfa7d35c74e6befc67c62004b62eb9e1e46de96d0572bcae9874cce0f976030,0x8ed50b90215d3ab2409149ae10fbe68391ff51fc,0x5fc5360d0400a0fd4f2af552add042d716f1d168,0x8ed50b90215d3ab2409149ae10fbe68391ff51fc,0x5fc5360d0400a0fd4f2af552add042d716f1d168,0,989999,9900,0x0000000000000000000000000000000000000000,78340297,2026-10-02T15:31:37Z,0xd628b05cffd319209dc0bb8f96895e3368bc2ae2c97f09b52f5b06a89391371f,78340297,2026-10-02T15:31:37Z,398390,-881100,881100,65988461704876,65988461704876,0.14756,147560,theoretical_from_L_and_price,True,405900,415800,no_swap,,,True,0,0,0,0,0,0,,,cohort_bounded_60m,
0xc3e87e728983d3db164d5da19feb050293c11a7f37d6a311e73c30f57629585e,0x4c2eb3c6af30fafdff09ef368e8db3b2a8e3cff5,0x0000000000000000000000000000000000000000,0x4c2eb3c6af30fafdff09ef368e8db3b2a8e3cff5,0x0000000000000000000000000000000000000000,0,790000,60,0x0000000000000000000000000000000000000000,78341123,2026-10-02T15:32:59Z,0x40108279b7e964403fe8a141b6d3800024b41be9f16c26d0e0680de493bd9c3d,78341123,2026-10-02T15:32:59Z,195909,-887220,887220,717735884849361355,717735884849361355,0.000039999999999999,39999999999999,theoretical_from_L_and_price,True,195960,196020,swap_no_boundary,,186351,True,3,5,5,5,116722524136487,0,,,cohort_bounded_60m,
0x9d7c782ae1de418c870651a56a2109c90addd0faaef8e813fa3984d13aa1bd7a,0x7bc5a81458453de233ee3204169e053767deb3ca,0x5fc5360d0400a0fd4f2af552add042d716f1d168,0x7bc5a81458453de233ee3204169e053767deb3ca,0x5fc5360d0400a0fd4f2af552add042d716f1d168,0,880000,8800,0x0000000000000000000000000000000000000000,78341173,2026-10-02T15:33:04Z,0x12a47150b74c3310630f35c66aa7aed4ec26d1fc2728adde8dae2831bdc37926,78341173,2026-10-02T15:33:04Z,378375,-880000,880000,123148311725966,123148311725966,0.749083,749083,theoretical_from_L_and_price,True,378400,387200,no_swap,,,True,0,0,0,0,0,0,,,cohort_bounded_60m,
0xa8f371ca5380dd2d55b75eb9bbc4307842a64c37ba5020bd0eb65d66d8bc9227,0x4c2eb3c6af30fafdff09ef368e8db3b2a8e3cff5,0x4c2eb3c6af30fafdff09ef368e8db3b2a8e3cff5,0x5fc5360d0400a0fd4f2af552add042d716f1d168,0x5fc5360d0400a0fd4f2af552add042d716f1d168,1,989999,9900,0x0000000000000000000000000000000000000000,78341771,2026-10-02T15:34:04Z,0xa9da3c6afbe1f383f89e837bee2127ef792208e5f7389ad7c49c3efecf9c048e,78341771,2026-10-02T15:34:04Z,-386759,-881100,881100,57725174869556,57725174869556,0.230897,230897,theoretical_from_L_and_price,True,-405900,-396000,no_swap,,,True,0,0,0,0,0,0,,,cohort_bounded_60m,
0x62a65217726a947b252e65a4b0bb4f152dc8f9605f16ec5b1d2f206e74059629,0xadeb2f7cdbea2d453b3ba65f66fb70783feb31d3,0x0000000000000000000000000000000000000000,0xadeb2f7cdbea2d453b3ba65f66fb70783feb31d3,0x0000000000000000000000000000000000000000,0,883131,200,0x0000000000000000000000000000000000000000,78342069,2026-10-02T15:34:34Z,0xbd51280876cae11b1588815cca9ceeab92ae17e3ab19378ab30d7851b537ac27,78342069,2026-10-02T15:34:34Z,197606,-887200,887200,23784634553166272342,23784634553166272342,0.001217699999999998,1217699999999998,theoretical_from_L_and_price,True,197800,198000,no_swap,,,True,0,0,0,0,0,0,,,cohort_bounded_60m,
0xffe5cb96deb8dd96de30c2594f0af4a707c0fc30afa21ac2fda013866a7d91ed,0xadeb2f7cdbea2d453b3ba65f66fb70783feb31d3,0x5fc5360d0400a0fd4f2af552add042d716f1d168,0xadeb2f7cdbea2d453b3ba65f66fb70783feb31d3,0x5fc5360d0400a0fd4f2af552add042d716f1d168,0,989998,9900,0x0000000000000000000000000000000000000000,78343365,2026-10-02T15:36:45Z,0x3878bc793ad4700bee0349db2384f88c42cc1e45e8514e68b2e64297f1bd7640,78343365,2026-10-02T15:36:45Z,404930,-881100,881100,111163023745629,111163023745629,0.179248,179248,theoretical_from_L_and_price,True,405900,415800,no_swap,,,True,0,0,0,0,0,0,,,cohort_bounded_60m,
0x2bf806617aec1c1c31276c0e8515e882ef1770cb5ad80c191bc2c195cd7c8294,0x6291e40ec386fc4840d725628116e96b78c9bbbe,0x0000000000000000000000000000000000000000,0x6291e40ec386fc4840d725628116e96b78c9bbbe,0x0000000000000000000000000000000000000000,0,790000,60,0x0000000000000000000000000000000000000000,78343498,2026-10-02T15:36:58Z,0xbcfcde86118a4a58067252ff558180e8a9346d4e41c376e4adad41684ca5f5a3,78343498,2026-10-02T15:36:58Z,195612,-887220,887220,707164388601053868,707164388601053868,0.000039999999999999,39999999999999,theoretical_from_L_and_price,True,195660,195720,no_swap,,,True,0,0,0,1,0,0,,,cohort_bounded_60m,
0x21d6f6ee1aa061dfb0ff49098c808de7ad2eb2ad48f8a581c62333cdf08571a2,0x4c2eb3c6af30fafdff09ef368e8db3b2a8e3cff5,0x4c2eb3c6af30fafdff09ef368e8db3b2a8e3cff5,0x5fc5360d0400a0fd4f2af552add042d716f1d168,0x5fc5360d0400a0fd4f2af552add042d716f1d168,1,810000,60,0x0000000000000000000000000000000000000000,78343945,2026-10-02T15:37:43Z,0x9b9ec22a98b8843679c7f1e2a22d114798ff19e5130558fb51172b4a60a05d00,78343945,2026-10-02T15:37:43Z,-374036,-377940,887220,738306497313048,738306497313048,0.989539,989539,theoretical_from_L_and_price,True,-374100,-374040,swap_no_boundary,,-374030,False,0,1,1,1,7675,0,,,cohort_bounded_60m,
0x4ca773ae65ecc8d6692bf42d38bba93fc17cdd8807f6860c31deb7c33da55d3f,0x4c2eb3c6af30fafdff09ef368e8db3b2a8e3cff5,0x0000000000000000000000000000000000000000,0x4c2eb3c6af30fafdff09ef368e8db3b2a8e3cff5,0x0000000000000000000000000000000000000000,0,860000,60,0x0000000000000000000000000000000000000000,78343975,2026-10-02T15:37:46Z,0x08061bcca252ada5fc008baeb9653478b15f9d62f656e6e097aa89d854c5dd35,78343975,2026-10-02T15:37:46Z,177775,-887220,182160,13481502191291682397,13481502191291682397,0.000366171314069725,366171314069725,theoretical_from_L_and_price,True,177780,177840,no_swap,,,False,0,0,0,0,0,0,,,cohort_bounded_60m,
0x82d5d0c6aef58fed5c04754a856bf4f43def3cd2227f799739f549560c811e93,0x8e2f9de84e92076658129cb6f28586cd020fe1cb,0x0000000000000000000000000000000000000000,0x8e2f9de84e92076658129cb6f28586cd020fe1cb,0x0000000000000000000000000000000000000000,0,790000,60,0x0000000000000000000000000000000000000000,78344766,2026-10-02T15:39:04Z,0x6dbce6af578ef4cb0e7e14f30e9aba2843c683d455e684a2c14a81087d8a739f,78344766,2026-10-02T15:39:04Z,201284,-887220,887220,493369590239861916,493369590239861916,0.000021016643397083,21016643397083,theoretical_from_L_and_price,True,201300,201360,no_swap,,,True,0,0,0,0,0,0,,,cohort_bounded_60m,
0x2ab6895690adae74effe06615a724c1318b95b6e5a9115baaa009f29bb15595a,0xd5305d850c6a00aabdf8e44b8bbe57fb884b739c,0x5fc5360d0400a0fd4f2af552add042d716f1d168,0xd5305d850c6a00aabdf8e44b8bbe57fb884b739c,0x5fc5360d0400a0fd4f2af552add042d716f1d168,0,989998,9900,0x0000000000000000000000000000000000000000,78345528,2026-10-02T15:40:21Z,0xcc276dbf6d56d6533cdd67cdd6c43edacb132af61c150d6a9d6a807b37d31af5,78345528,2026-10-02T15:40:21Z,398390,-881100,881100,91470049227362,91470049227362,0.204541,204541,theoretical_from_L_and_price,True,405900,415800,swap_no_boundary,,396562,True,6,6,6,6,1957213,0,,,cohort_bounded_60m,
0x6ce95611f6975f0f994b6235a379151a3c9c6cd67ddd5235bbd7a4c97b4721de,0x6267190d97f619674f95878fe2ad2b9d5a6198aa,0x5fc5360d0400a0fd4f2af552add042d716f1d168,0x6267190d97f619674f95878fe2ad2b9d5a6198aa,0x5fc5360d0400a0fd4f2af552add042d716f1d168,0,700000,7000,0x0000000000000000000000000000000000000000,78346538,2026-10-02T15:42:04Z,0x6ff8f325f1b3bb853446d00075ed6958f4dbc19c5621ec2448cc3d7798a22525,78346538,2026-10-02T15:42:04Z,380811,-882000,882000,96027463394000,96027463394000,0.517133,517133,theoretical_from_L_and_price,True,385000,392000,no_swap,,,True,0,0,0,0,0,0,,,pool_event_history_censored,
0xf8f9bf3dba4cffad408844fb5d0ad2c0f1df47ee6299c1e25d4a7b25f55dcf92,0x270245d8babaecfaa8431686d664445065c0aba3,0x0000000000000000000000000000000000000000,0x270245d8babaecfaa8431686d664445065c0aba3,0x0000000000000000000000000000000000000000,0,883131,200,0x0000000000000000000000000000000000000000,78346566,2026-10-02T15:42:07Z,0xd195d4ad6cc5bb46bb411b8687ec0a744dfae897f10f0c6bafcdfbceb78fa517,78346566,2026-10-02T15:42:07Z,226827,-887200,887200,102515379370172736717,102515379370172736717,0.001217699999999994,1217699999999994,theoretical_from_L_and_price,True,227000,227200,no_swap,,,True,0,0,0,0,0,0,,,cohort_bounded_60m,
0xa166560ff19d1bf2809492161930f5b20cd916a4b2f1c04f1e7c44f0294988b3,0x647d23868453a33e8116368264cf856022b28954,0x5fc5360d0400a0fd4f2af552add042d716f1d168,0x647d23868453a33e8116368264cf856022b28954,0x5fc5360d0400a0fd4f2af552add042d716f1d168,0,770000,7700,0x0000000000000000000000000000000000000000,78346632,2026-10-02T15:42:13Z,0x3de2817637a0bced8928610ac0548861421b8ecefc7a3957e7c805f528221b22,78346632,2026-10-02T15:42:13Z,375982,-885500,885500,48565365198840,48565365198840,0.332957,332957,theoretical_from_L_and_price,True,377300,385000,no_swap,,,True,0,0,0,0,0,0,,,cohort_bounded_60m,
0x970bca928552372a2f7e6be293b89bf494c17e81a7a74996c1df1aaafe2740a1,0xd5305d850c6a00aabdf8e44b8bbe57fb884b739c,0x0000000000000000000000000000000000000000,0xd5305d850c6a00aabdf8e44b8bbe57fb884b739c,0x0000000000000000000000000000000000000000,0,790000,60,0x0000000000000000000000000000000000000000,78347055,2026-10-02T15:42:56Z,0x1c21b392d33b4b8723502b83fca695485a4173c79adbad777bd0eedf7c80908c,78347055,2026-10-02T15:42:56Z,194115,-887220,887220,656157266852537856,656157266852537856,0.000039999999999999,39999999999999,theoretical_from_L_and_price,True,194160,194220,swap_no_boundary,,184858,True,2,4,4,4,112174411176603,0,,,cohort_bounded_60m,
0xa2fc0621c151a270525f947b1664af7fd15acc8ffd24b1d8949e0386c44e7fdc,0x647d23868453a33e8116368264cf856022b28954,0x5fc5360d0400a0fd4f2af552add042d716f1d168,0x647d23868453a33e8116368264cf856022b28954,0x5fc5360d0400a0fd4f2af552add042d716f1d168,0,810000,8100,0x0000000000000000000000000000000000000000,78347574,2026-10-02T15:43:48Z,0x25310021cce0c877e74a081f8e6b8dfd7418b469bde067a7cee93446f74dc91e,78347574,2026-10-02T15:43:48Z,375982,-882900,882900,129438065150919,129438065150919,0.88741,887410,theoretical_from_L_and_price,True,380700,388800,no_swap,,,True,0,0,0,0,0,0,,,cohort_bounded_60m,
0xd387ba263b74ea683788f001c1f9243b103296a2368b265be90acfa5b027caaa,0x270245d8babaecfaa8431686d664445065c0aba3,0x270245d8babaecfaa8431686d664445065c0aba3,0x5fc5360d0400a0fd4f2af552add042d716f1d168,0x5fc5360d0400a0fd4f2af552add042d716f1d168,1,989999,9900,0x0000000000000000000000000000000000000000,78348019,2026-10-02T15:44:33Z,0x2c83041dae1e22cafc9aa9f9c4c1d0bfc1c5685b1226981f38883d11262459c9,78348019,2026-10-02T15:44:33Z,-442622,-881100,881100,444294285262378,444294285262378,0.108826,108826,theoretical_from_L_and_price,True,-455400,-445500,no_swap,,,True,0,0,0,0,0,0,,,cohort_bounded_60m,
0x1c19f7f7aac2f0c5fb4e1c0bdc2c1109fddfb03a4288aded4b8d3da590810dbe,0xab42df3ed167117013d84644755e7ba20d99abb6,0x0000000000000000000000000000000000000000,0xab42df3ed167117013d84644755e7ba20d99abb6,0x0000000000000000000000000000000000000000,0,790000,60,0x0000000000000000000000000000000000000000,78348349,2026-10-02T15:45:04Z,0xe4993ad493e11cc70d5c793546f87cbb64cda203ad98ee428946ab83bb9652f9,78348349,2026-10-02T15:45:04Z,194266,-887220,887220,661128449010830107,661128449010830107,0.000039999999999999,39999999999999,theoretical_from_L_and_price,True,194280,194340,no_swap,,,True,0,0,0,0,0,0,,,cohort_bounded_60m,
0x306f94cda2ae0bf14d00e0a34e64674a247a0a2b8cec482b8941f8cf5c265cec,0x6e4f7d7974822c004cb6ee04e21b9b9eb65c6775,0x5fc5360d0400a0fd4f2af552add042d716f1d168,0x6e4f7d7974822c004cb6ee04e21b9b9eb65c6775,0x5fc5360d0400a0fd4f2af552add042d716f1d168,0,870000,8700,0x0000000000000000000000000000000000000000,78348919,2026-10-02T15:46:02Z,0x2c066da4382b4bfa226d41513536f831d5814b46deea88f373b89363d519d22c,78348919,2026-10-02T15:46:02Z,430581,-878700,878700,3196781224576845,3196781224576845,1.429659,1429659,theoretical_from_L_and_price,True,435000,443700,no_swap,,,True,0,0,0,2,0,0,2026-10-02T17:22:13Z,2026-10-02T17:22:13Z,pool_event_history_censored,
0xad444b94bbeb1a1af6ac740195686c09ded8c374fbdb8247c623dfb6503eff5f,0x647d23868453a33e8116368264cf856022b28954,0x5fc5360d0400a0fd4f2af552add042d716f1d168,0x647d23868453a33e8116368264cf856022b28954,0x5fc5360d0400a0fd4f2af552add042d716f1d168,0,999999,10000,0x0000000000000000000000000000000000000000,78349129,2026-10-02T15:46:23Z,0x70e0c1b0cfcefb40bee0ca9327fe4ee2967b88e31f471b9b98b9153d7e6a2f5b,78349129,2026-10-02T15:46:23Z,362013,-880000,880000,133706639044711,133706639044711,1.843034,1843034,theoretical_from_L_and_price,True,370000,380000,no_swap,,,True,0,0,0,0,0,0,,,cohort_bounded_60m,
0x27deea9f53dcecea61976c56cd4ded0075a9d9f22fa21d07b51070cf49e8e3b8,0xab42df3ed167117013d84644755e7ba20d99abb6,0x5fc5360d0400a0fd4f2af552add042d716f1d168,0xab42df3ed167117013d84644755e7ba20d99abb6,0x5fc5360d0400a0fd4f2af552add042d716f1d168,0,989999,9900,0x0000000000000000000000000000000000000000,78349147,2026-10-02T15:46:25Z,0xc6c6f2b943e145044903102d39be3b4fdb16ec7799a3d078840067f43f52c8d2,78349147,2026-10-02T15:46:25Z,385580,-881100,881100,45605680713111,45605680713111,0.193496,193496,theoretical_from_L_and_price,True,386100,396000,no_swap,,,True,0,0,0,0,0,0,,,cohort_bounded_60m,
0x050268fdff9e294dd3d143b52594e7b34dd6814c60fc9a80f95a1fd693418a07,0xd5305d850c6a00aabdf8e44b8bbe57fb884b739c,0x0000000000000000000000000000000000000000,0xd5305d850c6a00aabdf8e44b8bbe57fb884b739c,0x0000000000000000000000000000000000000000,0,883131,200,0x0000000000000000000000000000000000000000,78349337,2026-10-02T15:46:44Z,0xe7eb8e9be87bf9b25e0b61398a0004b2e71a70d840d886f036df28ba5ceb8c76,78349337,2026-10-02T15:46:44Z,179698,-887200,887200,9715066580030864405,9715066580030864405,0.001217699999999999,1217699999999999,theoretical_from_L_and_price,True,179800,180000,no_swap,,,True,0,0,0,0,0,0,,,cohort_bounded_60m,
0xdafca5f210b307bdfa11543d2496cb0ca698be4436ef7a65896235b63d25d643,0x270245d8babaecfaa8431686d664445065c0aba3,0x270245d8babaecfaa8431686d664445065c0aba3,0x5fc5360d0400a0fd4f2af552add042d716f1d168,0x5fc5360d0400a0fd4f2af552add042d716f1d168,1,770000,7700,0x0000000000000000000000000000000000000000,78349548,2026-10-02T15:47:05Z,0x0905e7916eb4a5fb2fc2c7930fb06abaa3fdf789b30c1d51035c3cd79f74f43a,78349548,2026-10-02T15:47:05Z,-435758,-885500,885500,1566159455860905,1566159455860905,0.540684,540684,theoretical_from_L_and_price,True,-446600,-438900,no_swap,,,True,0,0,0,0,0,0,,,cohort_bounded_60m,
0xaaea57000bda14bc17fcb04bea86b6e4531c1d077ff83cbfddf506b343472150,0xd5305d850c6a00aabdf8e44b8bbe57fb884b739c,0x5fc5360d0400a0fd4f2af552add042d716f1d168,0xd5305d850c6a00aabdf8e44b8bbe57fb884b739c,0x5fc5360d0400a0fd4f2af552add042d716f1d168,0,860000,60,0x0000000000000000000000000000000000000000,78349695,2026-10-02T15:47:20Z,0xf45ed8ef65a41e71efbe84a74d5a4297e4e0f21e567ae5fe1f59bf7a95631be1,78349695,2026-10-02T15:47:20Z,373295,-887220,376620,830721535644949,830721535644949,0.99763,997630,theoretical_from_L_and_price,True,373320,373380,no_swap,,,False,0,0,0,2,0,0,,,cohort_bounded_60m,
0xdf5cb769915e3874b263058e4433f948bc92123763eace6878ab22e1c40cdfd3,0xd5305d850c6a00aabdf8e44b8bbe57fb884b739c,0x0000000000000000000000000000000000000000,0xd5305d850c6a00aabdf8e44b8bbe57fb884b739c,0x0000000000000000000000000000000000000000,0,870000,60,0x0000000000000000000000000000000000000000,78349731,2026-10-02T15:47:23Z,0xb40dc67ace854583e9dcf5dda1c30e064a20cc5dcf5b95fbeeb92b0072fd4e33,78349731,2026-10-02T15:47:23Z,176199,-887220,179580,15817153347456838893,15817153347456838893,0.000367271470271471,367271470271471,theoretical_from_L_and_price,True,176220,176280,no_swap,,,False,0,0,0,1,0,0,,,cohort_bounded_60m,
0x30570665cc7a52123421e1eb0774631541e5da8345ee570cf6799d6719ca0e6f,0x48d367e8a6cd6d467d3362f0f226c26ae534b1c0,0x0000000000000000000000000000000000000000,0x48d367e8a6cd6d467d3362f0f226c26ae534b1c0,0x0000000000000000000000000000000000000000,0,790000,60,0x0000000000000000000000000000000000000000,78350695,2026-10-02T15:49:01Z,0x4d314261790eb4912fbbda47bea086c3fb07899ea30841e824b996cd6b47794d,78350695,2026-10-02T15:49:01Z,194785,-887220,887220,678519883584673521,678519883584673521,0.000039999999999999,39999999999999,theoretical_from_L_and_price,True,194820,194880,swap_no_boundary,,167387,True,0,0,1,1,559560788505722,0,,,cohort_bounded_60m,
0x310beaeb922b002d94288ebc2af78a14a7b56b5a7bd6628373f1792875c57fe6,0x4c2eb3c6af30fafdff09ef368e8db3b2a8e3cff5,0x0000000000000000000000000000000000000000,0x4c2eb3c6af30fafdff09ef368e8db3b2a8e3cff5,0x0000000000000000000000000000000000000000,0,883131,200,0x0000000000000000000000000000000000000000,78350828,2026-10-02T15:49:14Z,0x0aa1e5145975ba8dadf0863ba000734be5d40b26c8cb73c0887d1f514ff5428f,78350828,2026-10-02T15:49:14Z,189215,-887200,887200,15634704343078061669,15634704343078061669,0.001217699999999999,1217699999999999,theoretical_from_L_and_price,True,189400,189600,no_swap,,,True,0,0,0,0,0,0,,,cohort_bounded_60m,
0x37b1bc6b39578556bb3f0e4a9c731d745aa345cf17ed16d11d5e28a16d314a9c,0x0d7e910400d014520258d7d5ab06a3be1cf250c0,0x0d7e910400d014520258d7d5ab06a3be1cf250c0,0x5fc5360d0400a0fd4f2af552add042d716f1d168,0x5fc5360d0400a0fd4f2af552add042d716f1d168,1,820000,60,0x0000000000000000000000000000000000000000,78351037,2026-10-02T15:49:35Z,0x4414b40dc7ed62833ab59656c474b5df02210f9bbc833d14291c72389aec776d,78351037,2026-10-02T15:49:35Z,-400483,-887220,887220,53066992058073,53066992058073,0.106878,106878,theoretical_from_L_and_price,True,-400560,-400500,no_swap,,,True,0,0,0,0,0,0,,,cohort_bounded_60m,
0x2f1eae591fb1bf9ccda4de714c52e94956ca2ff227c15785c99568db8242d2ef,0x48d367e8a6cd6d467d3362f0f226c26ae534b1c0,0x48d367e8a6cd6d467d3362f0f226c26ae534b1c0,0x5fc5360d0400a0fd4f2af552add042d716f1d168,0x5fc5360d0400a0fd4f2af552add042d716f1d168,1,989999,9900,0x0000000000000000000000000000000000000000,78351711,2026-10-02T15:50:43Z,0x228151a4fd2241b765cf7703ecee284493044fc5c38a708655b6816fbcc41ec9,78351711,2026-10-02T15:50:43Z,-388095,-881100,881100,44672483962508,44672483962508,0.167141,167141,theoretical_from_L_and_price,True,-405900,-396000,no_swap,,,True,0,0,0,0,0,0,,,cohort_bounded_60m,
0x22cd9ac55c86581adf8cc3d9a9441e742b1b43529b9911582be3b7c2ecad7a2b,0xd83990e0a136ffa245d1a57a1791882b755798f4,0x5fc5360d0400a0fd4f2af552add042d716f1d168,0xd83990e0a136ffa245d1a57a1791882b755798f4,0x5fc5360d0400a0fd4f2af552add042d716f1d168,0,989999,9900,0x0000000000000000000000000000000000000000,78352347,2026-10-02T15:51:47Z,0x89178a8acac4c652078e40155694215ca4f4cdfb60c47ba744ae1c4bc1e2a7aa,78352347,2026-10-02T15:51:47Z,391459,-881100,881100,59721082912063,59721082912063,0.188854,188854,theoretical_from_L_and_price,True,396000,405900,no_swap,,,True,0,0,0,0,0,0,,,cohort_bounded_60m,
0xc8461f475bdf0eef12fce87fbff89c3a340d203b8330abda11a3b460e6858efd,0x15da2596f4c21227185466066bf0f19d9d526b8a,0x15da2596f4c21227185466066bf0f19d9d526b8a,0x5fc5360d0400a0fd4f2af552add042d716f1d168,0x5fc5360d0400a0fd4f2af552add042d716f1d168,1,810000,60,0x0000000000000000000000000000000000000000,78352546,2026-10-02T15:52:07Z,0x74cd7d4edece7e0f75a65df0f176f8a187b0b6bcbcd92ae1f66d08a2f9de339c,78352546,2026-10-02T15:52:07Z,-373997,-378000,887220,721125667378673,721125667378673,0.990513,990513,theoretical_from_L_and_price,True,-374100,-374040,no_swap,,,False,0,0,0,0,0,0,2026-10-02T17:43:01Z,2026-10-02T17:43:01Z,pool_event_history_censored,
0xc55db5b869507be90021e516ec5f46ca7c6c5b9f637f414914a1e6d0b1a771b2,0x15da2596f4c21227185466066bf0f19d9d526b8a,0x0000000000000000000000000000000000000000,0x15da2596f4c21227185466066bf0f19d9d526b8a,0x0000000000000000000000000000000000000000,0,810000,60,0x0000000000000000000000000000000000000000,78352578,2026-10-02T15:52:10Z,0x9fec8f30883a8c3368b16fcdb9e4a93175a44eab977c23551936b23a40b75906,78352578,2026-10-02T15:52:10Z,176612,-887220,180600,13929513737514343017,13929513737514343017,0.000368247665135745,368247665135745,theoretical_from_L_and_price,True,176640,176700,no_swap,,,False,0,0,0,0,0,0,,,pool_event_history_censored,
0x47aa8a3b547000c16d5891da72f553d7ab7e175b96476ad9b204e59615c39397,0xd83990e0a136ffa245d1a57a1791882b755798f4,0x0000000000000000000000000000000000000000,0xd83990e0a136ffa245d1a57a1791882b755798f4,0x0000000000000000000000000000000000000000,0,790000,60,0x0000000000000000000000000000000000000000,78353239,2026-10-02T15:53:17Z,0xd54794e59a87ed33e1ce28da6851f4ccb420811ac05a2d674417b67f4f73459a,78353239,2026-10-02T15:53:17Z,195355,-887220,887220,698130085589859927,698130085589859927,0.000039999999999999,39999999999999,theoretical_from_L_and_price,True,195360,195420,no_swap,,,True,0,0,0,0,0,0,,,cohort_bounded_60m,
0x7d13796bab681d8d0bf9f454261f48a3c0d565139a86c810a1e464e50030bec3,0x15da2596f4c21227185466066bf0f19d9d526b8a,0x15da2596f4c21227185466066bf0f19d9d526b8a,0x5fc5360d0400a0fd4f2af552add042d716f1d168,0x5fc5360d0400a0fd4f2af552add042d716f1d168,1,750000,7500,0x0000000000000000000000000000000000000000,78354426,2026-10-02T15:55:17Z,0xc06c351b8121fd2d8999878847c93b9eafead191494924f6066ee20390e4847f,78354426,2026-10-02T15:55:17Z,-375364,-885000,885000,66064055829636,66064055829636,0.467139,467139,theoretical_from_L_and_price,True,-390000,-382500,no_swap,,,True,0,0,0,0,0,0,,,pool_event_history_censored,
0x3e0b2b29719e33f95589632a2c4a7d64fea000dde6ed0133337b20ea522b0329,0x7bc5a81458453de233ee3204169e053767deb3ca,0x5fc5360d0400a0fd4f2af552add042d716f1d168,0x7bc5a81458453de233ee3204169e053767deb3ca,0x5fc5360d0400a0fd4f2af552add042d716f1d168,0,800000,8000,0x0000000000000000000000000000000000000000,78354989,2026-10-02T15:56:13Z,0x5198d34acc3e7ac0bdf7b3d2034aa685f2116b289933c1afa0db0801c130ede9,78354989,2026-10-02T15:56:13Z,388835,-880000,880000,1149465658745153,1149465658745153,4.144511,4144511,theoretical_from_L_and_price,True,392000,400000,no_swap,,,True,0,0,0,0,0,0,,,cohort_bounded_60m,
0x8b3b37ed2bd1667ccc55dfba522c18825036a721d4ecf9afd0616efc05f882e1,0x0f8bd0349378ed454d65c5d5472b3e9a979a2c1b,0x0000000000000000000000000000000000000000,0x0f8bd0349378ed454d65c5d5472b3e9a979a2c1b,0x0000000000000000000000000000000000000000,0,883131,200,0x0000000000000000000000000000000000000000,78357470,2026-10-02T16:00:23Z,0x0a61384726e9637f085b48b30d002f267b70fce1889fd099c60c29cf28713a55,78357470,2026-10-02T16:00:23Z,176391,-887200,887200,8234751775857885446,8234751775857885446,0.001217699999999999,1217699999999999,theoretical_from_L_and_price,True,176400,176600,no_swap,,,True,0,0,0,0,0,0,,,cohort_bounded_60m,
0xf0e35439bb85e56282f5651a3e3426a21edfce75a422a78a2f583f27eda4310c,0x647d23868453a33e8116368264cf856022b28954,0x0000000000000000000000000000000000000000,0x647d23868453a33e8116368264cf856022b28954,0x0000000000000000000000000000000000000000,0,999990,10000,0x0000000000000000000000000000000000000000,78359407,2026-10-02T16:03:39Z,0x8b7f38668d468aada98f12b9bef11e91408a37aaec4aed638fb2ed51ef5b9eaf,78359407,2026-10-02T16:03:39Z,177290,-880000,880000,392315215444807877,392315215444807877,0.000055465661198679,55465661198679,theoretical_from_L_and_price,True,180000,190000,no_swap,,,True,0,0,0,0,0,0,,,pool_event_history_censored,
0xc88150a7764b3356758ea4113a5915d7e76ab4cc3d42d203a23bbecb90e77297,0x1552c0c7930324a23193cb511b8667c3d16243f8,0x0000000000000000000000000000000000000000,0x1552c0c7930324a23193cb511b8667c3d16243f8,0x0000000000000000000000000000000000000000,0,790000,60,0x0000000000000000000000000000000000000000,78365150,2026-10-02T16:13:17Z,0x780f78551ff26ad9698cc6478dbd7af7f9c5565ec85b938ebb56f5c72981e2ed,78365150,2026-10-02T16:13:17Z,201950,-887220,887220,554651207242664083,554651207242664083,0.000022852949306922,22852949306922,theoretical_from_L_and_price,True,201960,202020,no_swap,,,True,0,0,0,0,0,0,,,cohort_bounded_60m,
0x9442e2094a1276acf03d3f69b2857faa5587907840f0c4d56e13ebc28b10e4a8,0x59e8ae5c2e1edf77d2169e0ae67524c43aaca393,0x0000000000000000000000000000000000000000,0x59e8ae5c2e1edf77d2169e0ae67524c43aaca393,0x0000000000000000000000000000000000000000,0,883131,200,0x0000000000000000000000000000000000000000,78365417,2026-10-02T16:13:44Z,0x29c6b14d3560e6d799067ee8732261728248751ec6f314dbbb354badb930e91d,78365417,2026-10-02T16:13:44Z,183161,-887200,887200,11551373012115017528,11551373012115017528,0.001217699999999999,1217699999999999,theoretical_from_L_and_price,True,183200,183400,no_swap,,,True,0,0,0,0,0,0,,,cohort_bounded_60m,
0x7e2072af9e06f12eef99c4add4175bf372bbe264f3b49f8d55c2ad204b1448cd,0x59e8ae5c2e1edf77d2169e0ae67524c43aaca393,0x59e8ae5c2e1edf77d2169e0ae67524c43aaca393,0x5fc5360d0400a0fd4f2af552add042d716f1d168,0x5fc5360d0400a0fd4f2af552add042d716f1d168,1,989999,9900,0x0000000000000000000000000000000000000000,78366139,2026-10-02T16:14:56Z,0x9d2f637bd28f854088d341c18e7fcd56db764491453d4e06daf38895e8e7e532,78366139,2026-10-02T16:14:56Z,-389636,-881100,881100,57853585245861,57853585245861,0.200407,200407,theoretical_from_L_and_price,True,-405900,-396000,no_swap,,,True,0,0,0,1,0,0,,,cohort_bounded_60m,
0xa4789b7e155b550b03c23b99c88d6d29ed9dcf51c1631675c8dbff1b1671dc51,0xfd3d83e9e18fb5b4e638a72d351709704f8b6ee6,0x0000000000000000000000000000000000000000,0xfd3d83e9e18fb5b4e638a72d351709704f8b6ee6,0x0000000000000000000000000000000000000000,0,883131,200,0x0000000000000000000000000000000000000000,78366720,2026-10-02T16:15:55Z,0x971ddd1425f6c4ae9035ef682a48d33150bbe2209689538e57552d0aa94c8d89,78366720,2026-10-02T16:15:55Z,191861,-887200,887200,17846172191313847492,17846172191313847492,0.001217699999999999,1217699999999999,theoretical_from_L_and_price,True,192000,192200,swap_no_boundary,,191765,True,1,1,1,1,50000000000000,0,,,cohort_bounded_60m,
0xee4cfad2439ba5e79541b0a6d7fd317d321020eb1c717718783bbb7b2cc31983,0x647d23868453a33e8116368264cf856022b28954,0x5fc5360d0400a0fd4f2af552add042d716f1d168,0x647d23868453a33e8116368264cf856022b28954,0x5fc5360d0400a0fd4f2af552add042d716f1d168,0,899050,8991,0x0000000000000000000000000000000000000000,78367090,2026-10-02T16:16:32Z,0xef755e84723347e7a60b59513413722f508b34b3cb480f9cd59dcecc0c59da98,78367090,2026-10-02T16:16:32Z,398390,-881118,881118,33328955905710,33328955905710,0.074528,74528,theoretical_from_L_and_price,True,404595,413586,no_swap,,,True,0,0,0,0,0,0,,,pool_event_history_censored,
0x02fc2ce8554547146b5035f9cbea34a47bb7a01f303ab20b5be3173d4736608c,0x647d23868453a33e8116368264cf856022b28954,0x5fc5360d0400a0fd4f2af552add042d716f1d168,0x647d23868453a33e8116368264cf856022b28954,0x5fc5360d0400a0fd4f2af552add042d716f1d168,0,981200,9812,0x0000000000000000000000000000000000000000,78369184,2026-10-02T16:20:01Z,0xe292df93138bec78cfbb19b12999f19f0fa22cf48edef338a547a1da825c00b1,78369184,2026-10-02T16:20:01Z,343416,323796,343420,164213711942604,164213711942604,0.001146,1146,theoretical_from_L_and_price,True,343420,353232,no_swap,,,False,0,0,0,0,0,0,,,pool_event_history_censored,
0xe49c33d18598178b1ac30ed48f7a0574275a3886fd8dda074be04df12b8eeb0f,0xfd3d83e9e18fb5b4e638a72d351709704f8b6ee6,0x5fc5360d0400a0fd4f2af552add042d716f1d168,0xfd3d83e9e18fb5b4e638a72d351709704f8b6ee6,0x5fc5360d0400a0fd4f2af552add042d716f1d168,0,989998,9900,0x0000000000000000000000000000000000000000,78370826,2026-10-02T16:22:47Z,0xd9083084da7c0cf9f0e4fad94bb3b65f9026b351e6373bdf541501cea74a419b,78370826,2026-10-02T16:22:47Z,396567,-881100,881100,102356467267803,102356467267803,0.250727,250727,theoretical_from_L_and_price,True,405900,415800,no_swap,,,True,0,0,0,0,0,0,,,cohort_bounded_60m,
0x3ae76dd3bea4132ca97357d03b853bea53b0ee4e8207de9bf49eb5171a11ca91,0x4571217bd480fc3c8005a9514ce406a57ab6da3b,0x4571217bd480fc3c8005a9514ce406a57ab6da3b,0x5fc5360d0400a0fd4f2af552add042d716f1d168,0x5fc5360d0400a0fd4f2af552add042d716f1d168,1,850000,8500,0x0000000000000000000000000000000000000000,78370868,2026-10-02T16:22:51Z,0xe286147bee54e41ea24731a1fb163652b0c24803a47e1811db8c4255ca1d8c9f,78370868,2026-10-02T16:22:51Z,-400623,-884000,884000,213598376438133,213598376438133,0.427183,427183,theoretical_from_L_and_price,True,-416500,-408000,no_swap,,,True,0,0,0,0,0,0,,,cohort_bounded_60m,
0xc5853b39d17b8824e30995372b26a6b02945cd8745c21bedc2931bcbe275ee8c,0x6b01635be031972e811aa51774ddb762449d751e,0x5fc5360d0400a0fd4f2af552add042d716f1d168,0x6b01635be031972e811aa51774ddb762449d751e,0x5fc5360d0400a0fd4f2af552add042d716f1d168,0,840000,60,0x0000000000000000000000000000000000000000,78371289,2026-10-02T16:23:32Z,0xf49ef41e19245d309922450c67d8c28511cfa31b0bb8fc0eeb00aa773d34a71d,78371289,2026-10-02T16:23:32Z,381038,-887220,887220,35941852364995,35941852364995,0.191368,191368,theoretical_from_L_and_price,True,381060,381120,swap_no_boundary,,361423,True,0,0,1,1,1995000,0,,,cohort_bounded_60m,2026-10-02T16:58:58Z
0x3f6ec02711fa7c9c450a2d3490fc0069c4ec8fa20d306a97ac33ce25d2ab9815,0x9d42663d3ee372f2c5cca1704b55ac8cd1f69999,0x0000000000000000000000000000000000000000,0x9d42663d3ee372f2c5cca1704b55ac8cd1f69999,0x0000000000000000000000000000000000000000,0,883131,200,0x0000000000000000000000000000000000000000,78372705,2026-10-02T16:25:55Z,0x41d0f1ee67fd39b1b25178838aace1a45dad64e9de6f842deabe870fe54f101e,78372705,2026-10-02T16:25:55Z,161135,-887200,887200,3840376710137258813,3840376710137258813,0.001217699999999999,1217699999999999,theoretical_from_L_and_price,True,161200,161400,no_swap,,,True,0,0,0,0,0,0,,,cohort_bounded_60m,
0xe4a4f73fcf4a46468b55b026936270895f28687f2520de9d9b8afac7e7782092,0x0a020a1b61b4315df6e1338be93b7d986147729e,0x0000000000000000000000000000000000000000,0x0a020a1b61b4315df6e1338be93b7d986147729e,0x0000000000000000000000000000000000000000,0,883131,200,0x0000000000000000000000000000000000000000,78373858,2026-10-02T16:27:52Z,0xdbb30368e86fa6a383dbdbb7c38601487d0ce34b11ae6cd5a7ce7bd029619978,78373858,2026-10-02T16:27:52Z,134079,-887200,887200,992874750265387500,992874750265387500,0.001217699999999999,1217699999999999,theoretical_from_L_and_price,True,134200,134400,no_swap,,,True,0,0,0,0,0,0,,,cohort_bounded_60m,
0xd87d4e198240cd96049981af189deaf34037698892a8d6f1f937656fe2b749cc,0xbf1f6755c0b31c23d34883d7809ead78c81232ea,0x5fc5360d0400a0fd4f2af552add042d716f1d168,0xbf1f6755c0b31c23d34883d7809ead78c81232ea,0x5fc5360d0400a0fd4f2af552add042d716f1d168,0,989998,9900,0x0000000000000000000000000000000000000000,78374495,2026-10-02T16:28:56Z,0x23d6c7f6e06394127a99b8216c57fe4f2d47598cb577a737114e256c50ef73a0,78374495,2026-10-02T16:28:56Z,393690,-881100,881100,70251480422059,70251480422059,0.198706,198706,theoretical_from_L_and_price,True,396000,405900,swap_no_boundary,,393462,True,1,1,2,2,227857,0,,,cohort_bounded_60m,
0x7dc71c473d7c2094c26714bb18a161e43132a15af85c545dbda4400b1220d097,0x9e545052593bc326f84f257b7e4f73cf6a8c2cb3,0x5fc5360d0400a0fd4f2af552add042d716f1d168,0x9e545052593bc326f84f257b7e4f73cf6a8c2cb3,0x5fc5360d0400a0fd4f2af552add042d716f1d168,0,989999,9900,0x0000000000000000000000000000000000000000,78375382,2026-10-02T16:30:23Z,0x12806c311468a328c3201a70eb93674f6e42da999f0df5630df202bddecef7ed,78375382,2026-10-02T16:30:23Z,401676,-881100,881100,86852219191757,86852219191757,0.16479,164790,theoretical_from_L_and_price,True,405900,415800,no_swap,,,True,0,0,0,0,0,0,,,cohort_bounded_60m,
0x8322808ff4966aae94f78aa7ed23f22460c5cc0062329990e4ae673954946946,0x5169920bae9e654554f3f138bacd4823d47e2d72,0x5169920bae9e654554f3f138bacd4823d47e2d72,0x5fc5360d0400a0fd4f2af552add042d716f1d168,0x5fc5360d0400a0fd4f2af552add042d716f1d168,1,989999,9900,0x0000000000000000000000000000000000000000,78377863,2026-10-02T16:34:34Z,0x9c3344ab925f599b26f31163364e02faf6399db169097110420955b10eda4cb3,78377863,2026-10-02T16:34:34Z,-403500,-881100,881100,11158801540522,11158801540522,0.019326,19326,theoretical_from_L_and_price,True,-415800,-405900,no_swap,,,True,0,0,0,0,0,0,,,cohort_bounded_60m,
0x3c269840ff73c93f6745b848649657d97f438ca5d110a01ec9c0b2b478392004,0x6b01635be031972e811aa51774ddb762449d751e,0x5fc5360d0400a0fd4f2af552add042d716f1d168,0x6b01635be031972e811aa51774ddb762449d751e,0x5fc5360d0400a0fd4f2af552add042d716f1d168,0,820000,8200,0x0000000000000000000000000000000000000000,78378055,2026-10-02T16:34:54Z,0x8fe6ae16574056361f021558b5ac6a0ed8bb1b3f3cabb9a7e469309f07b4bfcb,78378055,2026-10-02T16:34:54Z,363794,-885600,885600,53196509703380,53196509703380,0.670797,670797,theoretical_from_L_and_price,True,369000,377200,no_swap,,,True,0,0,0,0,0,0,2026-10-02T16:58:58Z,2026-10-02T16:58:58Z,cohort_bounded_60m,2026-10-02T16:58:58Z
0x905fb26ab38c23978ca48d9c055a56ed0b15ea805c85c9bfb8f63ab61d85fa04,0x44b5e3a7561f791073bf1a58b209c7f0e8748295,0x44b5e3a7561f791073bf1a58b209c7f0e8748295,0x5fc5360d0400a0fd4f2af552add042d716f1d168,0x5fc5360d0400a0fd4f2af552add042d716f1d168,1,989999,9900,0x0000000000000000000000000000000000000000,78378223,2026-10-02T16:35:11Z,0x9d240da9fe51edd9a7469d47bc5bb1abb4698cbe4499c6167ebcd47817439ef7,78378223,2026-10-02T16:35:11Z,-403500,-881100,881100,29377088072816,29377088072816,0.05088,50880,theoretical_from_L_and_price,True,-415800,-405900,swap_no_boundary,,-402837,True,2,2,3,13,171974,0,,,pool_event_history_censored,
0x8aaa99f212acc53ec4aaf7b673d1c3e889cf50f313662a943d8c339a9e8c2eef,0x7aad7e1e9835f12a53673e1f97662bbca9aedb23,0x5fc5360d0400a0fd4f2af552add042d716f1d168,0x7aad7e1e9835f12a53673e1f97662bbca9aedb23,0x5fc5360d0400a0fd4f2af552add042d716f1d168,0,989999,9900,0x0000000000000000000000000000000000000000,78378511,2026-10-02T16:35:40Z,0x7c94110242cb5db7825c2162791f6b23f805220e5e8d5bc8a65c6b9f59ee1bc0,78378511,2026-10-02T16:35:40Z,403499,-881100,881100,18123846661079,18123846661079,0.031391,31391,theoretical_from_L_and_price,True,405900,415800,swap_no_boundary,,403430,True,0,0,1,1,10842,0,,,cohort_bounded_60m,
0xfc27aa361f7a1d9dbd0c0c66e0dc12837a0633cc18e9bed2b38771757929fd5a,0x5169920bae9e654554f3f138bacd4823d47e2d72,0x0000000000000000000000000000000000000000,0x5169920bae9e654554f3f138bacd4823d47e2d72,0x0000000000000000000000000000000000000000,0,790000,60,0x0000000000000000000000000000000000000000,78378814,2026-10-02T16:36:08Z,0x200584dee5d5b40321266fa1de41d21eb15c075647754b1fe3f9545f2a52172a,78378814,2026-10-02T16:36:08Z,191364,-887220,887220,571847971893541887,571847971893541887,0.000039999999999999,39999999999999,theoretical_from_L_and_price,True,191400,191460,no_swap,,,True,0,0,0,0,0,0,,,cohort_bounded_60m,
0x074278836e649181caadf5503312cc990f14dc67c4dc2f15ad959bb1de342aad,0xd252fbad2e5946ad4540810339a7d8a8dc12be0c,0x5fc5360d0400a0fd4f2af552add042d716f1d168,0xd252fbad2e5946ad4540810339a7d8a8dc12be0c,0x5fc5360d0400a0fd4f2af552add042d716f1d168,0,989999,9900,0x0000000000000000000000000000000000000000,78378896,2026-10-02T16:36:17Z,0x203852029f201e7c6c7cf8d584ffaa8a095ede4967a26aa286c0e800fbdd9cf5,78378896,2026-10-02T16:36:17Z,403499,-881100,881100,46151377879503,46151377879503,0.079937,79937,theoretical_from_L_and_price,True,405900,415800,swap_no_boundary,,403495,True,0,0,1,1,1428,0,,,cohort_bounded_60m,
0xbb62eddc5238f466bc62468cefd9e958348f24a29e1ba8b890d4ae65997d3f4f,0xe095ef0c61fd74d1a1f8eee9505a5676be93cfe0,0x5fc5360d0400a0fd4f2af552add042d716f1d168,0xe095ef0c61fd74d1a1f8eee9505a5676be93cfe0,0x5fc5360d0400a0fd4f2af552add042d716f1d168,0,989999,9900,0x0000000000000000000000000000000000000000,78379168,2026-10-02T16:36:44Z,0x2b6760d41b6ef9b0eb65b3ff67ad8a74447d2cdee7ed7e6580ef028d16c623e3,78379168,2026-10-02T16:36:44Z,403499,-881100,881100,46143872463901,46143872463901,0.079924,79924,theoretical_from_L_and_price,True,405900,415800,no_swap,,,True,0,0,0,0,0,0,,,cohort_bounded_60m,
0xc6ecf241f31becac9817fb302107918b25ba5c5061a7b826a13c2828b105911e,0x1d6aa7eea08e1ec4bf3bb3857fc8209d010b120c,0x1d6aa7eea08e1ec4bf3bb3857fc8209d010b120c,0x5fc5360d0400a0fd4f2af552add042d716f1d168,0x5fc5360d0400a0fd4f2af552add042d716f1d168,1,989999,9900,0x0000000000000000000000000000000000000000,78379583,2026-10-02T16:37:26Z,0xdd106d19dad016b9dc1247aae4ca3496fd873b57898fe52f0dc142062815de9d,78379583,2026-10-02T16:37:26Z,-403500,-881100,881100,34713128008528,34713128008528,0.060122,60122,theoretical_from_L_and_price,True,-415800,-405900,no_swap,,,True,0,0,0,0,0,0,,,cohort_bounded_60m,
0xdfdbdfb3de3f6b0d937a9e64a6266eacb957e6297453976f5cc2941a3d3c5b65,0x5ca346bbab84a8753455cf0ad2ba782d5f5dbec3,0x5ca346bbab84a8753455cf0ad2ba782d5f5dbec3,0x5fc5360d0400a0fd4f2af552add042d716f1d168,0x5fc5360d0400a0fd4f2af552add042d716f1d168,1,989999,9900,0x0000000000000000000000000000000000000000,78379983,2026-10-02T16:38:07Z,0x175dc7647283a5d289b331d31f9b1e43b2f1023c54175355ee26263131318f76,78379983,2026-10-02T16:38:07Z,-403500,-881100,881100,53091922991604,53091922991604,0.091954,91954,theoretical_from_L_and_price,True,-415800,-405900,no_swap,,,True,0,0,0,0,0,0,,,pool_event_history_censored,
0x8688ddd4b7dd4069a3ce7ee6e22c7e1a72ea4ee9e964c710d8b72f0394f4bb53,0x09e3ba5d879bf9c628bae865b6b667d5a4722da9,0x09e3ba5d879bf9c628bae865b6b667d5a4722da9,0x5fc5360d0400a0fd4f2af552add042d716f1d168,0x5fc5360d0400a0fd4f2af552add042d716f1d168,1,989999,9900,0x0000000000000000000000000000000000000000,78380228,2026-10-02T16:38:31Z,0x4355aca65312baa84217898b019bd8ca0d11a0e0e01839dcd84d7927f3af8ebf,78380228,2026-10-02T16:38:31Z,-403500,-881100,881100,55759942959460,55759942959460,0.096575,96575,theoretical_from_L_and_price,True,-415800,-405900,no_swap,,,True,0,0,0,1,0,0,,,cohort_bounded_60m,
0xf955f9db7646ba8f25046b902eccf0826a5110db2a75002fcbb86d6cbb72a370,,0x5d3a1ff2b6bab83b63cd9ad0787074081a52ef34,0xd0ca71118ca21d674f9018a53026a38a0ab54dbf,,,999990,10000,0x0000000000000000000000000000000000000000,78380416,2026-10-02T16:38:50Z,0xb09edf03b19c0387440b5857cc752cd5fdfde85ddf614e7a29b2a27c24844c55,78380416,2026-10-02T16:38:50Z,-36277,-880000,880000,435891148922229145,435891148922229145,,,non_quote_pair,False,,,ineligible_non_quote_pair,,,True,0,0,0,0,,,,,non_quote_pair,
0xe4d9234bce51e4aefe6a8c65c7ef7016497c81b755fa6f77b52e4b0a0f809f5b,0xd39cf56da63ffa2179acd92cb3c619d8a88996d2,0x5fc5360d0400a0fd4f2af552add042d716f1d168,0xd39cf56da63ffa2179acd92cb3c619d8a88996d2,0x5fc5360d0400a0fd4f2af552add042d716f1d168,0,989999,9900,0x0000000000000000000000000000000000000000,78380519,2026-10-02T16:39:01Z,0x4913586b9bc36527046d591a34876b33dcaff36eaeece263c00e551ce6a51dec,78380519,2026-10-02T16:39:01Z,403499,-881100,881100,56988043330206,56988043330206,0.098707,98707,theoretical_from_L_and_price,True,405900,415800,no_swap,,,True,0,0,0,0,0,0,,,cohort_bounded_60m,
0x9a1333864b1b059b537c04054653dc86587a24ec8fb83fab03108f3975b3af50,0xd76eaf928eba38a5b77afe33acf023858f9661f1,0x5fc5360d0400a0fd4f2af552add042d716f1d168,0xd76eaf928eba38a5b77afe33acf023858f9661f1,0x5fc5360d0400a0fd4f2af552add042d716f1d168,0,989999,9900,0x0000000000000000000000000000000000000000,78380831,2026-10-02T16:39:32Z,0x5708e4e9033db2bb0f0303275aad2928b10074bc32e376d35fc5a1bacec4da8d,78380831,2026-10-02T16:39:32Z,403499,-881100,881100,74785693082407,74785693082407,0.129534,129534,theoretical_from_L_and_price,True,405900,415800,no_swap,,,True,0,0,0,0,0,0,,,cohort_bounded_60m,
0xaf20060f60efbc5e1463658d0948f4d18eb49ca5d73c1be02f28c1c55a337324,0x729fde098dd4666b9233115d211c88bfb90534a6,0x5fc5360d0400a0fd4f2af552add042d716f1d168,0x729fde098dd4666b9233115d211c88bfb90534a6,0x5fc5360d0400a0fd4f2af552add042d716f1d168,0,989998,9900,0x0000000000000000000000000000000000000000,78380976,2026-10-02T16:39:47Z,0x6c32f2a248b23d3f002beecf6ee138184cb7af531fdfc9dca568faecaefed2b2,78380976,2026-10-02T16:39:47Z,401676,-881100,881100,96492920403932,96492920403932,0.183082,183082,theoretical_from_L_and_price,True,405900,415800,no_swap,,,True,0,0,0,0,0,0,,,cohort_bounded_60m,
0xd63319c6ece7a468f4a1fa1f4e708c7a68b3bb013b6527f97f50dc19cf59b9bc,0x377e7d9ec4c947b0b7d11e9c5cf0bca754556ffe,0x377e7d9ec4c947b0b7d11e9c5cf0bca754556ffe,0x5fc5360d0400a0fd4f2af552add042d716f1d168,0x5fc5360d0400a0fd4f2af552add042d716f1d168,1,989999,9900,0x0000000000000000000000000000000000000000,78381143,2026-10-02T16:40:04Z,0xcc5985b92a0b4fb28d4f4e43d02260cabf0c013b121886160d987a151e74df3b,78381143,2026-10-02T16:40:04Z,-403500,-881100,881100,18649003454176,18649003454176,0.032299,32299,theoretical_from_L_and_price,True,-415800,-405900,no_swap,,,True,0,0,0,0,0,0,,,cohort_bounded_60m,
0x3f9d50670ed1c8e20fa2af306e5e98e53691af71f47c33114aaf3461bf24fa7b,0x7aad7e1e9835f12a53673e1f97662bbca9aedb23,0x0000000000000000000000000000000000000000,0x7aad7e1e9835f12a53673e1f97662bbca9aedb23,0x0000000000000000000000000000000000000000,0,790000,60,0x0000000000000000000000000000000000000000,78381308,2026-10-02T16:40:20Z,0x41fd37c1859ddcf2134bc7bcb6417b59361594199c9440c836e18317bcfc8ab1,78381308,2026-10-02T16:40:20Z,194285,-887220,887220,661767552812948611,661767552812948611,0.000039999999999999,39999999999999,theoretical_from_L_and_price,True,194340,194400,swap_no_boundary,,191278,True,4,4,4,4,30898535765330,0,,,cohort_bounded_60m,
0xba9ad7fd376003b3612aa87e214769ce547d75e5b5fbd4f9878a908313a07384,0xda34f77bfd52af86aac1c2c324daff17ba782a9d,0x5fc5360d0400a0fd4f2af552add042d716f1d168,0xda34f77bfd52af86aac1c2c324daff17ba782a9d,0x5fc5360d0400a0fd4f2af552add042d716f1d168,0,989999,9900,0x0000000000000000000000000000000000000000,78381403,2026-10-02T16:40:30Z,0x6c7ddaec316db611a35cf5872e7a565a9d6aff54bbf880b593c983186ebd2fa5,78381403,2026-10-02T16:40:30Z,403499,-881100,881100,66862860904464,66862860904464,0.115811,115811,theoretical_from_L_and_price,True,405900,415800,no_swap,,,True,0,0,0,0,0,0,,,cohort_bounded_60m,
0xefecd906168e4aee53d8d25dd0fde3983eb38604582924accd35a2ca4c67b851,0x7aad7e1e9835f12a53673e1f97662bbca9aedb23,0x0000000000000000000000000000000000000000,0x7aad7e1e9835f12a53673e1f97662bbca9aedb23,0x0000000000000000000000000000000000000000,0,883131,200,0x0000000000000000000000000000000000000000,78381546,2026-10-02T16:40:44Z,0x37a48767a8958f1f577fbfa78078d1dcb30e0d2a818d48ff76b1ffd1d50f1923,78381546,2026-10-02T16:40:44Z,178897,-887200,887200,9333822151690768088,9333822151690768088,0.001217699999999999,1217699999999999,theoretical_from_L_and_price,True,179000,179200,no_swap,,,True,0,0,0,0,0,0,,,cohort_bounded_60m,
0x385711fdce7c960c030cec1a36ad84280ec7f78342dafc70ca065d2f762313bd,0xf4a868caa7986e015e50af175c458e3d9e9f4ba3,0x5fc5360d0400a0fd4f2af552add042d716f1d168,0xf4a868caa7986e015e50af175c458e3d9e9f4ba3,0x5fc5360d0400a0fd4f2af552add042d716f1d168,0,989999,9900,0x0000000000000000000000000000000000000000,78381616,2026-10-02T16:40:51Z,0xd261beb1c8a521a76defc457f0c533f4fb4137f824c8ceef00333229af5d47e9,78381616,2026-10-02T16:40:51Z,449553,-881100,881100,241766703573669,241766703573669,0.041875,41875,theoretical_from_L_and_price,True,455400,465300,no_swap,,,True,0,0,0,0,0,0,,,cohort_bounded_60m,
0x88ddb609120ef873fbade1e79cb6580c59e9662c6df7a6c2661a9429a9cc7a8a,0x1510b83d3b545d74e786f616cf0909a40e956775,0x1510b83d3b545d74e786f616cf0909a40e956775,0x5fc5360d0400a0fd4f2af552add042d716f1d168,0x5fc5360d0400a0fd4f2af552add042d716f1d168,1,800000,60,0x0000000000000000000000000000000000000000,78381640,2026-10-02T16:40:54Z,0xa17deeccd90ebaad8165391d15dd421cecae9984a118958c7e998d0185a94961,78381640,2026-10-02T16:40:54Z,-436078,-887220,887220,399026941218241,399026941218241,0.13557,135570,theoretical_from_L_and_price,True,-436140,-436080,no_swap,,,True,0,0,0,6,0,0,,,cohort_bounded_60m,
0xb605a3ed856415c9197891368b2f4b730a3cb60be95691434056955a23d79c4e,0xa6244e71d29e3692312f1cb1fc77eb765b0b27d5,0x0000000000000000000000000000000000000000,0xa6244e71d29e3692312f1cb1fc77eb765b0b27d5,0x0000000000000000000000000000000000000000,0,883131,200,0x0000000000000000000000000000000000000000,78381756,2026-10-02T16:41:05Z,0xa735ee45c093c62df6435434c31512b6a5803e8c038ba7df81074d7d16654acb,78381756,2026-10-02T16:41:05Z,199180,-887200,887200,25731752581909903161,25731752581909903161,0.001217699999999998,1217699999999998,theoretical_from_L_and_price,True,199200,199400,no_swap,,,True,0,0,0,0,0,0,,,cohort_bounded_60m,
0xb51a8c0570af956d7c6269eb0d0af88f9e1a895033b0315599d73207037211e4,0x381e0a401a53c329833ff81391e78e936198a7cc,0x381e0a401a53c329833ff81391e78e936198a7cc,0x5fc5360d0400a0fd4f2af552add042d716f1d168,0x5fc5360d0400a0fd4f2af552add042d716f1d168,1,989999,9900,0x0000000000000000000000000000000000000000,78381858,2026-10-02T16:41:16Z,0xc2e2a58e507c7219b79374c461dc63fa54f410f77e1a32092e90dfd1388471ea,78381858,2026-10-02T16:41:16Z,-403500,-881100,881100,15483869183718,15483869183718,0.026817,26817,theoretical_from_L_and_price,True,-415800,-405900,no_swap,,,True,0,0,0,0,0,0,,,cohort_bounded_60m,
0x2b5f19aeaf5f05e1c447731d65984b4c2ad4bea579fee3eee16d1d516f2956b3,0x7aad7e1e9835f12a53673e1f97662bbca9aedb23,0x5fc5360d0400a0fd4f2af552add042d716f1d168,0x7aad7e1e9835f12a53673e1f97662bbca9aedb23,0x5fc5360d0400a0fd4f2af552add042d716f1d168,0,890000,60,0x0000000000000000000000000000000000000000,78382002,2026-10-02T16:41:30Z,0xee8ad8de400421cf2725feb5ee7157905d075bda74c5954f4e5153fc43443a06,78382002,2026-10-02T16:41:30Z,373475,-887220,378360,588195118404560,588195118404560,0.990449,990449,theoretical_from_L_and_price,True,373500,373560,no_swap,,,False,0,0,0,2,0,0,,,cohort_bounded_60m,
0x90056ed40b8ab6a7533f88630662eb9c66bebae1f8afcf6ed8e0c82d6ab95d3b,0x7aad7e1e9835f12a53673e1f97662bbca9aedb23,0x0000000000000000000000000000000000000000,0x7aad7e1e9835f12a53673e1f97662bbca9aedb23,0x0000000000000000000000000000000000000000,0,810000,60,0x0000000000000000000000000000000000000000,78382038,2026-10-02T16:41:34Z,0xa5537bd741c72ce41924e29d097f6fc028d21f5705ed41dee2ecc68c696f7c6e,78382038,2026-10-02T16:41:34Z,176513,-887220,181620,11124498191619826525,11124498191619826525,0.000368412505720253,368412505720253,theoretical_from_L_and_price,True,176520,176580,interior_crossed_end_token_only,78390800,179209,False,0,0,2,4,0,57546538071034542557441,,,cohort_bounded_60m,
0x09e4250c47643fd1b008fe39e2255d9a7db84e762270ec1cbb57368427b642e7,0x8feb4f77d2115e9316d52d4ad4bb7f87c19e4f50,0x5fc5360d0400a0fd4f2af552add042d716f1d168,0x8feb4f77d2115e9316d52d4ad4bb7f87c19e4f50,0x5fc5360d0400a0fd4f2af552add042d716f1d168,0,989999,9900,0x0000000000000000000000000000000000000000,78382125,2026-10-02T16:41:42Z,0x1834d3cbf8ee6b17ab52eb49c56e7be68d2aef9f01252135d7686c42e1eeafcf,78382125,2026-10-02T16:41:42Z,403499,-881100,881100,34653658516118,34653658516118,0.060022,60022,theoretical_from_L_and_price,True,405900,415800,no_swap,,,True,0,0,0,0,0,0,,,cohort_bounded_60m,
0x5aa674742ca2f6136926c07dbcbf648fc009d31f88049070db4505c6bf895890,0x179efb331d1c847c3774778e5ab960dfe2dc85eb,0x179efb331d1c847c3774778e5ab960dfe2dc85eb,0x5fc5360d0400a0fd4f2af552add042d716f1d168,0x5fc5360d0400a0fd4f2af552add042d716f1d168,1,989999,9900,0x0000000000000000000000000000000000000000,78382420,2026-10-02T16:42:13Z,0xe38172d8b36bb5c74df21a38d4178325ecba68fc755ccca16fabf9ea18f43f4d,78382420,2026-10-02T16:42:13Z,-400623,-881100,881100,26942304294339,26942304294339,0.053882,53882,theoretical_from_L_and_price,True,-415800,-405900,no_swap,,,True,0,0,0,0,0,0,,,cohort_bounded_60m,
0xa9ccfc3d2fe054405e93eb0e6715fe1bd581756593795269c4632f36612648cb,0x5c53c1dcc86286d78dd68b5c6bd995eac646338c,0x5c53c1dcc86286d78dd68b5c6bd995eac646338c,0x5fc5360d0400a0fd4f2af552add042d716f1d168,0x5fc5360d0400a0fd4f2af552add042d716f1d168,1,880010,8800,0x0000000000000000000000000000000000000000,78382542,2026-10-02T16:42:24Z,0x0ff110a848ca119ecf2cf84446f4219f4f63c0839ec0117a9b7909bcf2f305ce,78382542,2026-10-02T16:42:24Z,-414487,-880000,880000,291556998687954,291556998687954,0.291542,291542,theoretical_from_L_and_price,True,-431200,-422400,no_swap,,,True,0,0,0,1,0,0,,,older_pool_history_missing_at_entry,
0x4d61f04df8139463376879e7fa407fac86a7115c4c9f957fb63f9922a59eb188,0x1a9fd1b087dda277f666d72de711fe27785dfb71,0x1a9fd1b087dda277f666d72de711fe27785dfb71,0x5fc5360d0400a0fd4f2af552add042d716f1d168,0x5fc5360d0400a0fd4f2af552add042d716f1d168,1,989999,9900,0x0000000000000000000000000000000000000000,78382737,2026-10-02T16:42:43Z,0xef625f02b85105cfe7ba8c6e964120dac46cb5e1e2cb25adab58a91cdfa01521,78382737,2026-10-02T16:42:43Z,-400623,-881100,881100,68609048149574,68609048149574,0.137213,137213,theoretical_from_L_and_price,True,-415800,-405900,no_swap,,,True,0,0,0,0,0,0,,,cohort_bounded_60m,
0x8b960ec31020c5e82e33918cbe2b9d043281f970234e0ddae74e2d4ef62a7de8,0xcca07f4f76af3346b844ff671eac1bd21a1130e2,0x5fc5360d0400a0fd4f2af552add042d716f1d168,0xcca07f4f76af3346b844ff671eac1bd21a1130e2,0x5fc5360d0400a0fd4f2af552add042d716f1d168,0,989999,9900,0x0000000000000000000000000000000000000000,78383096,2026-10-02T16:43:20Z,0x7f5927889bc997888a3ac2e04eb708890ca665f9da82dea217bdd1320361539d,78383096,2026-10-02T16:43:20Z,403499,-881100,881100,67047032256556,67047032256556,0.11613,116130,theoretical_from_L_and_price,True,405900,415800,swap_no_boundary,,403430,True,0,1,1,1,39981,0,,,cohort_bounded_60m,
0x85863532f7c27817650538b1ae71da5ea08a57a27cb6ac272a8003829074e2ed,0xd9db30bb0d2b8d2eae3826a1372117e058791e18,0x5fc5360d0400a0fd4f2af552add042d716f1d168,0xd9db30bb0d2b8d2eae3826a1372117e058791e18,0x5fc5360d0400a0fd4f2af552add042d716f1d168,0,900000,18000,0x0000000000000000000000000000000000000000,78384032,2026-10-02T16:44:54Z,0xf76a1d7d705e081a4af966faca6d26b3a4294b4d34b6173392d0b658cad49b14,78384032,2026-10-02T16:44:54Z,340350,-882000,882000,49123086089220,49123086089220,1.999998,1999998,theoretical_from_L_and_price,True,342000,360000,no_swap,,,True,0,0,0,0,0,0,,,cohort_bounded_60m,
0x977dd2a83784e2d382cda3659ce2bc9c0394d99865d86648fe96f0119b427c19,0xf08acd54a53be8e49f8b1e22a66d077bb60cfbcc,0x5fc5360d0400a0fd4f2af552add042d716f1d168,0xf08acd54a53be8e49f8b1e22a66d077bb60cfbcc,0x5fc5360d0400a0fd4f2af552add042d716f1d168,0,800000,60,0x0000000000000000000000000000000000000000,78384891,2026-10-02T16:46:21Z,0x3e6f0562e8e836d3099dd1a04d42fabaab279de6963054940e2a4cc839dea643,78384891,2026-10-02T16:46:21Z,403389,-887220,887220,63894848799939,63894848799939,0.111278,111278,theoretical_from_L_and_price,True,403440,403500,no_swap,,,True,0,0,0,0,0,0,,,cohort_bounded_60m,
0x339fef3f45217701cc452d1e7359022d8b22411bf96f4e6cb13da629fa41281c,0x033530d53ae122fb13d2ca75bd3ae59a7a115ffd,0x0000000000000000000000000000000000000000,0x033530d53ae122fb13d2ca75bd3ae59a7a115ffd,0x0000000000000000000000000000000000000000,0,883131,200,0x0000000000000000000000000000000000000000,78385585,2026-10-02T16:47:31Z,0x5ff104ea48b8de75581f4132d705ff22d473b64556c020e46d41cc35f8aa8857,78385585,2026-10-02T16:47:31Z,189486,-887200,887200,15848019794349527728,15848019794349527728,0.001217699999999999,1217699999999999,theoretical_from_L_and_price,True,189600,189800,no_swap,,,True,0,0,0,0,0,0,,,cohort_bounded_60m,
0x620d42412ef8c1db14677d62bbfc8650f6317e50e7bcc01717aaae91663f578a,,0x5d3a1ff2b6bab83b63cd9ad0787074081a52ef34,0x7859dfc99f4db48e1aecd8cb1a42f1ba0b0a7012,,,999999,10000,0x0000000000000000000000000000000000000000,78385747,2026-10-02T16:47:47Z,0xe2664d4e530f72262341e174c64d411778a23cd40400177aa9781168ccbc965f,78385747,2026-10-02T16:47:47Z,43212,-880000,880000,8469337848563023989,8469337848563023989,,,non_quote_pair,False,,,ineligible_non_quote_pair,,,True,0,0,0,0,,,,,non_quote_pair,
0xbaaef5d73ed4afd6ec5673e517b440e46d71907606189452cb5f921ffe8ca9f9,0xba1a2d9783ebe2b76493c5c12eb9813a0e062843,0x5fc5360d0400a0fd4f2af552add042d716f1d168,0xba1a2d9783ebe2b76493c5c12eb9813a0e062843,0x5fc5360d0400a0fd4f2af552add042d716f1d168,0,700000,7000,0x0000000000000000000000000000000000000000,78386456,2026-10-02T16:48:57Z,0x16bf05ef1f1e4fb0150e3a226b22e82023bb88561bc0249294b6c9a2177dce5e,78386456,2026-10-02T16:48:57Z,350153,-882000,882000,6567883534271,6567883534271,0.163805,163805,theoretical_from_L_and_price,True,357000,364000,swap_no_boundary,,334359,True,0,0,5,5,657313,0,,,cohort_bounded_60m,
0xd523c606544bb896f21d8253012c351710714fee47c343a4db7c56da7c39b01a,0x033530d53ae122fb13d2ca75bd3ae59a7a115ffd,0x033530d53ae122fb13d2ca75bd3ae59a7a115ffd,0x5fc5360d0400a0fd4f2af552add042d716f1d168,0x5fc5360d0400a0fd4f2af552add042d716f1d168,1,989998,9900,0x0000000000000000000000000000000000000000,78387222,2026-10-02T16:50:14Z,0x75847b1244741289eed99d33038d0845ef9d81577d5d9c9d91688117826d2233,78387222,2026-10-02T16:50:14Z,-398391,-881100,881100,95514332142560,95514332142560,0.213574,213574,theoretical_from_L_and_price,True,-415800,-405900,swap_no_boundary,,-398272,True,1,1,1,1,128551,0,,,cohort_bounded_60m,
0x69ab120b4eb5c25c82287a3de8617506cc4068a498af5a4144d2f7e9cf0ab153,0xcee2bde41b204e280d5447312d29afb0070d8f5c,0x5fc5360d0400a0fd4f2af552add042d716f1d168,0xcee2bde41b204e280d5447312d29afb0070d8f5c,0x5fc5360d0400a0fd4f2af552add042d716f1d168,0,800000,60,0x0000000000000000000000000000000000000000,78388951,2026-10-02T16:53:10Z,0x3d35d4c053e1509c9993f4e185232b6192bf83fef33d2ed8eac5156e512d60f1,78388951,2026-10-02T16:53:10Z,378000,-887220,887220,41905397809569,41905397809569,0.259724,259724,theoretical_from_L_and_price,True,378060,378120,interior_crossed_end_token_only,78395862,381071,True,0,0,1,1,0,5617713147398203093690,,,cohort_bounded_60m,
0x55f07aa6e5c481728525109b029772686dc94e4770c81b5d7e3a817e6b6dbccd,0xd305874bb46d8ec5a29cbea757f0172cc698b686,0x5fc5360d0400a0fd4f2af552add042d716f1d168,0xd305874bb46d8ec5a29cbea757f0172cc698b686,0x5fc5360d0400a0fd4f2af552add042d716f1d168,0,989998,9900,0x0000000000000000000000000000000000000000,78389784,2026-10-02T16:54:34Z,0x5bd9c6594d80bf5553f6c681cabc9b80918a1a149184b8763d9125255bb8702d,78389784,2026-10-02T16:54:34Z,398390,-881100,881100,80170339613312,80170339613312,0.179273,179273,theoretical_from_L_and_price,True,405900,415800,no_swap,,,True,0,0,0,0,0,0,,,cohort_bounded_60m,
0xcdf1b52782ce55370c136e06c62fe2bcc5ea7ccfe186ecff6944928407050c96,0x2e22c90fe7f7070491ebce18506a1b3f39a6d85c,0x2e22c90fe7f7070491ebce18506a1b3f39a6d85c,0x5fc5360d0400a0fd4f2af552add042d716f1d168,0x5fc5360d0400a0fd4f2af552add042d716f1d168,1,989998,9900,0x0000000000000000000000000000000000000000,78390508,2026-10-02T16:55:45Z,0x3f43f9fe3984b2fedab87497fa2a7686f879952ef4b293d28a1ec4892d24ba8c,78390508,2026-10-02T16:55:45Z,-396568,-881100,881100,89253253344903,89253253344903,0.218619,218619,theoretical_from_L_and_price,True,-415800,-405900,no_swap,,,True,0,0,0,1,0,0,,,cohort_bounded_60m,
0x19106fa45c619ef3d587e8bac57149b2d0f46b63460f93676fb7b392dff78f74,0x5b7cb8e599815f68e618e31336d517ea74295e50,0x5b7cb8e599815f68e618e31336d517ea74295e50,0x5fc5360d0400a0fd4f2af552add042d716f1d168,0x5fc5360d0400a0fd4f2af552add042d716f1d168,1,989998,9900,0x0000000000000000000000000000000000000000,78391231,2026-10-02T16:56:58Z,0xfa4a2a7c051af219b8e2c23a3509a691d0a8857e647ac2ce31a9278ddd2b532d,78391231,2026-10-02T16:56:58Z,-393691,-881100,881100,83246935665231,83246935665231,0.235452,235452,theoretical_from_L_and_price,True,-405900,-396000,swap_no_boundary,,-393678,True,0,0,1,1,15567,0,,,cohort_bounded_60m,
0x400fc05d81c420c90ab629339e3c41256522f3b4ed0c27022d93baf56418d330,0xfb7a0ee2951e33d17e54b12a1903d880b34e4f7e,0x5fc5360d0400a0fd4f2af552add042d716f1d168,0xfb7a0ee2951e33d17e54b12a1903d880b34e4f7e,0x5fc5360d0400a0fd4f2af552add042d716f1d168,0,989999,9900,0x0000000000000000000000000000000000000000,78394395,2026-10-02T17:02:16Z,0xb0e601222c34cb350107ea784af068c7a5725dd1e9a7994956e3062675ab309f,78394395,2026-10-02T17:02:16Z,398390,-881100,881100,76322231285431,76322231285431,0.170668,170668,theoretical_from_L_and_price,True,405900,415800,no_swap,,,True,0,0,0,0,0,0,,,cohort_bounded_60m,
0xbf1d4711a1e68cc28d24729180e4d72100621068cd3ccca4b932c59787c3bafb,0x095f5dffd2533b15cad7aa6e6badc1f29259f101,0x095f5dffd2533b15cad7aa6e6badc1f29259f101,0x5fc5360d0400a0fd4f2af552add042d716f1d168,0x5fc5360d0400a0fd4f2af552add042d716f1d168,1,989999,9900,0x0000000000000000000000000000000000000000,78394648,2026-10-02T17:02:43Z,0x8f1366960cca55fbe6cc8e1e67a405191401d76ba79dbdc91b6dfebf52848965,78394648,2026-10-02T17:02:43Z,-407555,-881100,881100,66941576787467,66941576787467,0.094665,94665,theoretical_from_L_and_price,True,-425700,-415800,swap_no_boundary,,-406862,True,22,24,24,24,334863,0,,,cohort_bounded_60m,
0x473ea993b1752bbdbbc4ab73139c06dcc0fee1f7238203d0da96fd9ae2a40d8d,0xc0e6a1e1e37129b839ac8ec12a24ceedaf2b13f7,0x0000000000000000000000000000000000000000,0xc0e6a1e1e37129b839ac8ec12a24ceedaf2b13f7,0x0000000000000000000000000000000000000000,0,899900,8999,0x0000000000000000000000000000000000000000,78395261,2026-10-02T17:03:45Z,0x80904dae39faff502a3314010aeedfd0268db40199170caadbfe325ef3afb4df,78395261,2026-10-02T17:03:45Z,166955,-881902,881902,62769445538243220,62769445538243220,0.000014878110781272,14878110781272,theoretical_from_L_and_price,True,170981,179980,no_swap,,,True,0,0,0,0,0,0,,,cohort_bounded_60m,
0x561bd6169ee7582f8e4939c5e9a06dfac52a7be2fa903ea7b51dd3c9047c59a3,0x87f0a31a866b31f28deb5b4792cf7fbe673435e1,0x5fc5360d0400a0fd4f2af552add042d716f1d168,0x87f0a31a866b31f28deb5b4792cf7fbe673435e1,0x5fc5360d0400a0fd4f2af552add042d716f1d168,0,989999,9900,0x0000000000000000000000000000000000000000,78395310,2026-10-02T17:03:50Z,0x1c4051af30828a8ed2bd3c5c5fd7e08326d8731e501a0a1324e5b399b7b12394,78395310,2026-10-02T17:03:50Z,403499,-881100,881100,66619800906875,66619800906875,0.11539,115390,theoretical_from_L_and_price,True,405900,415800,no_swap,,,True,0,0,0,0,0,0,,,cohort_bounded_60m,
0x32b5cb80fea57093e9aabb3d477bfd8757ce1b032603827bf5cb94801f0a7ff0,0xaa51e1aee59d92fa2ae3862cb00c8b49f96f2c7a,0x5fc5360d0400a0fd4f2af552add042d716f1d168,0xaa51e1aee59d92fa2ae3862cb00c8b49f96f2c7a,0x5fc5360d0400a0fd4f2af552add042d716f1d168,0,989999,9900,0x0000000000000000000000000000000000000000,78395402,2026-10-02T17:03:59Z,0xaeffbe557e0964ee4fb34604bde2e5373063546ac917de9518cd66dc36f73979,78395402,2026-10-02T17:03:59Z,398390,-881100,881100,84931171833953,84931171833953,0.189919,189919,theoretical_from_L_and_price,True,405900,415800,no_swap,,,True,0,0,0,0,0,0,,,cohort_bounded_60m,
0x5ab02054bd24c99a10a5dac23bb9af65b27523eb5a8e2224936fd0d7e8d9a151,0x647d23868453a33e8116368264cf856022b28954,0x5fc5360d0400a0fd4f2af552add042d716f1d168,0x647d23868453a33e8116368264cf856022b28954,0x5fc5360d0400a0fd4f2af552add042d716f1d168,0,750000,7500,0x0000000000000000000000000000000000000000,78395521,2026-10-02T17:04:11Z,0x0f06329561a7e48f0e1e0f9f5a5f147ccbd76ae2a76bf06b3dafc79b043b9be0,78395521,2026-10-02T17:04:11Z,371443,-885000,885000,66289780130424,66289780130424,0.570252,570252,theoretical_from_L_and_price,True,375000,382500,no_swap,,,True,0,0,0,0,0,0,,,older_pool_history_missing_at_entry,
0x869aa7beab5fca24b8206ff7352e84e48378329d3c3c2ea59040fe9dd4fae585,0x498a30269f4b5527a661d7e3694536673f49ad55,0x498a30269f4b5527a661d7e3694536673f49ad55,0x5fc5360d0400a0fd4f2af552add042d716f1d168,0x5fc5360d0400a0fd4f2af552add042d716f1d168,1,989999,9900,0x0000000000000000000000000000000000000000,78395648,2026-10-02T17:04:24Z,0xf71e2ada683fe8902c3f9d33bfd80b5fc16ef29b44fc4762f25cc3db577c5615,78395648,2026-10-02T17:04:24Z,-407555,-881100,881100,44654824673607,44654824673607,0.063148,63148,theoretical_from_L_and_price,True,-425700,-415800,swap_no_boundary,,-407520,True,1,2,2,2,11195,0,,,cohort_bounded_60m,
0xed57ff194c7a8691a55d0b5caefc01ebed46b4e08879cc59fb842e9ce6bb9d32,0x1ce877aec54ec37cfc67359264444bf023c149b3,0x1ce877aec54ec37cfc67359264444bf023c149b3,0x5fc5360d0400a0fd4f2af552add042d716f1d168,0x5fc5360d0400a0fd4f2af552add042d716f1d168,1,989999,9900,0x0000000000000000000000000000000000000000,78396173,2026-10-02T17:05:16Z,0xe8b521e862c87a25e5aef7326320e98d9355b8abff3f8e8aec931b4bf9657257,78396173,2026-10-02T17:05:16Z,-395026,-881100,881100,56702328814461,56702328814461,0.150019,150019,theoretical_from_L_and_price,True,-405900,-396000,swap_no_boundary,,-395019,True,0,1,1,1,6006,0,,,cohort_bounded_60m,
0xfe4f4d28f8265a2b714dea6ce0cab6aa4fe421af60c3f2d330f64a66dc1ae025,0xf28c54dbd04831a47a3a6270c1d1166803c42491,0x5fc5360d0400a0fd4f2af552add042d716f1d168,0xf28c54dbd04831a47a3a6270c1d1166803c42491,0x5fc5360d0400a0fd4f2af552add042d716f1d168,0,800000,8000,0x0000000000000000000000000000000000000000,78396448,2026-10-02T17:05:44Z,0xf7a0202560d0247fedab6a1023e4f1aa3f1be49e1187d71fbaf96f10cc0f3222,78396448,2026-10-02T17:05:44Z,385580,376000,384000,98550472831595983,98550472831595983,0,0,theoretical_from_L_and_price,True,392000,400000,no_swap,,,False,0,0,0,0,0,0,,,cohort_bounded_60m,
0x0878be65229f64b91b2c8a688f80747e0f8ba9c1d9d2f3a2c61a6c366aba0c6e,0x975372aa7774ff882e868fd2e3d33a9adefa87d9,0x0000000000000000000000000000000000000000,0x975372aa7774ff882e868fd2e3d33a9adefa87d9,0x0000000000000000000000000000000000000000,0,883131,200,0x0000000000000000000000000000000000000000,78396906,2026-10-02T17:06:31Z,0xb91c5eea4057e21c7e0657f08828aa21ee28dc1ea9a2c42109b0034eed1e9172,78396906,2026-10-02T17:06:31Z,199358,-887200,887200,25962088845913413238,25962088845913413238,0.001217699999999998,1217699999999998,theoretical_from_L_and_price,True,199400,199600,swap_no_boundary,,199138,True,1,1,1,2,115317249267884,0,,,cohort_bounded_60m,
0xd6bce846eb7f4ef7eced6a7fa88bd54e59138f8ae2d70c14f0f75fcfd996e3bb,0xae7b9048f5481c394ae4d75324094fffdf1e152f,0x0000000000000000000000000000000000000000,0xae7b9048f5481c394ae4d75324094fffdf1e152f,0x0000000000000000000000000000000000000000,0,790000,60,0x0000000000000000000000000000000000000000,78397210,2026-10-02T17:07:01Z,0xbec3d1699464ce29c5c02b16261d58ed7aceb0cdfd62e14e96112d066a23759a,78397210,2026-10-02T17:07:01Z,196206,-887220,887220,728479014149469207,728479014149469207,0.000039999999999999,39999999999999,theoretical_from_L_and_price,True,196260,196320,no_swap,,,True,0,0,0,0,0,0,,,cohort_bounded_60m,
0x238d05629724702aeccdfddc91ec548d9f710c9a96e7f023c55661c0338acf68,0x1bf14147642d58d47cb2229ce23548bf2a01cfbe,0x1bf14147642d58d47cb2229ce23548bf2a01cfbe,0x5fc5360d0400a0fd4f2af552add042d716f1d168,0x5fc5360d0400a0fd4f2af552add042d716f1d168,1,850000,60,0x0000000000000000000000000000000000000000,78397846,2026-10-02T17:08:02Z,0x65f3fc4187f394f540379a7dd1e388505e695a0cb499583c94eb61c3e498092f,78397846,2026-10-02T17:08:02Z,-376900,-383040,887220,573985307106606,573985307106606,0.993678,993678,theoretical_from_L_and_price,True,-376980,-376920,interior_crossed_end_token_only,78399381,-382402,False,2,2,2,2,0,185051631930386714750335,,,cohort_bounded_60m,
0xd888f3cc5e5b8a4a0f6bd07ce8004079c6fd9b2434d524402dbf22027415f5e9,0x1bf14147642d58d47cb2229ce23548bf2a01cfbe,0x0000000000000000000000000000000000000000,0x1bf14147642d58d47cb2229ce23548bf2a01cfbe,0x0000000000000000000000000000000000000000,0,890000,60,0x0000000000000000000000000000000000000000,78397874,2026-10-02T17:08:05Z,0x16c5cf10097639fa4ccb9728261314e8f725ca724ddcfd6d17cd559c7388351b,78397874,2026-10-02T17:08:05Z,179998,-887220,186480,10822662619330888486,10822662619330888486,0.000369884579922815,369884579922815,theoretical_from_L_and_price,True,180000,180060,interior_crossed_end_token_only,78399492,183626,False,1,2,2,2,0,158484309955276086216432,,,cohort_bounded_60m,
0x3f86114360041b115baaf69055de7d8f0184319a0275ffa0922285d6d530ac78,0x3aa0ce359da22665ea478817a2f8c53dff802dea,0x0000000000000000000000000000000000000000,0x3aa0ce359da22665ea478817a2f8c53dff802dea,0x0000000000000000000000000000000000000000,0,883131,200,0x0000000000000000000000000000000000000000,78397965,2026-10-02T17:08:14Z,0x045e4399f490f80b0506c424b85bcbeb4f39e0d026b59c1f99595694dd4b6f33,78397965,2026-10-02T17:08:14Z,180130,-887200,887200,9927060587321306036,9927060587321306036,0.001217699999999999,1217699999999999,theoretical_from_L_and_price,True,180200,180400,interior_crossed_end_token_only,78409141,195587,True,0,0,10,12,3007862422367745,3306372714559426857553068,,,older_pool_history_missing_at_entry,
0x95c35b6f31ef2caf35e907f2407df8a56c4704c2c662abbd9f4d1986c342d69a,0x975372aa7774ff882e868fd2e3d33a9adefa87d9,0x5fc5360d0400a0fd4f2af552add042d716f1d168,0x975372aa7774ff882e868fd2e3d33a9adefa87d9,0x5fc5360d0400a0fd4f2af552add042d716f1d168,0,989999,9900,0x0000000000000000000000000000000000000000,78398592,2026-10-02T17:09:18Z,0xe7f62a699dd24b119eec64ca6f32a49c48edca6d6353261b79f058f2431800b8,78398592,2026-10-02T17:09:18Z,402853,-881100,881100,103090135510516,103090135510516,0.184421,184421,theoretical_from_L_and_price,True,405900,415800,swap_no_boundary,,402790,True,1,1,1,1,57496,0,,,cohort_bounded_60m,
0x1368284e82801d74923694c0d9e268f9d615680b8848fbd463bbc89ca0d7fb5d,0x44b5e3a7561f791073bf1a58b209c7f0e8748295,0x44b5e3a7561f791073bf1a58b209c7f0e8748295,0x5fc5360d0400a0fd4f2af552add042d716f1d168,0x5fc5360d0400a0fd4f2af552add042d716f1d168,1,900000,60,0x0000000000000000000000000000000000000000,78398761,2026-10-02T17:09:35Z,0xd56461e806113d3301191e621407bb097d567e53e1c1021b962efbdb3591776f,78398761,2026-10-02T17:09:35Z,-373781,-378120,887220,664860311169858,664860311169858,0.992582,992582,theoretical_from_L_and_price,True,-373860,-373800,swap_no_boundary,,-373567,False,1,1,1,1,546364,0,,,pool_event_history_censored,
0xce88cdc5f9a6866b8bb5740dee59f64f055310864c315ff7ad7ded01e94723eb,0x44b5e3a7561f791073bf1a58b209c7f0e8748295,0x0000000000000000000000000000000000000000,0x44b5e3a7561f791073bf1a58b209c7f0e8748295,0x0000000000000000000000000000000000000000,0,890000,60,0x0000000000000000000000000000000000000000,78398789,2026-10-02T17:09:38Z,0x89b70261f6ef1c29fc3759f06717050d595983747821d2aebd9ee21f294635a9,78398789,2026-10-02T17:09:38Z,175566,-887220,179520,13386244981163622177,13386244981163622177,0.000369938567880649,369938567880649,theoretical_from_L_and_price,True,175620,175680,no_swap,,,False,0,0,0,0,0,0,,,pool_event_history_censored,
0x59389284b17de6301d33e4a215fdd1d99ce18d006e0e48e0630357d0dd82e7be,0xdafdba86aa2d3498edce0531ab8c75b0dbdf8c1a,0x5fc5360d0400a0fd4f2af552add042d716f1d168,0xdafdba86aa2d3498edce0531ab8c75b0dbdf8c1a,0x5fc5360d0400a0fd4f2af552add042d716f1d168,0,900000,9000,0x0000000000000000000000000000000000000000,78399163,2026-10-02T17:10:15Z,0x8e66521852b479314d208129aa4bd65fc20d14f42103637c7d5ad66ba9acc374,78399163,2026-10-02T17:10:15Z,371176,-882000,882000,69483099451780,69483099451780,0.605755,605755,theoretical_from_L_and_price,True,378000,387000,no_swap,,,True,0,0,0,0,0,0,,,cohort_bounded_60m,
0x608911db5e905bd51f6fe5eae6d320cdd0af1e06594757e987bf5ae8029c7f0a,0xfb7a0ee2951e33d17e54b12a1903d880b34e4f7e,0x0000000000000000000000000000000000000000,0xfb7a0ee2951e33d17e54b12a1903d880b34e4f7e,0x0000000000000000000000000000000000000000,0,883131,200,0x0000000000000000000000000000000000000000,78399285,2026-10-02T17:10:28Z,0xb342916ee0e1e4e33020b41ec397bc9124e48ca0be9d1db6d72dd1287cebb264,78399285,2026-10-02T17:10:28Z,194133,-887200,887200,19993528941364931830,19993528941364931830,0.001217699999999998,1217699999999998,theoretical_from_L_and_price,True,194200,194400,no_swap,,,True,0,0,0,0,0,0,,,cohort_bounded_60m,
0x02c53ddb53b1d12d8298a1b468a0806def438362348cc1d166e95494e57d3d33,0x4f88d0613bb6722afaebfe0699c24dc21f6cdbe4,0x4f88d0613bb6722afaebfe0699c24dc21f6cdbe4,0x5fc5360d0400a0fd4f2af552add042d716f1d168,0x5fc5360d0400a0fd4f2af552add042d716f1d168,1,989999,9900,0x0000000000000000000000000000000000000000,78399627,2026-10-02T17:11:02Z,0xce02089e8ca9c21f69cab2865c599ec8f63f8a0927ca9fef0cf977209afb8ded,78399627,2026-10-02T17:11:02Z,-407555,-881100,881100,54849580050880,54849580050880,0.077565,77565,theoretical_from_L_and_price,True,-425700,-415800,swap_no_boundary,,-407555,True,0,0,1,1,201,0,,,cohort_bounded_60m,
0xeab7651921c9ef757ff14f70ced79bcd9056b336c92628b126ea108ff2f0f9ea,0x4c2eb3c6af30fafdff09ef368e8db3b2a8e3cff5,0x0000000000000000000000000000000000000000,0x4c2eb3c6af30fafdff09ef368e8db3b2a8e3cff5,0x0000000000000000000000000000000000000000,0,899900,8999,0x0000000000000000000000000000000000000000,78399795,2026-10-02T17:11:19Z,0xa8538f33b4c723314264d59775ea6e3c93f4f68d2c1f712679ee33e23da0a7e2,78399795,2026-10-02T17:11:19Z,209546,-881902,881902,528048257935247273,528048257935247273,0.000014882213665677,14882213665677,theoretical_from_L_and_price,True,215976,224975,no_swap,,,True,0,0,0,0,0,0,,,pool_event_history_censored,
0x29cc9d38fe83da492cc8a91ae46af2e6cd8226b0759ce6ac8ef8343b858346c7,0xb67ad1d5e9691eaa15bf393174d31cfe78d7edd2,0x5fc5360d0400a0fd4f2af552add042d716f1d168,0xb67ad1d5e9691eaa15bf393174d31cfe78d7edd2,0x5fc5360d0400a0fd4f2af552add042d716f1d168,0,989999,9900,0x0000000000000000000000000000000000000000,78399919,2026-10-02T17:11:32Z,0x82b8fa0bea1d787549c5c9c59ba498b9efe1f13d7babc214052a6982654309d7,78399919,2026-10-02T17:11:32Z,402853,-881100,881100,129239149451621,129239149451621,0.2312,231200,theoretical_from_L_and_price,True,405900,415800,no_swap,,,True,0,0,0,0,0,0,,,cohort_bounded_60m,
0x755dd2edc31b63881e29fe42dfffb8e499ed7e3f44908e154203b0d95cd8874c,0xcace05716778f86e4feb04bd7a2c2f2c31705f2b,0x0000000000000000000000000000000000000000,0xcace05716778f86e4feb04bd7a2c2f2c31705f2b,0x0000000000000000000000000000000000000000,0,899900,8999,0x0000000000000000000000000000000000000000,78401523,2026-10-02T17:14:15Z,0xbc0979392bb043af2f6fdc7951abb4f62db6a185a38b26d10742311318ec671a,78401523,2026-10-02T17:14:15Z,179419,-881902,881902,117135881827648915,117135881827648915,0.000014888490140346,14888490140346,theoretical_from_L_and_price,True,179980,188979,no_swap,,,True,0,0,0,0,0,0,,,older_pool_history_missing_at_entry,
0x00a73b50c1531c8ab1b3a542ec903860fd1512277f548803198d62e852e093ee,0x7bc5a81458453de233ee3204169e053767deb3ca,0x0000000000000000000000000000000000000000,0x7bc5a81458453de233ee3204169e053767deb3ca,0x0000000000000000000000000000000000000000,0,899900,8999,0x0000000000000000000000000000000000000000,78403174,2026-10-02T17:17:00Z,0x01a67eff87fa767057144ad9ac099f1a94dc5ec28399bbc0f6ae3051fb7f0657,78403174,2026-10-02T17:17:00Z,221963,-881902,881902,985018095902749375,985018095902749375,0.000014921754205645,14921754205645,theoretical_from_L_and_price,True,224975,233974,no_swap,,,True,0,0,0,0,0,0,,,older_pool_history_missing_at_entry,
0x74952eeacafe44fe5842cd02a45c391865c2cc9d36719d637431b1eeb9b36e90,0xd24c9093515e654cf1a502a13a260b2eb1b25b0d,0x0000000000000000000000000000000000000000,0xd24c9093515e654cf1a502a13a260b2eb1b25b0d,0x0000000000000000000000000000000000000000,0,899900,8999,0x0000000000000000000000000000000000000000,78403853,2026-10-02T17:18:08Z,0x0c012fe7f0f4cdbb28d78deabbf5bf484cf11b58de0c3b3772b843f521d76967,78403853,2026-10-02T17:18:08Z,217931,-881902,881902,805080684307145639,805080684307145639,0.000014919850453655,14919850453655,theoretical_from_L_and_price,True,224975,233974,no_swap,,,True,0,0,0,0,0,0,,,older_pool_history_missing_at_entry,
0x8105ae231726f2ec2cad2f00950c05fd2466f3f5e7dd81faa6f096dcce5c0e86,0xae7b9048f5481c394ae4d75324094fffdf1e152f,0x5fc5360d0400a0fd4f2af552add042d716f1d168,0xae7b9048f5481c394ae4d75324094fffdf1e152f,0x5fc5360d0400a0fd4f2af552add042d716f1d168,0,989999,9900,0x0000000000000000000000000000000000000000,78404181,2026-10-02T17:18:41Z,0x915263ce12304cd42743b9540236adc897f3cdb726e8827f452b09f133544cf5,78404181,2026-10-02T17:18:41Z,400622,-881100,881100,20614084733650,20614084733650,0.041228,41228,theoretical_from_L_and_price,True,405900,415800,no_swap,,,True,0,0,0,0,0,0,,,cohort_bounded_60m,
0xd87346c6f926b67da92f2cc7d79bfc01d00d70f30873125dcb77a1908a0e2bf5,0x8110f66619a8debe0faaebe5cef3b9268eb31149,0x0000000000000000000000000000000000000000,0x8110f66619a8debe0faaebe5cef3b9268eb31149,0x0000000000000000000000000000000000000000,0,883131,200,0x0000000000000000000000000000000000000000,78404365,2026-10-02T17:19:00Z,0x5eb5b44552c0c79d4de1397531833bc6cafe57ff17e89610c5d30e9a57c4fc61,78404365,2026-10-02T17:19:00Z,168854,-887200,887200,5649100024727416927,5649100024727416927,0.001217699999999999,1217699999999999,theoretical_from_L_and_price,True,169000,169200,no_swap,,,True,0,0,0,9,0,0,,,cohort_bounded_60m,
0x53377577565ff637612ac3b6e45a899a3b85847a22bc29fbb23bae01a9a4a7b0,0xe64ad9de48bf5c7e571b3d36fd9862537767b755,0x0000000000000000000000000000000000000000,0xe64ad9de48bf5c7e571b3d36fd9862537767b755,0x0000000000000000000000000000000000000000,0,899900,8999,0x0000000000000000000000000000000000000000,78404586,2026-10-02T17:19:22Z,0x8447204ca62a70df8eebe2ae57799990b5d8e3be0667610305c62625d8110067,78404586,2026-10-02T17:19:22Z,212619,-881902,881902,617467647516554199,617467647516554199,0.000014923892698813,14923892698813,theoretical_from_L_and_price,True,215976,224975,no_swap,,,True,0,0,0,0,0,0,,,older_pool_history_missing_at_entry,
0x82d3b22addd72cfa54748fbec86a6c66004cd357989c3e62262f8c69bd56c540,0x8110f66619a8debe0faaebe5cef3b9268eb31149,0x5fc5360d0400a0fd4f2af552add042d716f1d168,0x8110f66619a8debe0faaebe5cef3b9268eb31149,0x5fc5360d0400a0fd4f2af552add042d716f1d168,0,989999,9900,0x0000000000000000000000000000000000000000,78404807,2026-10-02T17:19:44Z,0x28debb1b08a4981c2d322e140d4885132b8dab9624353ea27f1b0bafe2484957,78404807,2026-10-02T17:19:44Z,391459,-881100,881100,113111930258567,113111930258567,0.357691,357691,theoretical_from_L_and_price,True,396000,405900,no_swap,,,True,0,0,0,1,0,0,,,cohort_bounded_60m,
0xba8e0f51f62afb037b834993134410056f51e10947e4524ddef5bdbbef5bf6f6,0x0d0a2a82f0d3897600902cd08e6a5be1b65f74d1,0x0000000000000000000000000000000000000000,0x0d0a2a82f0d3897600902cd08e6a5be1b65f74d1,0x0000000000000000000000000000000000000000,0,899900,8999,0x0000000000000000000000000000000000000000,78405468,2026-10-02T17:20:50Z,0xa8d630fa13c59beed6922552fd7a02e85860bb37f8ac677945e03e38fe4de622,78405468,2026-10-02T17:20:50Z,199279,-881902,881902,316412728712502256,316412728712502256,0.000014899846459513,14899846459513,theoretical_from_L_and_price,True,206977,215976,no_swap,,,True,0,0,0,0,0,0,,,older_pool_history_missing_at_entry,
0x5e227f3e3cd03e7a4c1f19cb82c8e9bb555e908d36e7cdf31a203e84a2f39353,0x285a9ddf53bef60ebcc55f5752724a30ef7b2d17,0x0000000000000000000000000000000000000000,0x285a9ddf53bef60ebcc55f5752724a30ef7b2d17,0x0000000000000000000000000000000000000000,0,899900,8999,0x0000000000000000000000000000000000000000,78406084,2026-10-02T17:21:52Z,0xd0558c8047883a053015f0de23a29d8cdbff64b70872c4223e6be7025395385b,78406084,2026-10-02T17:21:52Z,196009,-881902,881902,268642236656236865,268642236656236865,0.000014897237423769,14897237423769,theoretical_from_L_and_price,True,197978,206977,no_swap,,,True,0,0,0,0,0,0,,,older_pool_history_missing_at_entry,
0xf3451a9c90800e59105c4c9298845d510c52a136181b9bea9b536bb14bf480a7,0xb4bfb50b176236d5b011e071987ef9dde3122250,0x5fc5360d0400a0fd4f2af552add042d716f1d168,0xb4bfb50b176236d5b011e071987ef9dde3122250,0x5fc5360d0400a0fd4f2af552add042d716f1d168,0,920000,9200,0x0000000000000000000000000000000000000000,78406357,2026-10-02T17:22:19Z,0x809764d09f3226e79f231baea08bcbd7c110008a8842b9b796bd6dbb60d20a45,78406357,2026-10-02T17:22:19Z,353502,-883200,883200,44136878036770,44136878036770,0.931079,931079,theoretical_from_L_and_price,True,358800,368000,no_swap,,,True,0,0,0,0,0,0,2026-10-02T17:27:11Z,2026-10-02T17:27:11Z,cohort_bounded_60m,2026-10-02T17:27:11Z
0x190b6bed5924c9fe350bf7711f9c4fe6f8fed5d0e9f4e15f256c68741236252d,0x56b8bbcc0c462ef3e07920525e2e36ea2e372b6a,0x0000000000000000000000000000000000000000,0x56b8bbcc0c462ef3e07920525e2e36ea2e372b6a,0x0000000000000000000000000000000000000000,0,899900,8999,0x0000000000000000000000000000000000000000,78406874,2026-10-02T17:23:12Z,0xa31444a4a6e24bc1721fbe3212f5fbb8fc519ddac1b09d5c405b455666eb15e0,78406874,2026-10-02T17:23:12Z,200780,-881902,881902,341201387683557933,341201387683557933,0.000014905497105963,14905497105963,theoretical_from_L_and_price,True,206977,215976,no_swap,,,True,0,0,0,0,0,0,,,cohort_bounded_60m,
0x59fa20df734ab756e956826e7d0f3811a7bed990c5cfbdb1fc8f1a3e75d8ec61,0x0f90d8f5a9a89ba362537555d9dd4217fe8945f4,0x0000000000000000000000000000000000000000,0x0f90d8f5a9a89ba362537555d9dd4217fe8945f4,0x0000000000000000000000000000000000000000,0,883131,200,0x0000000000000000000000000000000000000000,78407585,2026-10-02T17:24:24Z,0xa6ab8bfd8890b8406650a33ee5494b70ee25abff8582ebb70dd83c86f734ad6b,78407585,2026-10-02T17:24:24Z,172872,-887200,887200,6905987778221947378,6905987778221947378,0.001217699999999999,1217699999999999,theoretical_from_L_and_price,True,173000,173200,interior_crossed_end_token_only,78409314,196712,True,12,12,15,18,2648967435867708,1726554387024499224424514,,,cohort_bounded_60m,
0xc3c6df0173e829fdaa7bf0f6cb18f727d43d1a66812948b7276cbec121873415,0x9c57e13c4105c4f64ab4cb19ace21ec3b91ce635,0x0000000000000000000000000000000000000000,0x9c57e13c4105c4f64ab4cb19ace21ec3b91ce635,0x0000000000000000000000000000000000000000,0,899900,8999,0x0000000000000000000000000000000000000000,78407789,2026-10-02T17:24:45Z,0x7a895317627da52e7afb3816360de5288dd343b9b36f085ff869b9a388e264b5,78407789,2026-10-02T17:24:45Z,198987,-881902,881902,311966767210240047,311966767210240047,0.00001490653012112,14906530121120,theoretical_from_L_and_price,True,206977,215976,no_swap,,,True,0,0,0,0,0,0,,,older_pool_history_missing_at_entry,
0x280a90182ae29ef3b167ceab5ecb8d8d9da8b34e9ea98fba417019473c71bc75,0xd5dbcf88bbbca7948d53a025e9e22e9fbf1ebe3f,0x0000000000000000000000000000000000000000,0xd5dbcf88bbbca7948d53a025e9e22e9fbf1ebe3f,0x0000000000000000000000000000000000000000,0,883131,200,0x0000000000000000000000000000000000000000,78408188,2026-10-02T17:25:25Z,0x72e8f8a63c537f60d9b8374976a9f6a87c8a570ff059e758d0b021bde1c4fdd6,78408188,2026-10-02T17:25:25Z,186887,-887200,887200,13917382119881983683,13917382119881983683,0.001217699999999999,1217699999999999,theoretical_from_L_and_price,True,187000,187200,no_swap,,,True,0,0,0,0,0,0,,,cohort_bounded_60m,
0x10a6898d651125262bdb53689b4cf3aa4877bfcb40c21ebf082df1ca915de7e1,0xc2362aff2a2a4cc1f48cf3dab2c4e2605eb94ba3,0x5fc5360d0400a0fd4f2af552add042d716f1d168,0xc2362aff2a2a4cc1f48cf3dab2c4e2605eb94ba3,0x5fc5360d0400a0fd4f2af552add042d716f1d168,0,900000,18000,0x0000000000000000000000000000000000000000,78408487,2026-10-02T17:25:55Z,0x97f28c239f7501c91fad0f42e94a62eebbd247880dcbd68e2ad9d155f6e09aab,78408487,2026-10-02T17:25:55Z,407068,-882000,882000,1380274086921713,1380274086921713,1.999998,1999998,theoretical_from_L_and_price,True,414000,432000,no_swap,,,True,0,0,0,0,0,0,,,cohort_bounded_60m,
0xd9dd39cb20c9cb387ff6ceeac8bfe9cc05c28a3674159b5811060858a62301e3,0x4eb990547bce4a982432ca88cf5fae7eed1a2d35,0x4eb990547bce4a982432ca88cf5fae7eed1a2d35,0x5fc5360d0400a0fd4f2af552add042d716f1d168,0x5fc5360d0400a0fd4f2af552add042d716f1d168,1,899990,17999,0x0000000000000000000000000000000000000000,78408572,2026-10-02T17:26:04Z,0xf510ae6701461e9d58713bcb103331fd183b41b91b4e2e991e5000fb8edd57f5,78408572,2026-10-02T17:26:04Z,-371521,-881951,881951,233390243004828,233390243004828,1.999998,1999998,theoretical_from_L_and_price,True,-395978,-377979,no_swap,,,True,0,0,0,0,0,0,,,cohort_bounded_60m,
0x4ae3bec0e5f0f3d60678908c653819a0d714f826ce81f0ae617b8cf6de2b7f94,0x686dc5e88bfbb1b476b06fd026d4e0baebb48d8f,0x5fc5360d0400a0fd4f2af552add042d716f1d168,0x686dc5e88bfbb1b476b06fd026d4e0baebb48d8f,0x5fc5360d0400a0fd4f2af552add042d716f1d168,0,989999,9900,0x0000000000000000000000000000000000000000,78408727,2026-10-02T17:26:19Z,0x34bffb6d71220d1b11475c8280b9c0f89b4db7b18980ac2e2445a91de7ed25e6,78408727,2026-10-02T17:26:19Z,395025,-881100,881100,80321511434357,80321511434357,0.21252,212520,theoretical_from_L_and_price,True,396000,405900,no_swap,,,True,0,0,0,0,0,0,,,cohort_bounded_60m,
0xefe407daef28c51280cb24476b3110df4dae59c419623ec25118a482ae5eaa31,0x9063e991494281f285f0eaaecad66cc35df60a29,0x5fc5360d0400a0fd4f2af552add042d716f1d168,0x9063e991494281f285f0eaaecad66cc35df60a29,0x5fc5360d0400a0fd4f2af552add042d716f1d168,0,800000,8000,0x0000000000000000000000000000000000000000,78408987,2026-10-02T17:26:45Z,0xaf7125c9b67d9b3713941448d981f7743a5ffe491bee1133d38ee222016c5921,78408987,2026-10-02T17:26:45Z,396567,-440000,-424000,62450654140719165572559644562126,62450654140719165572559644562126,0,0,theoretical_from_L_and_price,True,400000,408000,no_swap,,,False,0,0,0,0,0,0,,,cohort_bounded_60m,
0xd589b951b06f97ee4189e42d1094753559092569c3ae2952a0f455a49109988c,0x12d5ee7917ca430073c3a638ee1e6f0648a98a01,0x12d5ee7917ca430073c3a638ee1e6f0648a98a01,0x5fc5360d0400a0fd4f2af552add042d716f1d168,0x5fc5360d0400a0fd4f2af552add042d716f1d168,1,899990,17999,0x0000000000000000000000000000000000000000,78409090,2026-10-02T17:26:56Z,0x48cd717c1d2033b947ed421d2b365d13419b9739c6631165ca214be58237d697,78409090,2026-10-02T17:26:56Z,-366823,-881951,881951,184534890866992,184534890866992,1.999998,1999998,theoretical_from_L_and_price,True,-395978,-377979,no_swap,,,True,0,0,0,0,0,0,,,cohort_bounded_60m,
0xd47128def7633c1eab15a34ba313fd6ee63130fd494854ad32de2c271941d071,0xe2324ff2a59f8ecba8c321c6466e59121c00e795,0x5fc5360d0400a0fd4f2af552add042d716f1d168,0xe2324ff2a59f8ecba8c321c6466e59121c00e795,0x5fc5360d0400a0fd4f2af552add042d716f1d168,0,900000,18000,0x0000000000000000000000000000000000000000,78409151,2026-10-02T17:27:02Z,0x9f4545e5bab9469b534693beefd049a7ff7e437cc30f1234c6d2e3d30655e977,78409151,2026-10-02T17:27:02Z,390726,-882000,882000,609725403973499,609725403973499,1.999998,1999998,theoretical_from_L_and_price,True,396000,414000,no_swap,,,True,0,0,0,0,0,0,,,cohort_bounded_60m,
0xb90c216286d20c63daba17686e054d2899311a5b4fbc17b438dc4a2d652a2644,0x3aa0ce359da22665ea478817a2f8c53dff802dea,0x3aa0ce359da22665ea478817a2f8c53dff802dea,0x5fc5360d0400a0fd4f2af552add042d716f1d168,0x5fc5360d0400a0fd4f2af552add042d716f1d168,1,810000,60,0x0000000000000000000000000000000000000000,78409252,2026-10-02T17:27:10Z,0xbb43e8a9d2cb57bba47478a555cda70fa438a09a5fcfd10b94f1bf9f6a1d5eb5,78409252,2026-10-02T17:27:10Z,-375508,-380100,887220,693986653917796,693986653917796,0.999479,999479,theoretical_from_L_and_price,True,-375600,-375540,no_swap,,,False,0,0,0,0,0,0,,,older_pool_history_missing_at_entry,
0x816cd4ff63be8132f2bcd0471d71bc1b59e4e445bb8bbc8b013a4ce56b4613fb,0x3aa0ce359da22665ea478817a2f8c53dff802dea,0x0000000000000000000000000000000000000000,0x3aa0ce359da22665ea478817a2f8c53dff802dea,0x0000000000000000000000000000000000000000,0,830000,60,0x0000000000000000000000000000000000000000,78409281,2026-10-02T17:27:13Z,0x113fc240c9f01e7cba8f815dfe223436058bbdb0a4af2df010e9b307bd0eea1f,78409281,2026-10-02T17:27:13Z,177505,-887220,181740,13825835463703279789,13825835463703279789,0.000368921316632144,368921316632144,theoretical_from_L_and_price,True,177540,177600,no_swap,,,False,0,0,0,0,0,0,,,older_pool_history_missing_at_entry,
0x426fa26dee02202ffbb9ac89ecdbf4cc73dd261f71b45a002e2c890d4d48cd16,0xbe5d432a0b30443987d261b664cc6bb8bccb80d6,0x0000000000000000000000000000000000000000,0xbe5d432a0b30443987d261b664cc6bb8bccb80d6,0x0000000000000000000000000000000000000000,0,899900,8999,0x0000000000000000000000000000000000000000,78409445,2026-10-02T17:27:30Z,0xbec66b3764edf1426119631be2b24afeee2aec1a9811c9a88667ddc9da7795a7,78409445,2026-10-02T17:27:30Z,207071,-881902,881902,467549016131710214,467549016131710214,0.000014912907491449,14912907491449,theoretical_from_L_and_price,True,215976,224975,no_swap,,,True,0,0,0,0,0,0,,,older_pool_history_missing_at_entry,
0x3baa6d6cd59d716285230ac8be9ad23315add607232317dcddf5709b3047af4e,0x6245e67affa44a23077f0ea7f981a8dc743a0c47,0x5fc5360d0400a0fd4f2af552add042d716f1d168,0x6245e67affa44a23077f0ea7f981a8dc743a0c47,0x5fc5360d0400a0fd4f2af552add042d716f1d168,0,899990,17999,0x0000000000000000000000000000000000000000,78409678,2026-10-02T17:27:54Z,0x14fc57fd2926e8bb4d48e9ff69523cd18582577a4c00cbda9bd70dcad36c9009,78409678,2026-10-02T17:27:54Z,345538,-881951,881951,63668484718416,63668484718416,1.999998,1999998,theoretical_from_L_and_price,True,359980,377979,no_swap,,,True,0,0,0,0,0,0,,,cohort_bounded_60m,
0x24ed351db773301463b99c4992fb8990399ab5d1be5cebeb77e8dfdcc111a678,0x2bec22704c71a6eab0558b16bfbebcaa5b3e4c17,0x2bec22704c71a6eab0558b16bfbebcaa5b3e4c17,0x5fc5360d0400a0fd4f2af552add042d716f1d168,0x5fc5360d0400a0fd4f2af552add042d716f1d168,1,989998,9900,0x0000000000000000000000000000000000000000,78409703,2026-10-02T17:27:56Z,0xf36ded6c95700d1b8cb7d4a5f1e615637aef07c43e3fca2b83aea89a9483825a,78409703,2026-10-02T17:27:56Z,-391460,-881100,881100,80490480730449,80490480730449,0.25452,254520,theoretical_from_L_and_price,True,-405900,-396000,no_swap,,,True,0,0,0,0,0,0,,,cohort_bounded_60m,
0x34fa67f7749eac9d43f7406487fca2b850b653fe049a002e6ed0c90dba5ab251,0x1bf14147642d58d47cb2229ce23548bf2a01cfbe,0x1bf14147642d58d47cb2229ce23548bf2a01cfbe,0x5fc5360d0400a0fd4f2af552add042d716f1d168,0x5fc5360d0400a0fd4f2af552add042d716f1d168,1,820000,8200,0x0000000000000000000000000000000000000000,78409821,2026-10-02T17:28:08Z,0x9a96179c390f695f9ee320bcf355841c1a7b0b1e5d8574a015b305e63431df1d,78409821,2026-10-02T17:28:08Z,-407555,-434600,-385400,33265579577077,33265579577077,0.034873,34873,theoretical_from_L_and_price,True,-418200,-410000,no_swap,,,False,0,0,0,0,0,0,,,cohort_bounded_60m,
0x90cb8eb3b8be113e1d226d0c394413f8fb8f473505be4d3673974002a3a83428,0xb5917d2f13edeff8dea78a2cadaeace1afdbc05a,0x0000000000000000000000000000000000000000,0xb5917d2f13edeff8dea78a2cadaeace1afdbc05a,0x0000000000000000000000000000000000000000,0,883131,200,0x0000000000000000000000000000000000000000,78409883,2026-10-02T17:28:14Z,0xa02f5b28cc6a6bf06d76e91a734c5d2b60a4681b5cdf2bc200dbc3e72fb81d6c,78409883,2026-10-02T17:28:14Z,202398,-887200,887200,30224193038817260533,30224193038817260533,0.001217699999999998,1217699999999998,theoretical_from_L_and_price,True,202400,202600,no_swap,,,True,0,0,0,0,0,0,,,cohort_bounded_60m,
0x39c33030bea58521ab160c4237537a042fa921f2c5a5ba2fbb3f3c954493479f,0xb5917d2f13edeff8dea78a2cadaeace1afdbc05a,0x5fc5360d0400a0fd4f2af552add042d716f1d168,0xb5917d2f13edeff8dea78a2cadaeace1afdbc05a,0x5fc5360d0400a0fd4f2af552add042d716f1d168,0,989998,9900,0x0000000000000000000000000000000000000000,78410313,2026-10-02T17:28:58Z,0x7bad89ba1573588ffcbb4036bf8ecc6242d6153733bab8be83ea0692eeda43b1,78410313,2026-10-02T17:28:58Z,407066,-881100,881100,154997477635399,154997477635399,0.224615,224615,theoretical_from_L_and_price,True,415800,425700,no_swap,,,True,0,0,0,0,0,0,,,cohort_bounded_60m,
0x2c1dfdea0082f2455ca5a0b016a32a00d90017bd9873b981f15ad54a0861ab4d,0xd252fbad2e5946ad4540810339a7d8a8dc12be0c,0x0000000000000000000000000000000000000000,0xd252fbad2e5946ad4540810339a7d8a8dc12be0c,0x0000000000000000000000000000000000000000,0,790000,60,0x0000000000000000000000000000000000000000,78410321,2026-10-02T17:28:58Z,0x2aabf17296e03b104695c99d6c8d32f7142d54c472c29c8d3ac7a985c0d4b966,78410321,2026-10-02T17:28:58Z,195363,-887220,887220,698409209307172511,698409209307172511,0.000039999999999999,39999999999999,theoretical_from_L_and_price,True,195420,195480,no_swap,,,True,0,0,0,0,0,0,,,cohort_bounded_60m,
0x10fadcac2e99e2eed260a6a3e6f0b58da70258a9709b56e1da6a32cd24a3a3fb,0x9e795209be691654fb908ab86b3a651551939e16,0x0000000000000000000000000000000000000000,0x9e795209be691654fb908ab86b3a651551939e16,0x0000000000000000000000000000000000000000,0,899900,8999,0x0000000000000000000000000000000000000000,78410330,2026-10-02T17:28:59Z,0x087bb7c29472ac60b2336493189982131756347e7e7f1255af3c4534cbd84a07,78410330,2026-10-02T17:28:59Z,195202,-881902,881902,257982636865980734,257982636865980734,0.000014895148190697,14895148190697,theoretical_from_L_and_price,True,197978,206977,no_swap,,,True,0,0,0,0,0,0,,,older_pool_history_missing_at_entry,
0x131ac1622ee0a8293ac6b2583ffce291ab0ffe19a61d9a487847ace67d8236e8,0x8110f66619a8debe0faaebe5cef3b9268eb31149,0x5fc5360d0400a0fd4f2af552add042d716f1d168,0x8110f66619a8debe0faaebe5cef3b9268eb31149,0x5fc5360d0400a0fd4f2af552add042d716f1d168,0,700000,7000,0x0000000000000000000000000000000000000000,78410745,2026-10-02T17:29:41Z,0xec51fa6c95c6bc19232fde675343828432036f14937b51af3ac6137ecf756abe,78410745,2026-10-02T17:29:41Z,366861,-882000,882000,75719105838483,75719105838483,0.819064,819064,theoretical_from_L_and_price,True,371000,378000,no_swap,,,True,0,0,0,8,0,0,,,cohort_bounded_60m,
0xda0357eae5e79b2e62780d41b01a0d0e0a955d14a8f46b425d5bdeab0d6925e5,0x2719c7d315ac467cc362ebde1d96351b4366998f,0x2719c7d315ac467cc362ebde1d96351b4366998f,0x5fc5360d0400a0fd4f2af552add042d716f1d168,0x5fc5360d0400a0fd4f2af552add042d716f1d168,1,989998,9900,0x0000000000000000000000000000000000000000,78411012,2026-10-02T17:30:08Z,0x66a10b9f431c1bd97de25fb6e73d0f509a0e7f5f44ec1521402be88fecda7464,78411012,2026-10-02T17:30:08Z,-401677,-881100,881100,124690774190774,124690774190774,0.236572,236572,theoretical_from_L_and_price,True,-415800,-405900,swap_no_boundary,,-401633,True,0,1,1,1,52748,0,,,cohort_bounded_60m,
0x5be6a83c96bab0a615c4ded3daa30e8bd8f4138d6e0b0131803b81ad4e7a6276,0x2719c7d315ac467cc362ebde1d96351b4366998f,0x0000000000000000000000000000000000000000,0x2719c7d315ac467cc362ebde1d96351b4366998f,0x0000000000000000000000000000000000000000,0,883131,200,0x0000000000000000000000000000000000000000,78411097,2026-10-02T17:30:17Z,0x1ac8dc63a0881db7cc9b505a4f5daa52512be2470caf728eb5dc1f5573da2b62,78411097,2026-10-02T17:30:17Z,196896,-887200,887200,22954941339228803554,22954941339228803554,0.001217699999999998,1217699999999998,theoretical_from_L_and_price,True,197000,197200,swap_no_boundary,,196270,True,0,2,2,2,331628735684987,0,,,cohort_bounded_60m,
0x3e0ece16dbc07228a0fec4ff809ed41017bb722b5881d01a2120a0d0c14ac432,0x2de4c875148d8b522e98552c29c956a8a7fd655d,0x2de4c875148d8b522e98552c29c956a8a7fd655d,0x5fc5360d0400a0fd4f2af552add042d716f1d168,0x5fc5360d0400a0fd4f2af552add042d716f1d168,1,820000,60,0x0000000000000000000000000000000000000000,78411160,2026-10-02T17:30:23Z,0x03e264bd4b941df179b259e4c3b99b338904b9c9113ade93c1fe9579d8c95ff8,78411160,2026-10-02T17:30:23Z,-380987,-887220,887220,36199675080194,36199675080194,0.193237,193237,theoretical_from_L_and_price,True,-381060,-381000,no_swap,,,True,0,0,0,0,0,0,,,cohort_bounded_60m,
0x2dbd50de94dfa9a82484e17c836ff6e9f0157d29505334a5406ab90ce7c8cef0,0x4f88d0613bb6722afaebfe0699c24dc21f6cdbe4,0x4f88d0613bb6722afaebfe0699c24dc21f6cdbe4,0x5fc5360d0400a0fd4f2af552add042d716f1d168,0x5fc5360d0400a0fd4f2af552add042d716f1d168,1,800000,8000,0x0000000000000000000000000000000000000000,78411179,2026-10-02T17:30:25Z,0x5677ab79db7623d624ad3d39a137ce5f3bf4485198598a8e9f9e8507aee53821,78411179,2026-10-02T17:30:25Z,-183163,-880000,880000,6496070153,6496070153,0.684723,684723,theoretical_from_L_and_price,True,-192000,-184000,interior_crossed_end_token_only,78411180,-344878,True,1,1,1,1,0,1000052084704172570,,,cohort_bounded_60m,
0x36a1feb68e69f1325c92fd354cf61afaeecaaadb73adbd2733abf16e71e7b3aa,0x1169b994d2b0b264243a0dd72015293bd4192dea,0x1169b994d2b0b264243a0dd72015293bd4192dea,0x5fc5360d0400a0fd4f2af552add042d716f1d168,0x5fc5360d0400a0fd4f2af552add042d716f1d168,1,880000,60,0x0000000000000000000000000000000000000000,78411238,2026-10-02T17:30:31Z,0xc2c673674fbfaca263dd10b0d603d05aa0a4001f915d64cc10675a868c4da3e0,78411238,2026-10-02T17:30:31Z,-433058,-887220,887220,417980343236945,417980343236945,0.165158,165158,theoretical_from_L_and_price,True,-433140,-433080,swap_no_boundary,,-432980,True,0,0,2,4,1492750,0,,,cohort_bounded_60m,
0xf17064bb8dda31121ed425cc3ef7790bf51bd8ff1b578b286edcfd322ef79a0b,0x486a0605edc91945ea9b7483e0b8f2b866aafd73,0x486a0605edc91945ea9b7483e0b8f2b866aafd73,0x5fc5360d0400a0fd4f2af552add042d716f1d168,0x5fc5360d0400a0fd4f2af552add042d716f1d168,1,989999,9900,0x0000000000000000000000000000000000000000,78412183,2026-10-02T17:32:06Z,0xd67cdfcd946c666c6cc293dc2b26bdeac87086fc67b98d82f413d9700e461ded,78412183,2026-10-02T17:32:06Z,-392513,-881100,881100,61012596165758,61012596165758,0.183034,183034,theoretical_from_L_and_price,True,-405900,-396000,swap_no_boundary,,-392506,True,2,3,6,8,7138,0,,,cohort_bounded_60m,
0x411b49b7b098fb66490427566e9293a864e765660f039ba36b927b2dbcb15f01,0x36dd20bdd916c096a93da9ff8f6870b080dcc058,0x0000000000000000000000000000000000000000,0x36dd20bdd916c096a93da9ff8f6870b080dcc058,0x0000000000000000000000000000000000000000,0,790000,60,0x0000000000000000000000000000000000000000,78412669,2026-10-02T17:32:55Z,0xfcb66eef0a76dd4b60d58b9f3e59829a996043c1d4dbda0a151c89c16951a310,78412669,2026-10-02T17:32:55Z,193202,-887220,887220,626890391777713053,626890391777713053,0.000039999999999999,39999999999999,theoretical_from_L_and_price,True,193260,193320,no_swap,,,True,0,0,0,0,0,0,,,cohort_bounded_60m,
0x5c4306d1f68108d59f35cd3b634ab741b0513003dcae1aaaeb8abc6475a05b85,0xbe98b75361935b18d688409424a869a4c3dc7401,0x5fc5360d0400a0fd4f2af552add042d716f1d168,0xbe98b75361935b18d688409424a869a4c3dc7401,0x5fc5360d0400a0fd4f2af552add042d716f1d168,0,900000,18000,0x0000000000000000000000000000000000000000,78413305,2026-10-02T17:33:59Z,0xddc0594b147fd83f67ee971d4f4921ee8b828734d1754d7f5084dfb66798c30f,78413305,2026-10-02T17:33:59Z,363759,-882000,882000,158334503284806,158334503284806,1.999998,1999998,theoretical_from_L_and_price,True,378000,396000,no_swap,,,True,0,0,0,0,0,0,,,cohort_bounded_60m,
0xb222c809963aa347681205c6b6e7d3d3dc95e4f7778aae50098639709030716d,0x1169b994d2b0b264243a0dd72015293bd4192dea,0x1169b994d2b0b264243a0dd72015293bd4192dea,0x5fc5360d0400a0fd4f2af552add042d716f1d168,0x5fc5360d0400a0fd4f2af552add042d716f1d168,1,870000,8700,0x0000000000000000000000000000000000000000,78413379,2026-10-02T17:34:06Z,0x6618b93193452c9dcd6a3a209584e7a7db0125915c79bdfa8f6c10a5ef21b8ba,78413379,2026-10-02T17:34:06Z,-422754,-435000,-391500,2321516508856322,2321516508856322,0.703066,703066,theoretical_from_L_and_price,True,-435000,-426300,swap_no_boundary,,-422843,False,0,0,1,4,0,381679296908000000000000,2026-10-02T18:01:11Z,2026-10-02T18:01:11Z,cohort_bounded_60m,
0x61fce07cc78ddb53270bb17d3bd2f3c5800880b2c022aca9edf5682f7965853e,0x2e22c90fe7f7070491ebce18506a1b3f39a6d85c,0x0000000000000000000000000000000000000000,0x2e22c90fe7f7070491ebce18506a1b3f39a6d85c,0x0000000000000000000000000000000000000000,0,790000,60,0x0000000000000000000000000000000000000000,78413860,2026-10-02T17:34:55Z,0x18c3b5327569a4460c0d84c782bf9a8fdc1538e2ce01a527f88198645dfdce74,78413860,2026-10-02T17:34:55Z,194080,-887220,887220,655029634494785384,655029634494785384,0.000039999999999999,39999999999999,theoretical_from_L_and_price,True,194100,194160,swap_no_boundary,,171425,True,4,4,4,4,7441009186294247,15243364689403409181432,,,cohort_bounded_60m,
0xbae4a56b23fd10bf5bb8105c2ca4750039d0760272f852c214344adafb5232f3,0xab093def657f15df31b33922a95e047add645b29,0x5fc5360d0400a0fd4f2af552add042d716f1d168,0xab093def657f15df31b33922a95e047add645b29,0x5fc5360d0400a0fd4f2af552add042d716f1d168,0,899990,17999,0x0000000000000000000000000000000000000000,78413882,2026-10-02T17:34:57Z,0x4257bea600e01c6f9766f6e7af3826994ebb2ef73176521fc8051c31d36cebda,78413882,2026-10-02T17:34:57Z,336626,-881951,881951,40777179122950,40777179122950,1.999998,1999998,theoretical_from_L_and_price,True,341981,359980,no_swap,,,True,0,0,0,0,0,0,,,cohort_bounded_60m,
0xa72edf4d9c2ef7df97aa761577003671a93909777748d76a462ce4ce3adfe098,0x6b1d42927b1a84ec28fa88d4fc6fa7af404966be,0x5fc5360d0400a0fd4f2af552add042d716f1d168,0x6b1d42927b1a84ec28fa88d4fc6fa7af404966be,0x5fc5360d0400a0fd4f2af552add042d716f1d168,0,900000,18000,0x0000000000000000000000000000000000000000,78413950,2026-10-02T17:35:04Z,0xff2ecf2631b1a72e9c608dcc13cc149f62aa5499789c7ced55579e99b51bbf5f,78413950,2026-10-02T17:35:04Z,352380,-882000,882000,89636777972508,89636777972508,1.999998,1999998,theoretical_from_L_and_price,True,360000,378000,no_swap,,,True,0,0,0,0,0,0,,,cohort_bounded_60m,
0xc0451daa8877869135b8e6392b78bbcefe4abfcfb25045d4802561771e8c6888,0x2de4c875148d8b522e98552c29c956a8a7fd655d,0x2de4c875148d8b522e98552c29c956a8a7fd655d,0x5fc5360d0400a0fd4f2af552add042d716f1d168,0x5fc5360d0400a0fd4f2af552add042d716f1d168,1,795600,7956,0x0000000000000000000000000000000000000000,78414253,2026-10-02T17:35:34Z,0xbe080e62f7075a29732b71aeafa8b50c03830f9697a9c023eac6d0b9b86489a0,78414253,2026-10-02T17:35:34Z,-370917,-397800,-350064,77814358178907,77814358178907,0.508014,508014,theoretical_from_L_and_price,True,-381888,-373932,no_swap,,,False,0,0,0,0,0,0,,,cohort_bounded_60m,
0x4540e05fc1ebb0b89e2d76b55af75e76e7064dfaa21ea8462dfc54967c233a39,0x498a30269f4b5527a661d7e3694536673f49ad55,0x0000000000000000000000000000000000000000,0x498a30269f4b5527a661d7e3694536673f49ad55,0x0000000000000000000000000000000000000000,0,790000,60,0x0000000000000000000000000000000000000000,78415045,2026-10-02T17:36:54Z,0xbeef14d0a0c9204796886f08d70200d19b73ec6d7c7586a312cd270d54010841,78415045,2026-10-02T17:36:54Z,193099,-887220,887220,623662010690520481,623662010690520481,0.000039999999999999,39999999999999,theoretical_from_L_and_price,True,193140,193200,no_swap,,,True,0,0,0,0,0,0,,,cohort_bounded_60m,
0x8d26c11bcd2bcce2e103bb51a026fa01f059409fe159d6ac7c097b38beabfaa6,0x3aa0ce359da22665ea478817a2f8c53dff802dea,0x0000000000000000000000000000000000000000,0x3aa0ce359da22665ea478817a2f8c53dff802dea,0x0000000000000000000000000000000000000000,0,899900,8999,0x0000000000000000000000000000000000000000,78415223,2026-10-02T17:37:12Z,0x06cf2bbf2d88803ff3e20ae92844c9b2052c540f0c3297904be9f01cf102e4e1,78415223,2026-10-02T17:37:12Z,195202,-881902,881902,239230026644515294,239230026644515294,0.00001381242839372,13812428393720,theoretical_from_L_and_price,True,197978,206977,no_swap,,,True,0,0,0,0,0,0,,,older_pool_history_missing_at_entry,
0xe73d493c923e2929d19899250144e7431de393009f80dd72e195004f1a7cfe6d,0xcb13bbe0062d586834bac34ed49baad7014810e6,0x5fc5360d0400a0fd4f2af552add042d716f1d168,0xcb13bbe0062d586834bac34ed49baad7014810e6,0x5fc5360d0400a0fd4f2af552add042d716f1d168,0,989998,9900,0x0000000000000000000000000000000000000000,78415892,2026-10-02T17:38:20Z,0xc83034881e48a76c04b286ffd7cf240227d56b90619ce72259f5539f01640121,78415892,2026-10-02T17:38:20Z,400375,-881100,881100,82184601996336,82184601996336,0.166414,166414,theoretical_from_L_and_price,True,405900,415800,no_swap,,,True,0,0,0,0,0,0,,,cohort_bounded_60m,
0xfac588fc32ff738ba80ed9a6295f0541b0aa8b2a554ca292f41bf320a74aa0bf,0x299c56137871b8e9fe5193b5a370cf4249df52a5,0x299c56137871b8e9fe5193b5a370cf4249df52a5,0x5fc5360d0400a0fd4f2af552add042d716f1d168,0x5fc5360d0400a0fd4f2af552add042d716f1d168,1,750000,7500,0x0000000000000000000000000000000000000000,78416130,2026-10-02T17:38:44Z,0x5e633e173b216787968d0124306e73c5be61d88a1375ad9cc759fdf731bf5baf,78416130,2026-10-02T17:38:44Z,-376198,-885000,885000,69319361468656,69319361468656,0.470139,470139,theoretical_from_L_and_price,True,-390000,-382500,no_swap,,,True,0,0,0,0,0,0,2026-10-02T17:51:48Z,2026-10-02T17:51:48Z,cohort_bounded_60m,2026-10-02T17:51:48Z
0xb33308460a8a9204ceb83bfaf9cd77ec66c1a9e3d03cd2ed617d7061ac89ee93,0x44b5e3a7561f791073bf1a58b209c7f0e8748295,0x0000000000000000000000000000000000000000,0x44b5e3a7561f791073bf1a58b209c7f0e8748295,0x0000000000000000000000000000000000000000,0,899900,8999,0x0000000000000000000000000000000000000000,78416254,2026-10-02T17:38:56Z,0xf6332d5cb1e6a173556bd2a9e3011c30b77565919b6d7707b0c6e57fd4e87171,78416254,2026-10-02T17:38:56Z,213231,-881902,881902,635478512554550932,635478512554550932,0.000014896355699815,14896355699815,theoretical_from_L_and_price,True,215976,224975,no_swap,,,True,0,0,0,0,0,0,,,older_pool_history_missing_at_entry,
0x7fe515df2f2f662fd25821dd015cb1971a4d09d7cdf1cd684fce01362974a0da,0xb4ebf16f805c3e307242728c1aa3c1ee07e965f7,0x0000000000000000000000000000000000000000,0xb4ebf16f805c3e307242728c1aa3c1ee07e965f7,0x0000000000000000000000000000000000000000,0,790000,60,0x0000000000000000000000000000000000000000,78416300,2026-10-02T17:39:01Z,0x8cc3741cce48cfd77edbd578ed7c97a46f0c3963bf9759a1f3a01e3630fd166b,78416300,2026-10-02T17:39:01Z,196428,-887220,887220,736597389328330516,736597389328330516,0.000039999999999999,39999999999999,theoretical_from_L_and_price,True,196440,196500,swap_no_boundary,,192122,True,0,0,3,4,45803913855527,0,2026-10-02T18:51:48Z,2026-10-02T18:51:48Z,cohort_bounded_60m,
0xb73c76aa1a0a94cbaa7a2ccba1569e0ce22165deec3d93d5cd7d450318638056,0x70e7ff5ac5c6ee358dbae755b1072d5fc5ca80d7,0x0000000000000000000000000000000000000000,0x70e7ff5ac5c6ee358dbae755b1072d5fc5ca80d7,0x0000000000000000000000000000000000000000,0,883131,200,0x0000000000000000000000000000000000000000,78416853,2026-10-02T17:39:55Z,0x0010dd44c2081729674beeadbfc6241303021cf65fdc2a48afd724f18a92e374,78416853,2026-10-02T17:39:55Z,201224,-887200,887200,28500823796362479341,28500823796362479341,0.001217699999999998,1217699999999998,theoretical_from_L_and_price,True,201400,201600,no_swap,,,True,0,0,0,0,0,0,,,cohort_bounded_60m,
0xeeb18eca03943c9d2dbf905c9b4b28da4a5d73c8237797569b2bb5a6052f4fba,0x80877fe12ede96f807422d5d4ee4f4c47cebc8ff,0x0000000000000000000000000000000000000000,0x80877fe12ede96f807422d5d4ee4f4c47cebc8ff,0x0000000000000000000000000000000000000000,0,899900,8999,0x0000000000000000000000000000000000000000,78417823,2026-10-02T17:41:33Z,0x7c1d938a3372e4a3aa9baf532a1eb991f05b3b9abcd0b4336530635493b1d9eb,78417823,2026-10-02T17:41:33Z,193177,-881902,881902,233354891863701147,233354891863701147,0.00001490875501212,14908755012120,theoretical_from_L_and_price,True,197978,206977,no_swap,,,True,0,0,0,0,0,0,,,older_pool_history_missing_at_entry,
0xb51d09099915905607e1a92065bce1fce1ab7a0a4f3a9836a86891bb74e04d4c,0x098e9f2c512e7723c7ec55eaec8488d7a1e7c63b,0x098e9f2c512e7723c7ec55eaec8488d7a1e7c63b,0x5fc5360d0400a0fd4f2af552add042d716f1d168,0x5fc5360d0400a0fd4f2af552add042d716f1d168,1,880000,8800,0x0000000000000000000000000000000000000000,78418972,2026-10-02T17:43:29Z,0x9b5f1b34ef3da99fda519a510a8c03038476b0230e5b9c310cc82c9d550dc54f,78418972,2026-10-02T17:43:29Z,-363425,-404800,-369600,128044786693341,128044786693341,0.999999,999999,theoretical_from_L_and_price,True,-378400,-369600,no_swap,,,False,0,0,0,0,0,0,2026-10-02T17:44:47Z,2026-10-02T17:44:47Z,cohort_bounded_60m,2026-10-02T17:44:47Z
0xf1c819d5c957358d5524494e2962771b0e48262aa4f5f1062c66781127281ae9,0x69fd9ed7504cabe1a961bbd0c347db1aa579e7ae,0x0000000000000000000000000000000000000000,0x69fd9ed7504cabe1a961bbd0c347db1aa579e7ae,0x0000000000000000000000000000000000000000,0,899900,8999,0x0000000000000000000000000000000000000000,78419223,2026-10-02T17:43:55Z,0x485da28ed4f469c4fbaad29a850d8142f3b6667b33277af3a7f714f6f9ea2f42,78419223,2026-10-02T17:43:55Z,197566,-881902,881902,291053889630820857,291053889630820857,0.000014931268913815,14931268913815,theoretical_from_L_and_price,True,197978,206977,no_swap,,,True,0,0,0,0,0,0,,,cohort_bounded_60m,
0xca0721bd32b29610a991685f579db3c1b607ef7b6aa862d6568e91eed48f52af,0x07311b164c4d66f532a3e239d4153e7dc8416f91,0x07311b164c4d66f532a3e239d4153e7dc8416f91,0x5fc5360d0400a0fd4f2af552add042d716f1d168,0x5fc5360d0400a0fd4f2af552add042d716f1d168,1,989998,9900,0x0000000000000000000000000000000000000000,78420397,2026-10-02T17:45:54Z,0xc63f3284fc228823a4a6eac1d1047107b3c9a5c1f89d222f239dd5c5302d025d,78420397,2026-10-02T17:45:54Z,-404931,-881100,881100,104850077827867,104850077827867,0.16906,169060,theoretical_from_L_and_price,True,-415800,-405900,no_swap,,,True,0,0,0,0,0,0,,,cohort_bounded_60m,
0x9d7a8988ef87f9b9bcb9bb7dbc58f254ba5ca6881d1ca540f38e0747e1880e3e,0x07f036f09f7a1c760a4f4409df5eda4e4d0088c2,0x0000000000000000000000000000000000000000,0x07f036f09f7a1c760a4f4409df5eda4e4d0088c2,0x0000000000000000000000000000000000000000,0,899900,8999,0x0000000000000000000000000000000000000000,78420537,2026-10-02T17:46:08Z,0x575cb85cebce5cb1accd8d4c82443754888fb6709b5df15f623f9b70d01630b8,78420537,2026-10-02T17:46:08Z,210310,-881902,881902,550237682370556235,550237682370556235,0.000014926398452876,14926398452876,theoretical_from_L_and_price,True,215976,224975,no_swap,,,True,0,0,0,0,0,0,,,cohort_bounded_60m,
0x5d83ed566cb2c081a005bb80fd0082e5cfbd3b74333ad398d69ed19e5c13fdc6,0xd2b642c0f013c4efab500649f63f2a808c1848a5,0x0000000000000000000000000000000000000000,0xd2b642c0f013c4efab500649f63f2a808c1848a5,0x0000000000000000000000000000000000000000,0,899900,8999,0x0000000000000000000000000000000000000000,78421143,2026-10-02T17:47:07Z,0x85712758343f79b7f2de23cc235c824c4bc4e007ebf524b99216d9baf0ec3adb,78421143,2026-10-02T17:47:07Z,217949,-881902,881902,806261753477227766,806261753477227766,0.00001492829732416,14928297324160,theoretical_from_L_and_price,True,224975,233974,no_swap,,,True,0,0,0,0,0,0,,,cohort_bounded_60m,
0xf1e1910d9d9f1bc2aca270b885ee1327b9c79bcd3eea599610f22e255b8e8e36,0x3d40cef9f3186eec44404e3e3429fa0d71486ba3,0x0000000000000000000000000000000000000000,0x3d40cef9f3186eec44404e3e3429fa0d71486ba3,0x0000000000000000000000000000000000000000,0,883131,200,0x0000000000000000000000000000000000000000,78421395,2026-10-02T17:47:33Z,0xaaa3a2e593f6c91edcdbe831cb4671acc8c5ed7d00fa388cf8ee2fa4074a0a9f,78421395,2026-10-02T17:47:33Z,201774,-887200,887200,29295440193478967781,29295440193478967781,0.001217699999999998,1217699999999998,theoretical_from_L_and_price,True,201800,202000,no_swap,,,True,0,0,0,0,0,0,,,cohort_bounded_60m,
0x2cd50c36232ccf233c488754653dfe0271d1edacd4e44fc0fae4ed1f31f961a3,0xe9b3dc212c80f2f48e37fbcca1bb54df38953c87,0x5fc5360d0400a0fd4f2af552add042d716f1d168,0xe9b3dc212c80f2f48e37fbcca1bb54df38953c87,0x5fc5360d0400a0fd4f2af552add042d716f1d168,0,989998,9900,0x0000000000000000000000000000000000000000,78421792,2026-10-02T17:48:13Z,0x0cea369f94ed5aa477c0cedc8727b1657ef6da51ab1cd25cc2b21842958c0520,78421792,2026-10-02T17:48:13Z,395025,-881100,881100,71442798523088,71442798523088,0.189028,189028,theoretical_from_L_and_price,True,396000,405900,swap_no_boundary,,394988,True,1,1,1,1,34856,0,,,cohort_bounded_60m,
0xaf8b0850f34538b29c4a1840bc99c8cb4db30f368f3e882e62db817f5537c2e0,0xe7f5069b406a8cf2a386db331e36c776e837a00a,0x0000000000000000000000000000000000000000,0xe7f5069b406a8cf2a386db331e36c776e837a00a,0x0000000000000000000000000000000000000000,0,899900,8999,0x0000000000000000000000000000000000000000,78421883,2026-10-02T17:48:22Z,0x1cf63a262d26da29d8b99e61173fa3c048985443e9a2e5897f9d6e4dba10d466,78421883,2026-10-02T17:48:22Z,200818,-881902,881902,342223170894223395,342223170894223395,0.000014921757179055,14921757179055,theoretical_from_L_and_price,True,206977,215976,no_swap,,,True,0,0,0,0,0,0,,,older_pool_history_missing_at_entry,
0xddf067aa86eb791856c7d79eee48ba265524e1c7f7a5adbc4653ee0bb952148e,0xb4630ca07be5ab574f5726ad8c724082f8b024a4,0x5fc5360d0400a0fd4f2af552add042d716f1d168,0xb4630ca07be5ab574f5726ad8c724082f8b024a4,0x5fc5360d0400a0fd4f2af552add042d716f1d168,0,880000,8800,0x0000000000000000000000000000000000000000,78422016,2026-10-02T17:48:35Z,0xdec64c7a2e6d78dffda2bc631afd6c98afa55a839bf7947a373daee7d00a3de5,78422016,2026-10-02T17:48:35Z,430581,-880000,880000,45136763844936,45136763844936,0.020185,20185,theoretical_from_L_and_price,True,431200,440000,swap_no_boundary,,412877,True,1,1,1,1,239425,0,,,cohort_bounded_60m,
0x38bcde3368d76b96f70c4b192b220b1b9e1d26176532e5c713fa10bf91147ea4,0x498a30269f4b5527a661d7e3694536673f49ad55,0x0000000000000000000000000000000000000000,0x498a30269f4b5527a661d7e3694536673f49ad55,0x0000000000000000000000000000000000000000,0,880000,8800,0x0000000000000000000000000000000000000000,78422327,2026-10-02T17:49:07Z,0x438e6b0e7857556ab167a5e0ac953cbfc1c2590c4d6040035f02a5b8934cacf2,78422327,2026-10-02T17:49:07Z,210169,-880000,880000,1355670212475059,1355670212475059,3.70356847E-8,37035684700,theoretical_from_L_and_price,True,211200,220000,no_swap,,,True,0,0,0,0,0,0,,,cohort_bounded_60m,
0x9bbbef2f9454b63445b70e535d3b890459bf53c64b780f494768625057e18f35,0x2c612e2f811f106f1baa1dbc5fbae88f1ac561c7,0x0000000000000000000000000000000000000000,0x2c612e2f811f106f1baa1dbc5fbae88f1ac561c7,0x0000000000000000000000000000000000000000,0,899900,8999,0x0000000000000000000000000000000000000000,78422701,2026-10-02T17:49:44Z,0x1bc8f320bfa20ef4971383858be583ad20adbe873f6cefb680027f29b7670f14,78422701,2026-10-02T17:49:44Z,186122,-881902,881902,164099464037888934,164099464037888934,0.000014918369187052,14918369187052,theoretical_from_L_and_price,True,188979,197978,no_swap,,,True,0,0,0,0,0,0,,,older_pool_history_missing_at_entry,
0x854c2468cbc5dfaae0aec266d37378e9f0562def5282770c30774a73489cf2e2,0x3d40cef9f3186eec44404e3e3429fa0d71486ba3,0x0000000000000000000000000000000000000000,0x3d40cef9f3186eec44404e3e3429fa0d71486ba3,0x0000000000000000000000000000000000000000,0,700000,7000,0x0000000000000000000000000000000000000000,78423489,2026-10-02T17:51:04Z,0x4611ca18431721145301ff2fef693ee4286983027840c2494a5612733608cb17,78423489,2026-10-02T17:51:04Z,201017,-882000,882000,15704906259724759874,15704906259724759874,0.00067799250351686,677992503516860,theoretical_from_L_and_price,True,203000,210000,no_swap,,,True,0,0,0,0,0,0,,,cohort_bounded_60m,
0xdae6c253a6bfaf846f43c89458bae0431ddb03c1b5e028d04d184924bcf189c4,0xa17eebece2c1519a49f040a2a333ac55f3573674,0x5fc5360d0400a0fd4f2af552add042d716f1d168,0xa17eebece2c1519a49f040a2a333ac55f3573674,0x5fc5360d0400a0fd4f2af552add042d716f1d168,0,989999,9900,0x0000000000000000000000000000000000000000,78424796,2026-10-02T17:53:14Z,0xb4d2913c81d991f58822585dc8d8d8ef6f4c9c03e422795b5bfed1e03d6b509a,78424796,2026-10-02T17:53:14Z,398390,-881100,881100,75967606078689,75967606078689,0.169875,169875,theoretical_from_L_and_price,True,405900,415800,swap_no_boundary,,398235,True,0,0,1,2,131915,0,,,cohort_bounded_60m,
0x21eb6087ff4565a904c5ed7b8225ca23fd8a915a34a4f5f69e1bac2d43a4310b,0x793571697b01f8fad1cd95f390095a95a148e6cc,0x5fc5360d0400a0fd4f2af552add042d716f1d168,0x793571697b01f8fad1cd95f390095a95a148e6cc,0x5fc5360d0400a0fd4f2af552add042d716f1d168,0,900000,60,0x0000000000000000000000000000000000000000,78424895,2026-10-02T17:53:24Z,0x5ed3f2e21eb67877d0ed571c73cf3b62db3c538ef1ea014ad694b8e6f8dca377,78424895,2026-10-02T17:53:24Z,403528,-887220,887220,63098414028685,63098414028685,0.109129,109129,theoretical_from_L_and_price,True,403560,403620,no_swap,,,True,0,0,0,0,0,0,,,cohort_bounded_60m,
0x7468935d9bc215fe589aef0525911fc7f32b0f1cd6334e4de24e47e02ec0c424,0x1169b994d2b0b264243a0dd72015293bd4192dea,0x1169b994d2b0b264243a0dd72015293bd4192dea,0x5fc5360d0400a0fd4f2af552add042d716f1d168,0x5fc5360d0400a0fd4f2af552add042d716f1d168,1,706450,7065,0x0000000000000000000000000000000000000000,78424992,2026-10-02T17:53:34Z,0x1d431b4d2498a1e6dffb47cb1e3bc4928c04554f25e7af122eef9251f6ac8f3d,78424992,2026-10-02T17:53:34Z,-414487,-883125,883125,964367302691528,964367302691528,0.96432,964320,theoretical_from_L_and_price,True,-423900,-416835,no_swap,,,True,0,0,0,0,0,0,2026-10-02T17:57:05Z,2026-10-02T17:57:05Z,cohort_bounded_60m,
0xc7c798e536803638e67a13e4eac3ffd6e8803f4225182a8bbc3c77074feefd56,0xba1a2d9783ebe2b76493c5c12eb9813a0e062843,0x0000000000000000000000000000000000000000,0xba1a2d9783ebe2b76493c5c12eb9813a0e062843,0x0000000000000000000000000000000000000000,0,899900,8999,0x0000000000000000000000000000000000000000,78425159,2026-10-02T17:53:52Z,0x00b60a23a7bd46488c3e5d51a5d18f3d0a90cede5b9ced71ff53cba1f97cbefa,78425159,2026-10-02T17:53:52Z,147717,-881902,881902,24871693410341357,24871693410341357,0.000015425236359925,15425236359925,theoretical_from_L_and_price,True,152983,161982,no_swap,,,True,0,0,0,0,0,0,,,pool_event_history_censored,
0xcd684ef922a23ac6d77054cc3e214c9d408fd0e18cd48dcd49b307347003a912,0x94641b97010608c3827fb058074889f19868ff33,0x0000000000000000000000000000000000000000,0x94641b97010608c3827fb058074889f19868ff33,0x0000000000000000000000000000000000000000,0,899900,8999,0x0000000000000000000000000000000000000000,78426199,2026-10-02T17:55:37Z,0x824b9782b877a49a1e6f0ab01c3b479eacc16bfdf485ccadd9d8c2b2993d1323,78426199,2026-10-02T17:55:37Z,162673,-881902,881902,51171353615722745,51171353615722745,0.000015024644358325,15024644358325,theoretical_from_L_and_price,True,170981,179980,no_swap,,,True,0,0,0,0,0,0,,,cohort_bounded_60m,
0x3705a748c2c908e9260309f8969c85f156d8fa8eb8470be02074eedab18dea15,0x7859dfc99f4db48e1aecd8cb1a42f1ba0b0a7012,0x0000000000000000000000000000000000000000,0x7859dfc99f4db48e1aecd8cb1a42f1ba0b0a7012,0x0000000000000000000000000000000000000000,0,899900,8999,0x0000000000000000000000000000000000000000,78427064,2026-10-02T17:57:05Z,0x955aa49374bd884b0272135e891ddf15ae540e6d959da9960ec5f889e304e152,78427064,2026-10-02T17:57:05Z,142862,-881902,881902,19049652340313962,19049652340313962,0.000015060286735426,15060286735426,theoretical_from_L_and_price,True,143984,152983,no_swap,,,True,0,0,0,0,0,0,,,cohort_bounded_60m,
0xfd65ab913f4d764e893873bce41e36e2b46174453fdaec0af2a14a5cf5f47498,0x8826ffea474dadb69957c4385d6ad9e9de787915,0x5fc5360d0400a0fd4f2af552add042d716f1d168,0x8826ffea474dadb69957c4385d6ad9e9de787915,0x5fc5360d0400a0fd4f2af552add042d716f1d168,0,989999,9900,0x0000000000000000000000000000000000000000,78427111,2026-10-02T17:57:09Z,0x020fcfb2dc7480afa16ca80a19da4586b4aa9a00651fd1a59ee73533cc6d3b86,78427111,2026-10-02T17:57:09Z,396567,-881100,881100,77144561515254,77144561515254,0.188969,188969,theoretical_from_L_and_price,True,405900,415800,no_swap,,,True,0,0,0,0,0,0,,,cohort_bounded_60m,
0xdf794e9e1c213922b5cf4c8ec6219d9e8d70b0b231d61f544f71572bed376298,0xa0d872d3e2395079a2aef5c04d5361c2a26a9dd8,0x5fc5360d0400a0fd4f2af552add042d716f1d168,0xa0d872d3e2395079a2aef5c04d5361c2a26a9dd8,0x5fc5360d0400a0fd4f2af552add042d716f1d168,0,920000,9200,0x0000000000000000000000000000000000000000,78427223,2026-10-02T17:57:21Z,0x9de83cc1258e42d06e951d0ca0e912537514412429bdde9ecb0d56e3b617d26d,78427223,2026-10-02T17:57:21Z,358838,-883200,883200,182881008702853,182881008702853,2.95454,2954540,theoretical_from_L_and_price,True,368000,377200,no_swap,,,True,0,0,0,0,0,0,,,cohort_bounded_60m,
0x22af0b21d8ce29f3d016c25e5728ce41e47923ab82ac6bf61ff5888b6cd3c07a,0x7218ab9c1d714dd38de7b8f0b07446044825fafd,0x5fc5360d0400a0fd4f2af552add042d716f1d168,0x7218ab9c1d714dd38de7b8f0b07446044825fafd,0x5fc5360d0400a0fd4f2af552add042d716f1d168,0,700000,7000,0x0000000000000000000000000000000000000000,78427400,2026-10-02T17:57:39Z,0xe07d2110f255e21c767a577d6f12253e07d2e83cc817b10e0f82424e65eaf031,78427400,2026-10-02T17:57:39Z,387404,-882000,882000,41465844562169,41465844562169,0.160597,160597,theoretical_from_L_and_price,True,392000,399000,no_swap,,,True,0,0,0,0,0,0,,,cohort_bounded_60m,
0xa7b4dcfc65860cc8157fd0ae8583ec2fdf1f8553c32e75cbb3c7279c160b0ddd,0x6a6a57d1e94eb586c5b505a1c81434bda3d6ed97,0x0000000000000000000000000000000000000000,0x6a6a57d1e94eb586c5b505a1c81434bda3d6ed97,0x0000000000000000000000000000000000000000,0,899900,8999,0x0000000000000000000000000000000000000000,78428343,2026-10-02T17:59:12Z,0x249236999fe12b765b538d69cf79ecd84d985a508413c87299859edc9702b649,78428343,2026-10-02T17:59:12Z,150400,-881902,881902,27583091739934609,27583091739934609,0.000014959315569456,14959315569456,theoretical_from_L_and_price,True,152983,161982,no_swap,,,True,0,0,0,0,0,0,,,cohort_bounded_60m,
0x82cf2450ba829680019a862e5bfe4c8dd3ac0567ac51a7518242f3db112188f9,0x1169b994d2b0b264243a0dd72015293bd4192dea,0x1169b994d2b0b264243a0dd72015293bd4192dea,0x5fc5360d0400a0fd4f2af552add042d716f1d168,0x5fc5360d0400a0fd4f2af552add042d716f1d168,1,800000,8000,0x0000000000000000000000000000000000000000,78428477,2026-10-02T17:59:25Z,0x6b719abad6fb2230c09fede35dd567ca5ee68deb6a5fd432c0ff0b0f89950a31,78428477,2026-10-02T17:59:25Z,-424985,-880000,880000,449616736701978,449616736701978,0.265993,265993,theoretical_from_L_and_price,True,-440000,-432000,swap_no_boundary,,-424672,True,0,1,4,5,760012,1327339077753611134048817,2026-10-02T19:39:16Z,2026-10-02T19:39:16Z,cohort_bounded_60m,
0xf987000ff1a8335babdffba6cc7d31fe19852620bbf5f950f8bbc14b725ede9f,0x4c3b55314cdbee2349f21f5f997983cfa27142ec,0x4c3b55314cdbee2349f21f5f997983cfa27142ec,0x5fc5360d0400a0fd4f2af552add042d716f1d168,0x5fc5360d0400a0fd4f2af552add042d716f1d168,1,989998,9900,0x0000000000000000000000000000000000000000,78428940,2026-10-02T18:00:12Z,0xbd1b8d94f2dbec2120ee2181f364516bf2465666a369af1ab0d63b316dce34cb,78428940,2026-10-02T18:00:12Z,-391460,-881100,881100,53761307413441,53761307413441,0.169999,169999,theoretical_from_L_and_price,True,-405900,-396000,no_swap,,,True,0,0,0,0,0,0,2026-10-02T19:50:04Z,,cohort_bounded_60m,
0xcc05def6d06419ff947cf7e8b65ced42ba00a31e10f5a883a3f1f32defa85d94,0x007defdb60b9aa23058d268b7f77516a4ad7d3f0,0x007defdb60b9aa23058d268b7f77516a4ad7d3f0,0x5fc5360d0400a0fd4f2af552add042d716f1d168,0x5fc5360d0400a0fd4f2af552add042d716f1d168,1,989998,9900,0x0000000000000000000000000000000000000000,78429716,2026-10-02T18:01:30Z,0xd1377fd11f990bc0bb3923ef9c96fc9ecb60edb85fdbdb2fb8d26684c51d771c,78429716,2026-10-02T18:01:30Z,-399225,-881100,881100,83587197856915,83587197856915,0.179271,179271,theoretical_from_L_and_price,True,-415800,-405900,no_swap,,,True,0,0,0,0,0,0,2026-10-02T18:33:02Z,2026-10-02T18:33:02Z,cohort_bounded_60m,
0x1748c142ecc83a28b02e0f750bbaecc75e976c2d4d3c115eab2f1c0eebe7ecf8,0xa8936b7148efda48226de8c06706c8f7b0f85c98,0x5fc5360d0400a0fd4f2af552add042d716f1d168,0xa8936b7148efda48226de8c06706c8f7b0f85c98,0x5fc5360d0400a0fd4f2af552add042d716f1d168,0,801000,8010,0x0000000000000000000000000000000000000000,78431041,2026-10-02T18:03:45Z,0x5e671dbcf57f56f80e6bb42e96e45a7f20bfa9ff529253c6af08145536fb2fc3,78431041,2026-10-02T18:03:45Z,361012,-881100,881100,110638258437794,110638258437794,1.603323,1603323,theoretical_from_L_and_price,True,368460,376470,no_swap,,,True,0,0,0,0,0,0,,,cohort_bounded_60m,
0x709346d733e87170fe0dd1ad7da7c5fb85e84f4b023fe1f61a2e419113c8e55a,0xc57767320e795f18ad568867ead8e969c028c776,0x5fc5360d0400a0fd4f2af552add042d716f1d168,0xc57767320e795f18ad568867ead8e969c028c776,0x5fc5360d0400a0fd4f2af552add042d716f1d168,0,989999,9900,0x0000000000000000000000000000000000000000,78431468,2026-10-02T18:04:29Z,0x67377b2845cf0b93aea40d2affd607521be5835f66d2e956cdd132a26d8706de,78431468,2026-10-02T18:04:29Z,393690,-881100,881100,69696064277972,69696064277972,0.197135,197135,theoretical_from_L_and_price,True,396000,405900,no_swap,,,True,0,0,0,0,0,0,,,cohort_bounded_60m,
0xb977ba54148bc5230bf50e338a2bf7c2ce1972dfe60aaa4b94fb72e08405829b,0x951fe06f8059f2a9073fa5d22c775787fda3ed5d,0x0000000000000000000000000000000000000000,0x951fe06f8059f2a9073fa5d22c775787fda3ed5d,0x0000000000000000000000000000000000000000,0,899900,8999,0x0000000000000000000000000000000000000000,78431999,2026-10-02T18:05:22Z,0x0c385cb1f8895456cd82d172340080486787408e585f692fd3a928c3d19da6b2,78431999,2026-10-02T18:05:22Z,180196,-881902,881902,121827348204499089,121827348204499089,0.000014894776823288,14894776823288,theoretical_from_L_and_price,True,188979,197978,no_swap,,,True,0,0,0,0,0,0,,,cohort_bounded_60m,
0x8f5a5700606a3b15f5a309b48a642b2c2035a270ded66f60d8a9fa2eecf36669,0xfe8de3874338298e26c4ee3e0e73999ee387b081,0x5fc5360d0400a0fd4f2af552add042d716f1d168,0xfe8de3874338298e26c4ee3e0e73999ee387b081,0x5fc5360d0400a0fd4f2af552add042d716f1d168,0,900000,9000,0x0000000000000000000000000000000000000000,78432351,2026-10-02T18:05:55Z,0xaecbcffd09f07efed76d447b7daf9be238f1cb83e7ab9dcc593988075efaead0,78432351,2026-10-02T18:05:55Z,334418,-882000,882000,149286629850333,149286629850333,8.176912,8176912,theoretical_from_L_and_price,True,342000,351000,swap_no_boundary,,339263,True,1,2,2,3,0,7473253757031983192974,2026-10-02T19:21:30Z,2026-10-02T19:21:30Z,cohort_bounded_60m,
0xdd34c894bf85b640d4b424122215594982afcb838d36154d531a50667c9188ae,0x177306b1938cdb6ff7ec4322b2c6356e6e818188,0x177306b1938cdb6ff7ec4322b2c6356e6e818188,0x5fc5360d0400a0fd4f2af552add042d716f1d168,0x5fc5360d0400a0fd4f2af552add042d716f1d168,1,850000,60,0x0000000000000000000000000000000000000000,78432627,2026-10-02T18:06:23Z,0x9024ec7e570e95631ae12f87339c26482b8159e1ab4795aa18babd45f96a72dc,78432627,2026-10-02T18:06:23Z,-381070,-887220,887220,36017157163562,36017157163562,0.191468,191468,theoretical_from_L_and_price,True,-381180,-381120,no_swap,,,True,0,0,0,0,0,0,,,cohort_bounded_60m,
0xd8aac20edc868608bfbbc03e76dedaaff1e2ffe6a1a607dad3a42607c130e63c,0xcace05716778f86e4feb04bd7a2c2f2c31705f2b,0x0000000000000000000000000000000000000000,0xcace05716778f86e4feb04bd7a2c2f2c31705f2b,0x0000000000000000000000000000000000000000,0,700000,7000,0x0000000000000000000000000000000000000000,78432989,2026-10-02T18:07:00Z,0xe252c12106cfc63a28d3f5aa9c8093995b0137eb237874897f356c999993bece,78432989,2026-10-02T18:07:00Z,161885,-882000,882000,17782371022279489077,17782371022279489077,0.005430968826039036,5430968826039036,theoretical_from_L_and_price,True,168000,175000,no_swap,,,True,0,0,0,0,0,0,2026-10-02T19:36:02Z,2026-10-02T19:36:02Z,older_pool_history_missing_at_entry,
0x51ea9e2a83afd4e0de65b69c491eb3e1a4b07be369d387f3330c747d5bfce6a6,0x0f90d8f5a9a89ba362537555d9dd4217fe8945f4,0x0000000000000000000000000000000000000000,0x0f90d8f5a9a89ba362537555d9dd4217fe8945f4,0x0000000000000000000000000000000000000000,0,880000,8800,0x0000000000000000000000000000000000000000,78433255,2026-10-02T18:07:26Z,0x0a109f18eeb733aabcc9335eb16f9f3a11f57d3149637f364f3a35440376186d,78433255,2026-10-02T18:07:26Z,174217,-880000,880000,4885254068254783,4885254068254783,8.05382536727E-7,805382536727,theoretical_from_L_and_price,True,176000,184800,no_swap,,,True,0,0,0,0,0,0,,,cohort_bounded_60m,
0x38d4b0fe4dfced5eaf5be2fba92084c87631dbd2bafdb4aa9f9e6ded1329ef40,0xb965ae81229378a7f105464b2170050c167d9342,0x5fc5360d0400a0fd4f2af552add042d716f1d168,0xb965ae81229378a7f105464b2170050c167d9342,0x5fc5360d0400a0fd4f2af552add042d716f1d168,0,989998,9900,0x0000000000000000000000000000000000000000,78433357,2026-10-02T18:07:37Z,0x957b84542e0d7af9ff5df27d4eaf8b47e2067b1df4cb363cfc5e30cd21a8391c,78433357,2026-10-02T18:07:37Z,396567,-881100,881100,70060423419397,70060423419397,0.171616,171616,theoretical_from_L_and_price,True,405900,415800,no_swap,,,True,0,0,0,0,0,0,,,cohort_bounded_60m,
0x4f7f1d7a861e2568e983750d95e5d572f5869816f9f3f8f93b31562430bef955,0x40bd44f364bce2b3f842462041cdd9356aedf0c6,0x0000000000000000000000000000000000000000,0x40bd44f364bce2b3f842462041cdd9356aedf0c6,0x0000000000000000000000000000000000000000,0,899900,8999,0x0000000000000000000000000000000000000000,78433846,2026-10-02T18:08:26Z,0x5fcab2a70ce38a158a219dda9cb1a9a38f4ee3cc785ac1b0df4d988ec57757c0,78433846,2026-10-02T18:08:26Z,166842,-881902,881902,62689059688922755,62689059688922755,0.000014943244158842,14943244158842,theoretical_from_L_and_price,True,170981,179980,no_swap,,,True,0,0,0,0,0,0,,,cohort_bounded_60m,
0xf281e4fc9a72191391cab46cad320c864c28ba68cd70408c6e1415bf04f5c90c,0x2a2127c8228c1a0a5e1b9584b0ac80edceff1e18,0x2a2127c8228c1a0a5e1b9584b0ac80edceff1e18,0x5fc5360d0400a0fd4f2af552add042d716f1d168,0x5fc5360d0400a0fd4f2af552add042d716f1d168,1,980000,9800,0x0000000000000000000000000000000000000000,78434120,2026-10-02T18:08:54Z,0x887fa1c5e005674f9a1cce4b1a86fbbcb79c4f1e09c896b5571210d3c8128bb7,78434120,2026-10-02T18:08:54Z,-379520,-882000,882000,92773623953473,92773623953473,0.532922,532922,theoretical_from_L_and_price,True,-392000,-382200,no_swap,,,True,0,0,0,0,0,0,,,cohort_bounded_60m,
0xea4d0c9da393faf3d737edae477c11427b2ffe88ec189214bee00ebe695c7eb0,0x8826ffea474dadb69957c4385d6ad9e9de787915,0x0000000000000000000000000000000000000000,0x8826ffea474dadb69957c4385d6ad9e9de787915,0x0000000000000000000000000000000000000000,0,790000,60,0x0000000000000000000000000000000000000000,78434201,2026-10-02T18:09:02Z,0x13c0ce2b2601641c64f5ca2910fd2ecadf7599a1b8449e25be8fe1615c58e0a5,78434201,2026-10-02T18:09:02Z,193533,-887220,887220,637353281876403620,637353281876403620,0.000039999999999999,39999999999999,theoretical_from_L_and_price,True,193560,193620,swap_no_boundary,,187726,True,4,5,5,5,64307286900527,19789399182898739872,,,cohort_bounded_60m,
0x51c75e0ed1743f8ea7b594afa6626d5840f07b406745e116f38528f41827d15e,0xa4ddf89a40a35264e9d7f896a1ef01c59b1e977a,0x0000000000000000000000000000000000000000,0xa4ddf89a40a35264e9d7f896a1ef01c59b1e977a,0x0000000000000000000000000000000000000000,0,899900,8999,0x0000000000000000000000000000000000000000,78434818,2026-10-02T18:10:04Z,0xf51bf68e4b54a18ba25a0b724c08ed7b8eb74d6ca5d7a91e4c307dee95e83305,78434818,2026-10-02T18:10:04Z,165441,-881902,881902,58246956819185657,58246956819185657,0.000014891799637437,14891799637437,theoretical_from_L_and_price,True,170981,179980,no_swap,,,True,0,0,0,0,0,0,,,cohort_bounded_60m,
0xe2204d3a255a680f0af0feba12fe554f5c03f7cf6823c4e231fd519f0068f15e,0x8826ffea474dadb69957c4385d6ad9e9de787915,0x5fc5360d0400a0fd4f2af552add042d716f1d168,0x8826ffea474dadb69957c4385d6ad9e9de787915,0x5fc5360d0400a0fd4f2af552add042d716f1d168,0,870000,60,0x0000000000000000000000000000000000000000,78434839,2026-10-02T18:10:06Z,0xed6dc1fa1d24f7707afd769330b15374fd83c6b4f020ed6ebc220741422ec628,78434839,2026-10-02T18:10:06Z,377438,-887220,382500,695222885778972,695222885778972,0.990927,990927,theoretical_from_L_and_price,True,377460,377520,interior_crossed_end_token_only,78438586,382266,False,1,4,4,4,2601,229109422909997337796479,,,cohort_bounded_60m,
0x2acc9b697e13546e5dbd714f44dee37fcaae8c12ac909565dac8d420eec090b7,0x8826ffea474dadb69957c4385d6ad9e9de787915,0x0000000000000000000000000000000000000000,0x8826ffea474dadb69957c4385d6ad9e9de787915,0x0000000000000000000000000000000000000000,0,870000,60,0x0000000000000000000000000000000000000000,78434868,2026-10-02T18:10:09Z,0xe04377a74e44fbc3f0656ee35dd0884879721937b18a2f8e87506806b086e53c,78434868,2026-10-02T18:10:09Z,180357,-887220,185640,13227024279463631618,13227024279463631618,0.000372353907144739,372353907144739,theoretical_from_L_and_price,True,180360,180420,interior_crossed_end_token_only,78438586,184168,False,0,3,3,3,0,176101248037764142169585,,,cohort_bounded_60m,
0xc54ad529604838b29e925f44652a3aa99fa3262360f0ed84baed94dfe2aad220,0x238e40b75ae78a1388a14e517d855893e92e58db,0x0000000000000000000000000000000000000000,0x238e40b75ae78a1388a14e517d855893e92e58db,0x0000000000000000000000000000000000000000,0,899900,8999,0x0000000000000000000000000000000000000000,78436232,2026-10-02T18:12:25Z,0x012dc1b9d0daf6b0f91552d813c30791d4a6a72b0fdb625dc0ba1b3b334aed5a,78436232,2026-10-02T18:12:25Z,161581,-881902,881902,48308520094904635,48308520094904635,0.000014980017542298,14980017542298,theoretical_from_L_and_price,True,161982,170981,no_swap,,,True,0,0,0,0,0,0,,,cohort_bounded_60m,
0x91ef921a682db0c3ba66914956db01737a78716874deb2914efd16798d78dd63,0x7206deabb14212f94e67fed052ce5eac4399d500,0x0000000000000000000000000000000000000000,0x7206deabb14212f94e67fed052ce5eac4399d500,0x0000000000000000000000000000000000000000,0,790000,60,0x0000000000000000000000000000000000000000,78436659,2026-10-02T18:13:08Z,0x3b1c4d076c6f74c99dfba96dbc8abae605ca36c44211cff7072850b721d9df0a,78436659,2026-10-02T18:13:08Z,195731,-887220,887220,711390129849604063,711390129849604063,0.000039999999999999,39999999999999,theoretical_from_L_and_price,True,195780,195840,no_swap,,,True,0,0,0,0,0,0,,,cohort_bounded_60m,
0xf3ba11760f9e3f2cdcf70c25c3a055e6860b1c24b4c2ae8ddbc513e838281e4c,0x177306b1938cdb6ff7ec4322b2c6356e6e818188,0x177306b1938cdb6ff7ec4322b2c6356e6e818188,0x5fc5360d0400a0fd4f2af552add042d716f1d168,0x5fc5360d0400a0fd4f2af552add042d716f1d168,1,795600,7956,0x0000000000000000000000000000000000000000,78436691,2026-10-02T18:13:12Z,0x64ffa2557b0be4b263e75cf09d4cfff6772c089e0e7def25f44e048489500b2c,78436691,2026-10-02T18:13:12Z,-366121,-397800,-350064,90743279872617,90743279872617,0.809588,809588,theoretical_from_L_and_price,True,-381888,-373932,no_swap,,,False,0,0,0,0,0,0,,,cohort_bounded_60m,
0x9d292e229d33004fa1f55b551f997deb0cf3d976d8ac41e3798e0247b866073c,0x7206deabb14212f94e67fed052ce5eac4399d500,0x5fc5360d0400a0fd4f2af552add042d716f1d168,0x7206deabb14212f94e67fed052ce5eac4399d500,0x5fc5360d0400a0fd4f2af552add042d716f1d168,0,989999,9900,0x0000000000000000000000000000000000000000,78436945,2026-10-02T18:13:37Z,0x004a77d7e1d4e92804ecff2267021336dd75f930d2a55d0f8ad9017041971637,78436945,2026-10-02T18:13:37Z,388835,-881100,881100,61258340775397,61258340775397,0.220872,220872,theoretical_from_L_and_price,True,396000,405900,no_swap,,,True,0,0,0,0,0,0,,,cohort_bounded_60m,
0xf83fec1db331df0758fca590de0073b4b732e8a97690d3fad4e759ae99c53cc3,0x1821e8e363e78f2babc994dfb8b14d79553b7cde,0x1821e8e363e78f2babc994dfb8b14d79553b7cde,0x5fc5360d0400a0fd4f2af552add042d716f1d168,0x5fc5360d0400a0fd4f2af552add042d716f1d168,1,989999,9900,0x0000000000000000000000000000000000000000,78437458,2026-10-02T18:14:30Z,0x85aa509606d6725b3f5b2ce670d61205e7adb959d954007c47438cf029cdf2de,78437458,2026-10-02T18:14:30Z,-400376,-881100,881100,79359283932486,79359283932486,0.160685,160685,theoretical_from_L_and_price,True,-415800,-405900,no_swap,,,True,0,0,0,0,0,0,,,cohort_bounded_60m,
0xba00def88ef3f4f3924036e8d7df2e99a8cab5d3c873493561693b9cc89dfbf4,0x007defdb60b9aa23058d268b7f77516a4ad7d3f0,0x0000000000000000000000000000000000000000,0x007defdb60b9aa23058d268b7f77516a4ad7d3f0,0x0000000000000000000000000000000000000000,0,790000,60,0x0000000000000000000000000000000000000000,78437780,2026-10-02T18:15:02Z,0xf4947ae848f30aa1d3f2894fe619ddc446d316ed3f2b18351f10fa462baf5ce0,78437780,2026-10-02T18:15:02Z,195979,-887220,887220,720265436576428231,720265436576428231,0.000039999999999999,39999999999999,theoretical_from_L_and_price,True,196020,196080,swap_no_boundary,,187973,True,0,3,4,5,93863419904652,0,,,cohort_bounded_60m,
0xc89b743fac7ccc416388016120e783eef425137612d98f443f9ecc3187c9cb35,0xf15aab29c3d22cf2b469d4a9b0c0a72f31ba0711,0x0000000000000000000000000000000000000000,0xf15aab29c3d22cf2b469d4a9b0c0a72f31ba0711,0x0000000000000000000000000000000000000000,0,899900,8999,0x0000000000000000000000000000000000000000,78438480,2026-10-02T18:16:13Z,0x001f3a5a9d3340c8c45b4c8bbba37004d8ff3de95cdf978e26c5466d12d4f7e2,78438480,2026-10-02T18:16:13Z,137659,-881902,881902,14540033332939207,14540033332939207,0.000014910343520904,14910343520904,theoretical_from_L_and_price,True,143984,152983,no_swap,,,True,0,0,0,0,0,0,,,cohort_bounded_60m,
0xc0a36e7f892a5b37bb0985bc4ce88c24c56cdfea23355beb98b97d1ad811ba60,0xb97817b76cc1319a4d96f7e3fc179ea005171e18,0x0000000000000000000000000000000000000000,0xb97817b76cc1319a4d96f7e3fc179ea005171e18,0x0000000000000000000000000000000000000000,0,883131,200,0x0000000000000000000000000000000000000000,78438994,2026-10-02T18:17:05Z,0x3b029fa803490e27a64b596e86647a55604af89080d54def20750e4218fc7fbe,78438994,2026-10-02T18:17:05Z,178262,-887200,887200,9042060240630884657,9042060240630884657,0.001217699999999999,1217699999999999,theoretical_from_L_and_price,True,178400,178600,no_swap,,,True,0,0,0,0,0,0,,,cohort_bounded_60m,
0x02c42434a56daa770ce980f4fd8b4c7add1d8d925236cd9b85ff0731fa171709,0xf10df442f712912e4d1ad79852b3f9695dd989d8,0x5fc5360d0400a0fd4f2af552add042d716f1d168,0xf10df442f712912e4d1ad79852b3f9695dd989d8,0x5fc5360d0400a0fd4f2af552add042d716f1d168,0,989998,9900,0x0000000000000000000000000000000000000000,78439320,2026-10-02T18:17:38Z,0xb527f6eb119a1706135a181b9d18ddbc6ced599bb7919da725e2a368f165653e,78439320,2026-10-02T18:17:38Z,401676,-881100,881100,77109271312450,77109271312450,0.146304,146304,theoretical_from_L_and_price,True,405900,415800,swap_no_boundary,,401249,True,1,1,5,5,316125,0,,,cohort_bounded_60m,
0xd2d0c666ddb1079eccb1cb60bacdc7e73049efe61b9c165f1aaebc04d6d9baee,0xf10df442f712912e4d1ad79852b3f9695dd989d8,0x0000000000000000000000000000000000000000,0xf10df442f712912e4d1ad79852b3f9695dd989d8,0x0000000000000000000000000000000000000000,0,883131,200,0x0000000000000000000000000000000000000000,78440258,2026-10-02T18:19:11Z,0xec58268e8c769d82a76f8f5c29e89434619519527fe8324fa843aedb8cfe7c3b,78440258,2026-10-02T18:19:11Z,193858,-887200,887200,19719889554669566681,19719889554669566681,0.001217699999999998,1217699999999998,theoretical_from_L_and_price,True,194000,194200,swap_no_boundary,,193499,True,0,0,2,2,188457188250837,0,,,cohort_bounded_60m,
0xc4f107e18d5ded258b4698bf78a189daec62f8315863b1e4929d653d00ab3bad,0x3e17c94ba8112380ef81a43fc33b08ca6284fb33,0x0000000000000000000000000000000000000000,0x3e17c94ba8112380ef81a43fc33b08ca6284fb33,0x0000000000000000000000000000000000000000,0,899900,8999,0x0000000000000000000000000000000000000000,78440279,2026-10-02T18:19:13Z,0x72ca50b4549fb58167bb0690b6effaeecd4b239eeb7ab797dcb59530aa774ae8,78440279,2026-10-02T18:19:13Z,182976,-881902,881902,132441958210234061,132441958210234061,0.000014091294377954,14091294377954,theoretical_from_L_and_price,True,188979,197978,no_swap,,,True,0,0,0,0,0,0,,,cohort_bounded_60m,
0x3670fb3d735b6676f15e9d63f6c45e1ce411ebcce408956307a3804619d5e3c3,0xed73ee61d3b2bdee20f7394501956741537a3514,0x0000000000000000000000000000000000000000,0xed73ee61d3b2bdee20f7394501956741537a3514,0x0000000000000000000000000000000000000000,0,899900,8999,0x0000000000000000000000000000000000000000,78441009,2026-10-02T18:20:27Z,0xc6e4f39cc806fd4af69627f8d182fab57e87102b37d738f2090f3f16e59a2eb9,78441009,2026-10-02T18:20:27Z,194368,-881902,881902,247702236214717623,247702236214717623,0.000014910542766434,14910542766434,theoretical_from_L_and_price,True,197978,206977,no_swap,,,True,0,0,0,0,0,0,,,cohort_bounded_60m,
0x0ad4e6540043fef3e0359a44d28e8ab71c2c887b71566416657764b1d4ec6f28,0x007defdb60b9aa23058d268b7f77516a4ad7d3f0,0x007defdb60b9aa23058d268b7f77516a4ad7d3f0,0x5fc5360d0400a0fd4f2af552add042d716f1d168,0x5fc5360d0400a0fd4f2af552add042d716f1d168,1,870000,60,0x0000000000000000000000000000000000000000,78441208,2026-10-02T18:20:47Z,0xbe11d04e7145de654129673daaa46a92b5f73a28d6361419ef6fffa308682df7,78441208,2026-10-02T18:20:47Z,-377277,-382680,887220,653610324946044,653610324946044,0.994393,994393,theoretical_from_L_and_price,True,-377340,-377280,no_swap,,,False,0,0,0,0,0,0,,,cohort_bounded_60m,
0x3b0e41a2a68a5cbe81d0b231ac350ddf6b2d50ec122a906525240103333d4085,0x007defdb60b9aa23058d268b7f77516a4ad7d3f0,0x0000000000000000000000000000000000000000,0x007defdb60b9aa23058d268b7f77516a4ad7d3f0,0x0000000000000000000000000000000000000000,0,820000,60,0x0000000000000000000000000000000000000000,78441240,2026-10-02T18:20:50Z,0x5e2d8edc911e23a3942f3b585725f0bfbb16e4606c41d95cf719db13621a740f,78441240,2026-10-02T18:20:50Z,180236,-887220,185880,12409822693790167573,12409822693790167573,0.000372230692330749,372230692330749,theoretical_from_L_and_price,True,180240,180300,no_swap,,,False,0,0,0,0,0,0,,,cohort_bounded_60m,
0x17247754458a0982e115b2b31a596e5a61c5bda52026c3ee7a505b866c5c7d7b,0xa471ba8b55783ba1c8e7720aaff064f8330c4104,0x0000000000000000000000000000000000000000,0xa471ba8b55783ba1c8e7720aaff064f8330c4104,0x0000000000000000000000000000000000000000,0,899900,8999,0x0000000000000000000000000000000000000000,78441722,2026-10-02T18:21:39Z,0xae1cd59c0ac04b6ade62582e5422104d85d10f6ea66563a919035664b3753aef,78441722,2026-10-02T18:21:39Z,210124,-881902,881902,544616343979833277,544616343979833277,0.000014911938663944,14911938663944,theoretical_from_L_and_price,True,215976,224975,no_swap,,,True,0,0,0,0,0,0,,,cohort_bounded_60m,
0x8a9bb7fb67e4f6285307a24a171b6a853c56579c9c213e25dc880f9526d7b150,0xf85042182bdc90cec96fd51d89e455df6a56c808,0x0000000000000000000000000000000000000000,0xf85042182bdc90cec96fd51d89e455df6a56c808,0x0000000000000000000000000000000000000000,0,883131,200,0x0000000000000000000000000000000000000000,78441856,2026-10-02T18:21:52Z,0x29b2f6ea14277ca7d47d6ac704c9a517a147bfc20ac53c4aa0b4026b10631b48,78441856,2026-10-02T18:21:52Z,186172,-887200,887200,13428501048879658033,13428501048879658033,0.001217699999999999,1217699999999999,theoretical_from_L_and_price,True,186200,186400,swap_no_boundary,,186112,True,0,1,1,1,31617428290800,0,,,cohort_bounded_60m,
0x842d65be357273a88827727de7cadb7a367e36e1a961334a3fdde1f59ead430f,0x35a2ec8187591a66fd8d77b09be50fc5d6a3f61e,0x35a2ec8187591a66fd8d77b09be50fc5d6a3f61e,0x5fc5360d0400a0fd4f2af552add042d716f1d168,0x5fc5360d0400a0fd4f2af552add042d716f1d168,1,989999,9900,0x0000000000000000000000000000000000000000,78442064,2026-10-02T18:22:13Z,0x316ff07f6008a02a73a72991c70a936d44cf5ffbdf65bca8a18fd1d5aac6f960,78442064,2026-10-02T18:22:13Z,-393691,-881100,881100,68127617967634,68127617967634,0.192689,192689,theoretical_from_L_and_price,True,-405900,-396000,no_swap,,,True,0,0,0,0,0,0,,,cohort_bounded_60m,
0x936d4999df13fa18f6b7151e112c7d7d1a11157a5af83dc1d7ead605103bbf3c,0xf85042182bdc90cec96fd51d89e455df6a56c808,0x5fc5360d0400a0fd4f2af552add042d716f1d168,0xf85042182bdc90cec96fd51d89e455df6a56c808,0x5fc5360d0400a0fd4f2af552add042d716f1d168,0,989998,9900,0x0000000000000000000000000000000000000000,78442863,2026-10-02T18:23:34Z,0x77b921f69c7813bdd901fb7d28ad1cc95f5ac9572eb720ed9d1bc206fcbcdb5a,78442863,2026-10-02T18:23:34Z,395025,-881100,881100,82673092897576,82673092897576,0.218742,218742,theoretical_from_L_and_price,True,396000,405900,no_swap,,,True,0,0,0,0,0,0,,,cohort_bounded_60m,
0xe3b8f8d11860c8af9572d5d48edcebe637b8537811fab29a1958d7ea5a894c1c,0x90e8fa19ae1a01431da01c6f80b3bc5cebb19438,0x5fc5360d0400a0fd4f2af552add042d716f1d168,0x90e8fa19ae1a01431da01c6f80b3bc5cebb19438,0x5fc5360d0400a0fd4f2af552add042d716f1d168,0,800000,60,0x0000000000000000000000000000000000000000,78443186,2026-10-02T18:24:07Z,0x611846f9cb0b6d61f2839c4b5fe43271c49eed23d2a8648a2d6c1d61e849b392,78443186,2026-10-02T18:24:07Z,367103,-887220,370380,615475365909183,615475365909183,0.993749,993749,theoretical_from_L_and_price,True,367140,367200,interior_crossed_end_token_only,78443210,370379,False,1,1,1,1,0,51250878353975474064715,,,cohort_bounded_60m,
0xd579ac0dd545908d1d1ce4248ab8866c784abe2cc6e53b03fabe50d8ba22476b,0x90e8fa19ae1a01431da01c6f80b3bc5cebb19438,0x0000000000000000000000000000000000000000,0x90e8fa19ae1a01431da01c6f80b3bc5cebb19438,0x0000000000000000000000000000000000000000,0,890000,60,0x0000000000000000000000000000000000000000,78443216,2026-10-02T18:24:10Z,0xeeed36c7855613e7524722a188a4f9bd7c8ded97495b68be030aa3f1460645ca,78443216,2026-10-02T18:24:10Z,887271,-887220,168240,14295151067053788589,14295151067053788589,0.000370679435080887,370679435080887,theoretical_from_L_and_price,False,,,ineligible_no_legal_band,,,False,0,0,0,0,0,0,,,cohort_bounded_60m,
0xa4302480b59f8b2147570ade73732837d31a6ef44963f7630ccf7c5bac58007d,0x7fa6d2b81743f90e544fc794396d90b12d81b2dc,0x5fc5360d0400a0fd4f2af552add042d716f1d168,0x7fa6d2b81743f90e544fc794396d90b12d81b2dc,0x5fc5360d0400a0fd4f2af552add042d716f1d168,0,888888,60,0x0000000000000000000000000000000000000000,78443650,2026-10-02T18:24:53Z,0x92495350f1b22272ffcde68bee9ce82bdd7d890b036613d97f6cee13758091eb,78443650,2026-10-02T18:24:53Z,446676,-887220,887220,455375000123755,455375000123755,0.091074,91074,theoretical_from_L_and_price,True,446700,446760,swap_no_boundary,,446639,True,0,2,4,4,939794,0,,,older_pool_history_missing_at_entry,
0xc0e3c0f42af3959693f8258a74cb660fa621ae8f61ffdef27284a6bcb9b58b6b,0x525b4726d2965592ddbaad9e0cd97dcb1d87162d,0x0000000000000000000000000000000000000000,0x525b4726d2965592ddbaad9e0cd97dcb1d87162d,0x0000000000000000000000000000000000000000,0,883131,200,0x0000000000000000000000000000000000000000,78443732,2026-10-02T18:25:01Z,0x6b55145bb2f5e21804a96a9f617fd16e09b2d660837f00def5afdf3528893dad,78443732,2026-10-02T18:25:01Z,196176,-887200,887200,22143298872183551101,22143298872183551101,0.001217699999999998,1217699999999998,theoretical_from_L_and_price,True,196200,196400,swap_no_boundary,,195803,True,1,1,1,1,196289452777166,0,,,cohort_bounded_60m,
0xd2f963c3248c8d36ef208cb87e315cb2968ed13337c9a375a854552ee1a6426b,0x4d23f07b11497d00765847a2e1eb86c774a43463,0x0000000000000000000000000000000000000000,0x4d23f07b11497d00765847a2e1eb86c774a43463,0x0000000000000000000000000000000000000000,0,790000,60,0x0000000000000000000000000000000000000000,78443747,2026-10-02T18:25:03Z,0xeea614ee3b64866d72afea0f4e15749d265bd63ca07cebc52a55f7396316da89,78443747,2026-10-02T18:25:03Z,195932,-887220,887220,718551408769261891,718551408769261891,0.000039999999999999,39999999999999,theoretical_from_L_and_price,True,195960,196020,no_swap,,,True,0,0,0,0,0,0,,,cohort_bounded_60m,
0x8553ce80cd17e6ce59013ae9bdb5de43e4acba6cb26bc8ae37d89f5a3c42326a,0x525b4726d2965592ddbaad9e0cd97dcb1d87162d,0x525b4726d2965592ddbaad9e0cd97dcb1d87162d,0x5fc5360d0400a0fd4f2af552add042d716f1d168,0x5fc5360d0400a0fd4f2af552add042d716f1d168,1,989999,9900,0x0000000000000000000000000000000000000000,78443883,2026-10-02T18:25:16Z,0x535c7a904be0757bc24db5ef13c67a732ad097c9c90c5d64f2533c7d3532837f,78443883,2026-10-02T18:25:16Z,-401677,-881100,881100,123307212743564,123307212743564,0.233947,233947,theoretical_from_L_and_price,True,-415800,-405900,no_swap,,,True,0,0,0,0,0,0,,,cohort_bounded_60m,
0xa679cce75ea15dfd434649f034675b63bda953b7814e19489ba6ca75251a7d64,0x4431eff9f1f7421fa5f179c3f7b672acf654e03c,0x4431eff9f1f7421fa5f179c3f7b672acf654e03c,0x5fc5360d0400a0fd4f2af552add042d716f1d168,0x5fc5360d0400a0fd4f2af552add042d716f1d168,1,989999,9900,0x0000000000000000000000000000000000000000,78445761,2026-10-02T18:28:26Z,0x213e1ecc99e868ebfde8c3e20d47f0404b88cad7bd8166904ca7565a0a16ca82,78445761,2026-10-02T18:28:26Z,-392513,-881100,881100,82037916476929,82037916476929,0.246109,246109,theoretical_from_L_and_price,True,-405900,-396000,no_swap,,,True,0,0,0,0,0,0,,,cohort_bounded_60m,
0x137b44302cb8c32aefbeb01fddcbcc6ebd977492c9fd3ec567a3b78cb4d2d8fa,0xaa07a0e9209e16ac99708c3ec70159c6ef3128a3,0x5fc5360d0400a0fd4f2af552add042d716f1d168,0xaa07a0e9209e16ac99708c3ec70159c6ef3128a3,0x5fc5360d0400a0fd4f2af552add042d716f1d168,0,962200,9622,0x0000000000000000000000000000000000000000,78445929,2026-10-02T18:28:43Z,0x2d7d446a017f96a2ffd683ff021e551b687e5103275cee5bbbc5b9f4f498353a,78445929,2026-10-02T18:28:43Z,300498,-885224,885224,988296769601,988296769601,0.295108,295108,theoretical_from_L_and_price,True,307904,317526,no_swap,,,True,0,0,0,0,0,0,,,cohort_bounded_60m,
0xfd6a265135cbd9f5e1ff238aee5086556fe178335ce539f755b46b38a06d0e7a,0xc947a19b234ec04335da19e1ba7a5fe73373040c,0x5fc5360d0400a0fd4f2af552add042d716f1d168,0xc947a19b234ec04335da19e1ba7a5fe73373040c,0x5fc5360d0400a0fd4f2af552add042d716f1d168,0,850000,8500,0x0000000000000000000000000000000000000000,78447624,2026-10-02T18:31:32Z,0xb12e6aba83823e3ece07f0afa0f96fc9e493dde4353edb4e0044ade3ec4651f1,78447624,2026-10-02T18:31:32Z,353845,-884000,884000,13605507255800,13605507255800,0.282131,282131,theoretical_from_L_and_price,True,357000,365500,interior_crossed_end_token_only,78452681,441863,True,0,1,3,3,3000,405698007834569513259194,,,cohort_bounded_60m,
0x84abb11ce0dac6fd4b67ce4d786a70e2ef9c629f5059d7f962db8ddafd25ed5e,0xc6080ea62997b33c8e46360850cb4473913b61f0,0x5fc5360d0400a0fd4f2af552add042d716f1d168,0xc6080ea62997b33c8e46360850cb4473913b61f0,0x5fc5360d0400a0fd4f2af552add042d716f1d168,0,700000,7000,0x0000000000000000000000000000000000000000,78447987,2026-10-02T18:32:09Z,0xc2da232f4d60bcbb9401953be954af064eb37ecdcfdde76d1229c44c36c1df87,78447987,2026-10-02T18:32:09Z,364179,-882000,882000,132627622136023,132627622136023,1.640524,1640524,theoretical_from_L_and_price,True,371000,378000,no_swap,,,True,0,0,0,0,0,0,,,cohort_bounded_60m,
0xad68c3b6cf3d9305227e2b0e2679b9440eb3647db1e15faf0ec928b85c2d21b3,0x56248dff26c41897d0d891d72248ea00a00960e3,0x56248dff26c41897d0d891d72248ea00a00960e3,0x5fc5360d0400a0fd4f2af552add042d716f1d168,0x5fc5360d0400a0fd4f2af552add042d716f1d168,1,989998,9900,0x0000000000000000000000000000000000000000,78448280,2026-10-02T18:32:38Z,0x744f69ec80242267228cc853fc7c4bc62af8c8d9ea64724f0b6416d141a026e0,78448280,2026-10-02T18:32:38Z,-398391,-881100,881100,92804645435540,92804645435540,0.207515,207515,theoretical_from_L_and_price,True,-415800,-405900,swap_no_boundary,,-397435,True,6,7,12,13,1017406,0,,,cohort_bounded_60m,
0x72bc6cbe550b08026efd750308cbd8b8933bf4b8e855472b195d130288c4e5e7,0x59e8ae5c2e1edf77d2169e0ae67524c43aaca393,0x0000000000000000000000000000000000000000,0x59e8ae5c2e1edf77d2169e0ae67524c43aaca393,0x0000000000000000000000000000000000000000,0,790000,60,0x0000000000000000000000000000000000000000,78449637,2026-10-02T18:34:56Z,0xe34a12ac9079e3885024b83ce77eb3d47bb593df5193807a6e3c8cd262229632,78449637,2026-10-02T18:34:56Z,193786,-887220,887220,645455672091169390,645455672091169390,0.000039999999999999,39999999999999,theoretical_from_L_and_price,True,193800,193860,no_swap,,,True,0,0,0,0,0,0,,,older_pool_history_missing_at_entry,
0x3f675344cbf8e53766559fadbffd0c1318746048ed70082247576253fa115115,0x1a689aab441b9df37aef0cfcc9837dcb50385750,0x1a689aab441b9df37aef0cfcc9837dcb50385750,0x5fc5360d0400a0fd4f2af552add042d716f1d168,0x5fc5360d0400a0fd4f2af552add042d716f1d168,1,989998,9900,0x0000000000000000000000000000000000000000,78450412,2026-10-02T18:36:15Z,0x3f60f19a974767c2357b0a992a22268224ab9ec9e24006912bda824a16817769,78450412,2026-10-02T18:36:15Z,-399225,-881100,881100,87789590948331,87789590948331,0.188284,188284,theoretical_from_L_and_price,True,-415800,-405900,no_swap,,,True,0,0,0,0,0,0,,,cohort_bounded_60m,
0x9c81db9cdf44083bf0de98e6f0735b2a7804f0566cedc1a9dc0c434636816a7b,0xdaee896deb34dd359f9d12c0865a21c7b428aaf6,0x5fc5360d0400a0fd4f2af552add042d716f1d168,0xdaee896deb34dd359f9d12c0865a21c7b428aaf6,0x5fc5360d0400a0fd4f2af552add042d716f1d168,0,989998,9900,0x0000000000000000000000000000000000000000,78450933,2026-10-02T18:37:07Z,0x9010d77ed4f930886efafd54d0b09e9c7b32e218f5f56171df62f89f7134bbdc,78450933,2026-10-02T18:37:07Z,405322,-881100,881100,53061862931764,53061862931764,0.0839,83900,theoretical_from_L_and_price,True,405900,415800,no_swap,,,True,0,0,0,0,0,0,,,cohort_bounded_60m,
0x334e09709c08a805bb11e391feae82dbbaf3b66215199f3a4e97e7778433a77a,0x21351d9e99d141ca00ade6fe4ef99ce481787acc,0x21351d9e99d141ca00ade6fe4ef99ce481787acc,0x5fc5360d0400a0fd4f2af552add042d716f1d168,0x5fc5360d0400a0fd4f2af552add042d716f1d168,1,830000,60,0x0000000000000000000000000000000000000000,78451271,2026-10-02T18:37:40Z,0xb829d16971faff6a5c8dc2d885d67817e6aa02d3df8b065a8ffed3d04938d0ad,78451271,2026-10-02T18:37:40Z,-403718,-887220,887220,62330787704758,62330787704758,0.106786,106786,theoretical_from_L_and_price,True,-403800,-403740,no_swap,,,True,0,0,0,0,0,0,,,cohort_bounded_60m,
0xa4a2dfa604483e1687b42dae469de5f7621df5da2c12b2d224d4feff864d421c,0xa5d19247ef8b3105ca6af724416d8d70b2728f4f,0x5fc5360d0400a0fd4f2af552add042d716f1d168,0xa5d19247ef8b3105ca6af724416d8d70b2728f4f,0x5fc5360d0400a0fd4f2af552add042d716f1d168,0,770000,7700,0x0000000000000000000000000000000000000000,78453469,2026-10-02T18:41:31Z,0x7d20b9fa4dd94fb61312e11242c2fff8e72b74531d506c605501c71a137d0e47,78453469,2026-10-02T18:41:31Z,381162,-885500,885500,80452007442161,80452007442161,0.425718,425718,theoretical_from_L_and_price,True,385000,392700,no_swap,,,True,0,0,0,0,0,0,,,cohort_bounded_60m,
0xed307bd541d7f04e98d1eab05239bb449f7224b5fdd9746ab7e0a4c28f0939b2,0x79a3f135a3c695869d6dd7449e54576680155966,0x5fc5360d0400a0fd4f2af552add042d716f1d168,0x79a3f135a3c695869d6dd7449e54576680155966,0x5fc5360d0400a0fd4f2af552add042d716f1d168,0,880000,8800,0x0000000000000000000000000000000000000000,78453489,2026-10-02T18:41:33Z,0xbefb96d14066c27541a98c714d0f38f31a3a6d5a115740070d1731e0f397f288,78453489,2026-10-02T18:41:33Z,400622,-880000,880000,489533638450077,489533638450077,0.979086,979086,theoretical_from_L_and_price,True,404800,413600,no_swap,,,True,0,0,0,0,0,0,,,cohort_bounded_60m,
0x4f855628f492ba69968af12c8c60d91b0130fd864315725044c8acc535cc46b7,0x007defdb60b9aa23058d268b7f77516a4ad7d3f0,0x0000000000000000000000000000000000000000,0x007defdb60b9aa23058d268b7f77516a4ad7d3f0,0x0000000000000000000000000000000000000000,0,883131,200,0x0000000000000000000000000000000000000000,78454496,2026-10-02T18:43:15Z,0xb09e54d786a4499a9d03eac070a97d8d2cd8944d2e3456acc57228d52dbec756,78454496,2026-10-02T18:43:15Z,170556,-887200,887200,6150969273784374935,6150969273784374935,0.001217699999999999,1217699999999999,theoretical_from_L_and_price,True,170600,170800,no_swap,,,True,0,0,0,0,0,0,,,cohort_bounded_60m,
0x7551119be4e2fa2eaf9e9d51e2f7f63eab13aca011a15c574bc10a85c976a8dc,0x1259b5249dd034f348609d719c41b0753efc9085,0x1259b5249dd034f348609d719c41b0753efc9085,0x5fc5360d0400a0fd4f2af552add042d716f1d168,0x5fc5360d0400a0fd4f2af552add042d716f1d168,1,800000,8000,0x0000000000000000000000000000000000000000,78454777,2026-10-02T18:43:45Z,0x1314b2a0ebe4448fcd2b3bb933e1b57f379ad6ff0ecce7db467f2edd7882673c,78454777,2026-10-02T18:43:45Z,-391460,-880000,880000,165829282660856,165829282660856,0.524372,524372,theoretical_from_L_and_price,True,-400000,-392000,no_swap,,,True,0,0,0,4,0,0,,,cohort_bounded_60m,
0xbe3806b8ef781bb26993a0ecc4393596804d0bc9b98df80f5bf45a5abec092db,0x4c3b55314cdbee2349f21f5f997983cfa27142ec,0x0000000000000000000000000000000000000000,0x4c3b55314cdbee2349f21f5f997983cfa27142ec,0x0000000000000000000000000000000000000000,0,883131,200,0x0000000000000000000000000000000000000000,78456083,2026-10-02T18:45:56Z,0x40a62f49836934386b37b1198eb4fa7c734a032cfe242991d01e06fcfdab1f3d,78456083,2026-10-02T18:45:56Z,186403,-887200,887200,13584597889466613980,13584597889466613980,0.001217699999999999,1217699999999999,theoretical_from_L_and_price,True,186600,186800,no_swap,,,True,0,0,0,1,0,0,2026-10-02T19:50:32Z,,cohort_bounded_60m,
0x47f083b8c30f0cbff687f0d3464fa71cdea210de84c1b2798b130dfdefcb4e17,0xadd31c4bfe03b0f1116e5bf074c5835142440a11,0x5fc5360d0400a0fd4f2af552add042d716f1d168,0xadd31c4bfe03b0f1116e5bf074c5835142440a11,0x5fc5360d0400a0fd4f2af552add042d716f1d168,0,896400,8964,0x0000000000000000000000000000000000000000,78457062,2026-10-02T18:47:35Z,0x6e67d4bbd29431cfa425a2583e0f47ffdbcc7a750102350b990fe7a6c48af351,78457062,2026-10-02T18:47:35Z,380811,-878472,878472,58829712971461,58829712971461,0.316813,316813,theoretical_from_L_and_price,True,385452,394416,no_swap,,,True,0,0,0,0,0,0,,,cohort_bounded_60m,
0x113b3555a5d20f15247c9ef7d596d3abbebe0120eb24f964e215d8b0c845195d,0x0cb329075d2e8373e7397560d7746f9cc84f3d7e,0x0cb329075d2e8373e7397560d7746f9cc84f3d7e,0x5fc5360d0400a0fd4f2af552add042d716f1d168,0x5fc5360d0400a0fd4f2af552add042d716f1d168,1,950000,60,0x0000000000000000000000000000000000000000,78457670,2026-10-02T18:48:36Z,0x972445c5637073684f6f099d5750faca0e5207340d590b8cfbe0292cadf03706,78457670,2026-10-02T18:48:36Z,-426527,-887220,887220,472912785342350,472912785342350,0.259024,259024,theoretical_from_L_and_price,True,-426600,-426540,interior_crossed_end_quote_only,78458243,-426480,True,4,4,10,10,28198767,48615533892193000481194479,2026-10-02T20:06:03Z,,cohort_bounded_60m,
0x5d050029ca4b75989bf518dedffba9388895274ae105bda37a07d1ad3eb7e1a0,0x9d42663d3ee372f2c5cca1704b55ac8cd1f69999,0x5fc5360d0400a0fd4f2af552add042d716f1d168,0x9d42663d3ee372f2c5cca1704b55ac8cd1f69999,0x5fc5360d0400a0fd4f2af552add042d716f1d168,0,989520,9895,0x0000000000000000000000000000000000000000,78459018,2026-10-02T18:50:51Z,0x9ff6b9f01945ab94d6cab5628ab7b73c5bf92346889c5493cf99278b9491504e,78459018,2026-10-02T18:50:51Z,354493,-880655,880655,49307871506050,49307871506050,0.989881,989881,theoretical_from_L_and_price,True,356220,366115,no_swap,,,True,0,0,0,0,0,0,,,older_pool_history_missing_at_entry,
0x8f46d0ef53d3ad259421104fe1a49b5744a638d343aed27568d6a1fb21f07915,0x7218ab9c1d714dd38de7b8f0b07446044825fafd,0x5fc5360d0400a0fd4f2af552add042d716f1d168,0x7218ab9c1d714dd38de7b8f0b07446044825fafd,0x5fc5360d0400a0fd4f2af552add042d716f1d168,0,860000,8600,0x0000000000000000000000000000000000000000,78459240,2026-10-02T18:51:13Z,0x852f4d4eefc6423730753f94bcd35e66b2e4c5ed030552f7ed6946051f9b22d5,78459240,2026-10-02T18:51:13Z,398390,-885800,885800,72108765083271,72108765083271,0.161246,161246,theoretical_from_L_and_price,True,404200,412800,no_swap,,,True,0,0,0,0,0,0,,,cohort_bounded_60m,
0x23cdee31bb5804a5daa88b5e20a50cd8f54adfd6401fd685b953b6c34c2877c3,0x0cb329075d2e8373e7397560d7746f9cc84f3d7e,0x0cb329075d2e8373e7397560d7746f9cc84f3d7e,0x5fc5360d0400a0fd4f2af552add042d716f1d168,0x5fc5360d0400a0fd4f2af552add042d716f1d168,1,800000,8000,0x0000000000000000000000000000000000000000,78459539,2026-10-02T18:51:43Z,0x6ea30d11bc4de5c43fa76e65d57e661e8632d1329d8102023f1ac71f0391a6a1,78459539,2026-10-02T18:51:43Z,-403500,-880000,880000,285892687164385,285892687164385,0.495164,495164,theoretical_from_L_and_price,True,-416000,-408000,interior_crossed_end_token_only,78461432,-418573,True,3,4,27,43,36546622,42090158222311252959701672,2026-10-02T19:51:20Z,2026-10-02T20:03:27Z,cohort_bounded_60m,
0xd4f7088fb18b6ddb36f64cdcb825b78bed2214de7821fcc58786d9a7f20437b8,0x2886cc1c3f1dd68075309c3787bbe7ddda38960a,0x2886cc1c3f1dd68075309c3787bbe7ddda38960a,0x5fc5360d0400a0fd4f2af552add042d716f1d168,0x5fc5360d0400a0fd4f2af552add042d716f1d168,1,830000,60,0x0000000000000000000000000000000000000000,78459594,2026-10-02T18:51:49Z,0xc988f52ab1d415956eb7b5351d4341609c6b51149761fb9faed343a4cb0513c8,78459594,2026-10-02T18:51:49Z,-381163,-887220,887220,36242436252173,36242436252173,0.191777,191777,theoretical_from_L_and_price,True,-381240,-381180,swap_no_boundary,,-368521,True,0,1,2,2,995400,0,,,cohort_bounded_60m,
0xf7c0ac1e2fccd6bfb180cd7563b4407564516d37d07f1c11ae489a01747f51e6,0x56248dff26c41897d0d891d72248ea00a00960e3,0x0000000000000000000000000000000000000000,0x56248dff26c41897d0d891d72248ea00a00960e3,0x0000000000000000000000000000000000000000,0,790000,60,0x0000000000000000000000000000000000000000,78460261,2026-10-02T18:52:56Z,0x2f0075ca93caa8322aab72769548b3bc6e6edc2ef3d4886b6a3c553ba942ec31,78460261,2026-10-02T18:52:56Z,195261,-887220,887220,694870570375253483,694870570375253483,0.000039999999999999,39999999999999,theoretical_from_L_and_price,True,195300,195360,no_swap,,,True,0,0,0,0,0,0,,,cohort_bounded_60m,
0xeaabdd95484ff7c83b900f90d7b2589c0f30866254d3557a570513d9dd843c81,0xb672e5d34bd5bc6110c896fa1b850e33d7478551,0x5fc5360d0400a0fd4f2af552add042d716f1d168,0xb672e5d34bd5bc6110c896fa1b850e33d7478551,0x5fc5360d0400a0fd4f2af552add042d716f1d168,0,880000,60,0x0000000000000000000000000000000000000000,78461751,2026-10-02T18:55:26Z,0xdd79e98fd169cbfb893d1c598d4e0099d18b72946f3164933a00c7df613bf8f0,78461751,2026-10-02T18:55:26Z,410427,-887220,887220,148689228757532,148689228757532,0.182137,182137,theoretical_from_L_and_price,True,410460,410520,interior_crossed_end_token_only,78461752,456481,True,1,1,1,1,0,9103629243662297959324075,,,cohort_bounded_60m,
0xdeecbf1c492b4ca2cd8559334115bf6e6598eb2331d92f02f77e96d3f319b838,0x3b634f64a8404b79ff77a1886d7023898d418157,0x3b634f64a8404b79ff77a1886d7023898d418157,0x5fc5360d0400a0fd4f2af552add042d716f1d168,0x5fc5360d0400a0fd4f2af552add042d716f1d168,1,700000,60,0x0000000000000000000000000000000000000000,78463605,2026-10-02T18:58:33Z,0xa3f29b35566c1ef0a8c636a191211ae088b710feb4e15d4b08007d1ec9c4348f,78463605,2026-10-02T18:58:33Z,-347228,-887220,887220,26013032388877,26013032388877,0.750971,750971,theoretical_from_L_and_price,True,-347340,-347280,no_swap,,,True,0,0,0,0,0,0,2026-10-02T20:44:11Z,2026-10-02T20:44:11Z,cohort_bounded_60m,
0x0f7b3dd029b2a6ee7a629eb735545a4d6e450fca86a3bc24a64ba6c1d3566519,0xfa43e84d5d710a9a8ef83ea84a0041c3148ec31b,0x0000000000000000000000000000000000000000,0xfa43e84d5d710a9a8ef83ea84a0041c3148ec31b,0x0000000000000000000000000000000000000000,0,883131,200,0x0000000000000000000000000000000000000000,78463867,2026-10-02T18:58:59Z,0xa28fa6c2dcdaca081d9cda34e1cb04948beddbda78ac87447f3b2610a1fda7fe,78463867,2026-10-02T18:58:59Z,197598,-887200,887200,23775127872732617330,23775127872732617330,0.001217699999999998,1217699999999998,theoretical_from_L_and_price,True,197600,197800,no_swap,,,True,0,0,0,0,0,0,,,cohort_bounded_60m,
0x7e7226ef67edfd0952ebdeffd60a5d17613520c56e1bf734f7870ff4827a8ef8,0x1c4b4e5fb9b03b0fbb389887ac0e5315fffa1e18,0x1c4b4e5fb9b03b0fbb389887ac0e5315fffa1e18,0x5fc5360d0400a0fd4f2af552add042d716f1d168,0x5fc5360d0400a0fd4f2af552add042d716f1d168,1,700000,60,0x0000000000000000000000000000000000000000,78464623,2026-10-02T19:00:15Z,0xa9b821405dad918051e8bdbe45eae6100eba5e15568fbbeb0a1d7c4e620d9620,78464623,2026-10-02T19:00:15Z,-418522,-887220,887220,367125021585335,367125021585335,0.300044,300044,theoretical_from_L_and_price,True,-418620,-418560,no_swap,,,True,0,0,0,0,0,0,2026-10-02T20:45:47Z,2026-10-02T20:45:47Z,cohort_bounded_60m,
0x08e3ec070e5568b8591795f345f938ac2b6d0893ce0b6f2b05a2847fd134d9fe,0x76c066aad8517609b7f2f5e19c4b4a878dca1e18,0x0000000000000000000000000000000000000000,0x76c066aad8517609b7f2f5e19c4b4a878dca1e18,0x0000000000000000000000000000000000000000,0,990000,9900,0x0000000000000000000000000000000000000000,78465447,2026-10-02T19:01:39Z,0x353e4dff868ac15e40e7941bf5a702476f4485aa1b69dc337947b8f32145a0b5,78465447,2026-10-02T19:01:39Z,184707,-881100,881100,2359480478624875090,2359480478624875090,0.000230226533695622,230226533695622,theoretical_from_L_and_price,True,188100,198000,no_swap,,,True,0,0,0,0,0,0,2026-10-02T19:03:19Z,2026-10-02T19:03:19Z,cohort_bounded_60m,2026-10-02T19:03:19Z
0x58d7975a61878f469a23aa228d99903cc7f1bef8b118cd4788828393262fbcaa,0x18e674231a58c239dc7daedcffe15ec3a24cff5c,0x0000000000000000000000000000000000000000,0x18e674231a58c239dc7daedcffe15ec3a24cff5c,0x0000000000000000000000000000000000000000,0,883131,200,0x0000000000000000000000000000000000000000,78465607,2026-10-02T19:01:55Z,0x9e2b295069a0f0c66d096e18754cdd69495435f20e671473e0f6571d436f75f7,78465607,2026-10-02T19:01:55Z,119920,-887200,887200,489149151867336767,489149151867336767,0.001217699999999999,1217699999999999,theoretical_from_L_and_price,True,120000,120200,no_swap,,,True,0,0,0,0,0,0,,,cohort_bounded_60m,
0x16aa281e713a91ab834e07eb31762827e3be37e4f370ce48a2ba64b7d59f6566,0xdeef18a77dde848a4eb067bb1b4746bc296f44f0,0x0000000000000000000000000000000000000000,0xdeef18a77dde848a4eb067bb1b4746bc296f44f0,0x0000000000000000000000000000000000000000,0,883131,200,0x0000000000000000000000000000000000000000,78465830,2026-10-02T19:02:18Z,0x0aab60601c5da8ec945848475f6b4294231d5c64fa853b55ac5ef7e18340ef57,78465830,2026-10-02T19:02:18Z,202442,-887200,887200,30290710517286097845,30290710517286097845,0.001217699999999998,1217699999999998,theoretical_from_L_and_price,True,202600,202800,no_swap,,,True,0,0,0,0,0,0,,,cohort_bounded_60m,
0xb3bd4876d35caa011b503837332d05dfa09fa76935499b97cc4489c564b4e00f,0xc60ba256b44334a0cd2c7242e98b88f031abb006,0x0000000000000000000000000000000000000000,0xc60ba256b44334a0cd2c7242e98b88f031abb006,0x0000000000000000000000000000000000000000,0,883131,200,0x0000000000000000000000000000000000000000,78467153,2026-10-02T19:04:30Z,0xed7bf02d2e1dddef81a92dd72fb8e6a3cd52f5a5d3d57a36d4c458595f55d724,78467153,2026-10-02T19:04:30Z,143272,-887200,887200,1572224448583349645,1572224448583349645,0.001217699999999999,1217699999999999,theoretical_from_L_and_price,True,143400,143600,no_swap,,,True,0,0,0,0,0,0,,,cohort_bounded_60m,
0x7b203994667969ec6b8c9dfc691efd969b60eafddad35de042b54f9c77c995ed,0x2886cc1c3f1dd68075309c3787bbe7ddda38960a,0x2886cc1c3f1dd68075309c3787bbe7ddda38960a,0x5fc5360d0400a0fd4f2af552add042d716f1d168,0x5fc5360d0400a0fd4f2af552add042d716f1d168,1,794500,7945,0x0000000000000000000000000000000000000000,78467920,2026-10-02T19:05:47Z,0x218027f3a6773e66c146bb1a5ce6e9f2f9fe41763c989857bc49533717de601b,78467920,2026-10-02T19:05:47Z,-363067,-881895,881895,80978693562249,80978693562249,1.058924,1058924,theoretical_from_L_and_price,True,-373415,-365470,no_swap,,,True,0,0,0,0,0,0,,,cohort_bounded_60m,
0xcf13fd5f356ed13de2cab182d47797903d83af7436f6d754d06b5eaa837d83c0,0x9161cdb8bd4c21375e85c3fe7a5ce74a6ba5da06,0x5fc5360d0400a0fd4f2af552add042d716f1d168,0x9161cdb8bd4c21375e85c3fe7a5ce74a6ba5da06,0x5fc5360d0400a0fd4f2af552add042d716f1d168,0,870000,60,0x0000000000000000000000000000000000000000,78467963,2026-10-02T19:05:52Z,0x38172aa7c168a59abced8b03c448314a985bc249f0543235885f28369c01e9a5,78467963,2026-10-02T19:05:52Z,370483,-887220,375000,545235934294626,545235934294626,0.994615,994615,theoretical_from_L_and_price,True,370500,370560,no_swap,,,False,0,0,0,0,0,0,2026-10-02T19:42:44Z,2026-10-02T20:40:54Z,cohort_bounded_60m,
0x520946ff22b0af3da0ef3fe79041cfbd84cf6a3c9bf950d476682b598d2b7a0d,0x9161cdb8bd4c21375e85c3fe7a5ce74a6ba5da06,0x0000000000000000000000000000000000000000,0x9161cdb8bd4c21375e85c3fe7a5ce74a6ba5da06,0x0000000000000000000000000000000000000000,0,860000,60,0x0000000000000000000000000000000000000000,78467998,2026-10-02T19:05:56Z,0x06b3eb1b44d399c0b94d08d48de87f9c280a55c32c4c8b779d3ced99750d4ea0,78467998,2026-10-02T19:05:56Z,173242,-887220,177840,10456985005309690346,10456985005309690346,0.000371690819550487,371690819550487,theoretical_from_L_and_price,True,173280,173340,no_swap,,,False,0,0,0,0,0,0,,,cohort_bounded_60m,
0xe56deb3faa13355404780f83233f6a51763dc1f14431229882927e4cbdf2a52e,0xe48d00360bcd976ef47550ccede36701fb6f1dcb,0x5fc5360d0400a0fd4f2af552add042d716f1d168,0xe48d00360bcd976ef47550ccede36701fb6f1dcb,0x5fc5360d0400a0fd4f2af552add042d716f1d168,0,885000,8850,0x0000000000000000000000000000000000000000,78469872,2026-10-02T19:09:05Z,0x3a8971214f07a8829e775bdc922cd6e4d70ad11d63446afc35a2ec698195d8ba,78469872,2026-10-02T19:09:05Z,354568,-885000,885000,32473202987743,32473202987743,0.649476,649476,theoretical_from_L_and_price,True,362850,371700,no_swap,,,True,0,0,0,0,0,0,,,cohort_bounded_60m,
0xba9737e36ee64b081ff1372d01866a8a0b24a4ef1b096ecdb57b745bf2685d53,0x7d9092ec0fcb6347d1c402e9c028f9a3228aa0c8,0x5fc5360d0400a0fd4f2af552add042d716f1d168,0x7d9092ec0fcb6347d1c402e9c028f9a3228aa0c8,0x5fc5360d0400a0fd4f2af552add042d716f1d168,0,992360,9924,0x0000000000000000000000000000000000000000,78470750,2026-10-02T19:10:31Z,0x12df3737b7ac664b44c1257c99ae99392387615e7c6038f4c91409b860e5cebd,78470750,2026-10-02T19:10:31Z,378649,-883236,883236,60760822146502,60760822146502,0.364565,364565,theoretical_from_L_and_price,True,387036,396960,no_swap,,,True,0,0,0,0,0,0,,,cohort_bounded_60m,
0x09cb5bec0754dbb1380489b6ee4c77ce69c6d6d90195603e701d919ecbf9ac8f,0x02533eb712f3f2925136653b4727e05fa0a7cc49,0x0000000000000000000000000000000000000000,0x02533eb712f3f2925136653b4727e05fa0a7cc49,0x0000000000000000000000000000000000000000,0,790000,60,0x0000000000000000000000000000000000000000,78471021,2026-10-02T19:10:59Z,0x1fdd197319e2f294eea387da01ade6e1317cd62b3188c8f8e3c4d676cece5fa2,78471021,2026-10-02T19:10:59Z,194797,-887220,887220,678932838610253675,678932838610253675,0.000039999999999999,39999999999999,theoretical_from_L_and_price,True,194820,194880,swap_no_boundary,,186623,True,6,7,7,7,96157699038535,0,,,cohort_bounded_60m,
0x43eac653543fe4ea4cce7a94f615486c8c22a18638507abf1ca6d3973a64251c,0x02533eb712f3f2925136653b4727e05fa0a7cc49,0x02533eb712f3f2925136653b4727e05fa0a7cc49,0x5fc5360d0400a0fd4f2af552add042d716f1d168,0x5fc5360d0400a0fd4f2af552add042d716f1d168,1,890000,60,0x0000000000000000000000000000000000000000,78472599,2026-10-02T19:13:38Z,0xdac8ca0e91751b254110cdb070da6881760ed982b7bc0e54d881e55b6f80819d,78472599,2026-10-02T19:13:38Z,-379021,-385740,887220,594652153395262,594652153395262,0.99939,999390,theoretical_from_L_and_price,True,-379140,-379080,no_swap,,,False,0,0,0,0,0,0,2026-10-02T20:43:11Z,2026-10-02T20:43:11Z,cohort_bounded_60m,
0x4cd5702df228647034683528ccc2717fe307868c4456a1d5609f5baed3e44f2a,0x02533eb712f3f2925136653b4727e05fa0a7cc49,0x0000000000000000000000000000000000000000,0x02533eb712f3f2925136653b4727e05fa0a7cc49,0x0000000000000000000000000000000000000000,0,860000,60,0x0000000000000000000000000000000000000000,78472631,2026-10-02T19:13:42Z,0x2fcdb9313f87148e8a46727c7bdaae50f05f5294905c5e22637f89b9fe81abf9,78472631,2026-10-02T19:13:42Z,179869,-887220,185340,12547339580708300678,12547339580708300678,0.000373133547573701,373133547573701,theoretical_from_L_and_price,True,179880,179940,no_swap,,,False,0,0,0,0,0,0,2026-10-02T20:43:22Z,2026-10-02T20:43:22Z,cohort_bounded_60m,
0x664a70371eea3d448007932a183679050d8122104163893c3acd8ebbe8978212,0x15da2596f4c21227185466066bf0f19d9d526b8a,0x0000000000000000000000000000000000000000,0x15da2596f4c21227185466066bf0f19d9d526b8a,0x0000000000000000000000000000000000000000,0,700000,7000,0x0000000000000000000000000000000000000000,78474138,2026-10-02T19:16:13Z,0xe0262a1c61919318a3f432522ba6a67793b89f03f5a8801d44b9f6e9a35c6b24,78474138,2026-10-02T19:16:13Z,183367,-882000,882000,1723835879423115429,1723835879423115429,0.000179858587129448,179858587129448,theoretical_from_L_and_price,True,189000,196000,no_swap,,,True,0,0,0,0,0,0,,,older_pool_history_missing_at_entry,
0xa29219cec89bf237803811ddf7954af2c66a67f9c589584df9abddbaa50ff352,0x12d2811c1e6319a4b614529506d69024170bfc43,0x12d2811c1e6319a4b614529506d69024170bfc43,0x5fc5360d0400a0fd4f2af552add042d716f1d168,0x5fc5360d0400a0fd4f2af552add042d716f1d168,1,850000,60,0x0000000000000000000000000000000000000000,78474375,2026-10-02T19:16:37Z,0xa99f2f1ddb7d72c24c95b09ab32e47ac793fc994a2fbb2d703e7df7c79d8a590,78474375,2026-10-02T19:16:37Z,-365085,-368280,887220,567885716760647,567885716760647,0.991421,991421,theoretical_from_L_and_price,True,-365160,-365100,interior_crossed_end_token_only,78475885,-368278,False,2,2,2,2,0,55489706103667814220330,,,cohort_bounded_60m,
0x64798c52c5f0521931301794afd05896e6d151c4f96e07f8200c83edf61b1115,0x12d2811c1e6319a4b614529506d69024170bfc43,0x0000000000000000000000000000000000000000,0x12d2811c1e6319a4b614529506d69024170bfc43,0x0000000000000000000000000000000000000000,0,883131,200,0x0000000000000000000000000000000000000000,78474394,2026-10-02T19:16:39Z,0x6af7d15011ba17b8d2746e9c604c7ac7c62f0d96e800e00360213f1411ef0eed,78474394,2026-10-02T19:16:39Z,163355,-887200,887200,4291294072105256313,4291294072105256313,0.001217699999999999,1217699999999999,theoretical_from_L_and_price,True,163400,163600,interior_crossed_end_token_only,78475884,183467,True,6,6,6,6,1750000000000,224663209916391871722259,,,cohort_bounded_60m,
0xfe50407018c9c864d1496ce03a918053ee60a0c89202db6faaa1911120938d89,0x42d3f262fb417b15c73c78ec0594695d452cb0e4,0x42d3f262fb417b15c73c78ec0594695d452cb0e4,0x5fc5360d0400a0fd4f2af552add042d716f1d168,0x5fc5360d0400a0fd4f2af552add042d716f1d168,1,854600,8546,0x0000000000000000000000000000000000000000,78474402,2026-10-02T19:16:40Z,0x72e8ce4cb87d5184670db0bf5c74661c86a2a7f6b6cb672bb908446153442cb9,78474402,2026-10-02T19:16:40Z,-388095,-880238,880238,67409634907120,67409634907120,0.252212,252212,theoretical_from_L_and_price,True,-401662,-393116,no_swap,,,True,0,0,0,0,0,0,,,cohort_bounded_60m,
0xa9db4eef3ff0979b1ca8f8b716ce13ef3dce81c755b123858b9302e01a2da645,0x12d2811c1e6319a4b614529506d69024170bfc43,0x0000000000000000000000000000000000000000,0x12d2811c1e6319a4b614529506d69024170bfc43,0x0000000000000000000000000000000000000000,0,830000,60,0x0000000000000000000000000000000000000000,78474434,2026-10-02T19:16:43Z,0xf0ce479071a35fbc94a78fd2322fe3b818f6f904a0489fe024f502290ad448a6,78474434,2026-10-02T19:16:43Z,166246,-887220,169020,11796537863995509135,11796537863995509135,0.000375138300816981,375138300816981,theoretical_from_L_and_price,True,166260,166320,interior_crossed_end_token_only,78475884,169019,False,2,2,2,2,0,42073456489117943711326,,,cohort_bounded_60m,
0x35f604412c8e7cc7bd64d7385f8cf042b0d495364515fa9bd1c9804f40ac8355,0x02533eb712f3f2925136653b4727e05fa0a7cc49,0x0000000000000000000000000000000000000000,0x02533eb712f3f2925136653b4727e05fa0a7cc49,0x0000000000000000000000000000000000000000,0,883131,200,0x0000000000000000000000000000000000000000,78476389,2026-10-02T19:20:00Z,0x93fe250f4564632183d3117fa1face352ee67c72069bc10afcd2f31211014f1d,78476389,2026-10-02T19:20:00Z,175257,-887200,887200,7780795954219411356,7780795954219411356,0.001217699999999999,1217699999999999,theoretical_from_L_and_price,True,175400,175600,no_swap,,,True,0,0,0,0,0,0,,,cohort_bounded_60m,
0xf258f03df088cbfef807aa582eeccbc63f789f724340c88819a841be2311c151,0x48d367e8a6cd6d467d3362f0f226c26ae534b1c0,0x0000000000000000000000000000000000000000,0x48d367e8a6cd6d467d3362f0f226c26ae534b1c0,0x0000000000000000000000000000000000000000,0,883131,200,0x0000000000000000000000000000000000000000,78476970,2026-10-02T19:20:59Z,0x02da409b75c0922edd407946791517759b815010861a03d147cbcb068429bdde,78476970,2026-10-02T19:20:59Z,181418,-887200,887200,10587728736803173527,10587728736803173527,0.001217699999999999,1217699999999999,theoretical_from_L_and_price,True,181600,181800,no_swap,,,True,0,0,0,0,0,0,,,older_pool_history_missing_at_entry,
0x329e1d9aa7478374b04839d2d2806718df8dfc4cd91fdbaaded94f2626ef3d03,0x12d2811c1e6319a4b614529506d69024170bfc43,0x12d2811c1e6319a4b614529506d69024170bfc43,0x5fc5360d0400a0fd4f2af552add042d716f1d168,0x5fc5360d0400a0fd4f2af552add042d716f1d168,1,820000,8200,0x0000000000000000000000000000000000000000,78478104,2026-10-02T19:22:52Z,0x706d1906cc2cf5dd9d6aaa0cb24be563f481a9c6d7232fdcd836ccdc2e412be0,78478104,2026-10-02T19:22:52Z,-403500,-885600,885600,6061792175347,6061792175347,0.010498,10498,theoretical_from_L_and_price,True,-418200,-410000,no_swap,,,True,0,0,0,0,0,0,,,cohort_bounded_60m,
0x549845a0d20e209be4d8155e61d76b7030a0e02a4c9f6eb8d4fc66acfe01f88f,0xe07119cdd031e8a2043c3c9c4f9c56f34e54a81e,0x0000000000000000000000000000000000000000,0xe07119cdd031e8a2043c3c9c4f9c56f34e54a81e,0x0000000000000000000000000000000000000000,0,790000,60,0x0000000000000000000000000000000000000000,78478220,2026-10-02T19:23:04Z,0x6b79a434a021f0e443cda4dfc9e005de0aca96855a85ca451ad2e34752fe238d,78478220,2026-10-02T19:23:04Z,193856,-887220,887220,647719511173744651,647719511173744651,0.000039999999999999,39999999999999,theoretical_from_L_and_price,True,193860,193920,swap_no_boundary,,193817,True,1,1,1,1,374430011399,0,,,cohort_bounded_60m,
0xcc4c1f5deeaeb022922fbf50fa7fe06f03f39a00a044b561adf23cffa87a6af9,0x385307be7df9b45f55f8be72e0cf8b36466813ee,0x0000000000000000000000000000000000000000,0x385307be7df9b45f55f8be72e0cf8b36466813ee,0x0000000000000000000000000000000000000000,0,883131,200,0x0000000000000000000000000000000000000000,78479859,2026-10-02T19:25:49Z,0x6165487e5468b5141a49d92c3915cbd9e0f902b64aab1c5a37d9c95dae12b15a,78479859,2026-10-02T19:25:49Z,190693,-887200,887200,16833688505242391707,16833688505242391707,0.001217699999999999,1217699999999999,theoretical_from_L_and_price,True,190800,191000,no_swap,,,True,0,0,0,0,0,0,,,cohort_bounded_60m,
0xae5a6cab0ac4740311221d8a42f8456bf8b5e521e0c0b08c7fb8c2b3995afa9c,0xb4ebf16f805c3e307242728c1aa3c1ee07e965f7,0x5fc5360d0400a0fd4f2af552add042d716f1d168,0xb4ebf16f805c3e307242728c1aa3c1ee07e965f7,0x5fc5360d0400a0fd4f2af552add042d716f1d168,0,700000,7000,0x0000000000000000000000000000000000000000,78480797,2026-10-02T19:27:25Z,0x7d055ef9ddd6b671f60b3492c28446e52a6ae284c9820a68a0140ea6328b132a,78480797,2026-10-02T19:27:25Z,371045,-882000,882000,60280983458637,60280983458637,0.528984,528984,theoretical_from_L_and_price,True,378000,385000,no_swap,,,True,0,0,0,0,0,0,,,pool_event_history_censored,
0x995912d70bd409135cd720a0d57fdfd4bdc51aade5482f36e49c665806076146,0xe07119cdd031e8a2043c3c9c4f9c56f34e54a81e,0x5fc5360d0400a0fd4f2af552add042d716f1d168,0xe07119cdd031e8a2043c3c9c4f9c56f34e54a81e,0x5fc5360d0400a0fd4f2af552add042d716f1d168,0,805600,8056,0x0000000000000000000000000000000000000000,78482692,2026-10-02T19:30:35Z,0x245f4a97edbc68e81673f0d8114f3edaa2716940fea9d488dd35a0a5579fcce6,78482692,2026-10-02T19:30:35Z,375982,-886160,886160,173190185176902,173190185176902,1.187369,1187369,theoretical_from_L_and_price,True,378632,386688,no_swap,,,True,0,0,0,0,0,0,,,cohort_bounded_60m,
0x9fc4dedac807349721bf11d01215a5937161ad55fe003e7fb0e9e4fab48672e9,0x061fa5ba6855dcadd93059d54bc5e3ba189fa300,0x061fa5ba6855dcadd93059d54bc5e3ba189fa300,0x5fc5360d0400a0fd4f2af552add042d716f1d168,0x5fc5360d0400a0fd4f2af552add042d716f1d168,1,920000,9200,0x0000000000000000000000000000000000000000,78483998,2026-10-02T19:32:46Z,0xa2b492f412a3f42fb74e1027c9765ff3d5371ba379b95cda651df849700c01f4,78483998,2026-10-02T19:32:46Z,-367850,-883200,883200,70166338270474,70166338270474,0.722381,722381,theoretical_from_L_and_price,True,-377200,-368000,no_swap,,,True,0,0,0,0,0,0,2026-10-02T19:47:59Z,2026-10-02T19:47:59Z,cohort_bounded_60m,2026-10-02T19:47:59Z
0x81c174e34d11a1fb08dddcd6f33168a23f4c163a40207ddc1455ef18e4f2f6d2,0x061fa5ba6855dcadd93059d54bc5e3ba189fa300,0x061fa5ba6855dcadd93059d54bc5e3ba189fa300,0x5fc5360d0400a0fd4f2af552add042d716f1d168,0x5fc5360d0400a0fd4f2af552add042d716f1d168,1,850000,8500,0x0000000000000000000000000000000000000000,78484124,2026-10-02T19:32:59Z,0x8e25518ffb0d62e23777ac5e64a5df38283fc0f8e4be1d37592e15469c4f3a2d,78484124,2026-10-02T19:32:59Z,-365506,-884000,884000,33686008249418,33686008249418,0.389927,389927,theoretical_from_L_and_price,True,-382500,-374000,no_swap,,,True,0,0,0,0,0,0,,,cohort_bounded_60m,2026-10-02T19:47:59Z
0xdf498bd158e30d393ac7f4af1708e0d6ba1ee0cd58ee1fe2ef3b1fff5b21bff1,0xe63f58e567187272c1169007bc67fa1733b0bfe0,0x0000000000000000000000000000000000000000,0xe63f58e567187272c1169007bc67fa1733b0bfe0,0x0000000000000000000000000000000000000000,0,883131,200,0x0000000000000000000000000000000000000000,78485899,2026-10-02T19:35:57Z,0xddc048993309df709af825d2c060ffa0c1c336f8bb23cf02a5fb8f087f02dd87,78485899,2026-10-02T19:35:57Z,201394,-887200,887200,28744312036929409666,28744312036929409666,0.001217699999999998,1217699999999998,theoretical_from_L_and_price,True,201400,201600,no_swap,,,True,0,0,0,0,0,0,,,cohort_bounded_60m,
0x7152309aef4182d61cd2871351b57d0a379c9878417963c623603570164fc24d,0x1169b994d2b0b264243a0dd72015293bd4192dea,0x1169b994d2b0b264243a0dd72015293bd4192dea,0x5fc5360d0400a0fd4f2af552add042d716f1d168,0x5fc5360d0400a0fd4f2af552add042d716f1d168,1,909300,9093,0x0000000000000000000000000000000000000000,78486138,2026-10-02T19:36:21Z,0xb7033ca65417a8e2b44a9340ba911dabe2a720414c1ee1608028db282fdb371e,78486138,2026-10-02T19:36:21Z,-414487,-882021,882021,569847360393236,569847360393236,0.569819,569819,theoretical_from_L_and_price,True,-427371,-418278,swap_no_boundary,,-418090,True,0,1,1,1,0,1241073969458953586156435,,,older_pool_history_missing_at_entry,
0xcc67180cc27f32218e926b0c1f54d04b439745b02b4ccdf07ab6774af6d493fa,0xef2edf46742057ab999518244921cc9b7e420a44,0x5fc5360d0400a0fd4f2af552add042d716f1d168,0xef2edf46742057ab999518244921cc9b7e420a44,0x5fc5360d0400a0fd4f2af552add042d716f1d168,0,880500,8805,0x0000000000000000000000000000000000000000,78486473,2026-10-02T19:36:55Z,0x587bbab6d07675a7810de49dcd3fd52ead99bfed9ce35fff46334bbc9b6c6732,78486473,2026-10-02T19:36:55Z,372437,-880500,880500,117376182918829,117376182918829,0.960765,960765,theoretical_from_L_and_price,True,378615,387420,no_swap,,,True,0,0,0,0,0,0,,,cohort_bounded_60m,
0x04993bf890b459a70334704ae7b8bb9437b2773c3eb32a79482b258031095b79,0x4509dc703b42b548297134f4b486c47e27e03ec3,0x0000000000000000000000000000000000000000,0x4509dc703b42b548297134f4b486c47e27e03ec3,0x0000000000000000000000000000000000000000,0,790000,60,0x0000000000000000000000000000000000000000,78486475,2026-10-02T19:36:56Z,0x8ca4561795c244712fe9598f398de9fe73fd18d24375a3bc17a61eef72cc1fa3,78486475,2026-10-02T19:36:56Z,194848,-887220,887220,680656031974940799,680656031974940799,0.000039999999999999,39999999999999,theoretical_from_L_and_price,True,194880,194940,no_swap,,,True,0,0,0,0,0,0,,,cohort_bounded_60m,
0x9de80c6ed44de62576bf247a5d917962bebbb28be3f9cef22bddbe45961a0b42,0x1169b994d2b0b264243a0dd72015293bd4192dea,0x1169b994d2b0b264243a0dd72015293bd4192dea,0x5fc5360d0400a0fd4f2af552add042d716f1d168,0x5fc5360d0400a0fd4f2af552add042d716f1d168,1,700000,7000,0x0000000000000000000000000000000000000000,78488612,2026-10-02T19:40:31Z,0x7103cfd2ee6667ba3ac960da0a731f854f190ec24aaaa60cf126764905c65471,78488612,2026-10-02T19:40:31Z,-433459,-882000,882000,2336046006533797,2336046006533797,0.904709,904709,theoretical_from_L_and_price,True,-441000,-434000,swap_no_boundary,,-425104,True,5,6,13,14,6906857,20763190102460293990945618,2026-10-02T19:49:24Z,2026-10-02T19:49:24Z,older_pool_history_missing_at_entry,
0x5be548fae48498b79600d222cc6c258e507a9942514d65273c40251a6b06de34,0xadd31c4bfe03b0f1116e5bf074c5835142440a11,0x5fc5360d0400a0fd4f2af552add042d716f1d168,0xadd31c4bfe03b0f1116e5bf074c5835142440a11,0x5fc5360d0400a0fd4f2af552add042d716f1d168,0,901000,9010,0x0000000000000000000000000000000000000000,78491813,2026-10-02T19:45:53Z,0x42013b546cbfd3115f5a09cdf597c4a78a5649e3ca0429cd292ba600e5ac9736,78491813,2026-10-02T19:45:53Z,342330,324360,342380,165037851821160,165037851821160,0.015195,15195,theoretical_from_L_and_price,True,342380,351390,no_swap,,,False,0,0,0,0,0,0,,,cohort_bounded_60m,
0x1f551fb95a8844bf0f991f15c736098b52e2c2dbb767424f295ea9451df651e3,0x87dc0e39273570cd0927e0c6591d9c26804ac5a2,0x0000000000000000000000000000000000000000,0x87dc0e39273570cd0927e0c6591d9c26804ac5a2,0x0000000000000000000000000000000000000000,0,883131,200,0x0000000000000000000000000000000000000000,78491989,2026-10-02T19:46:11Z,0x6dfcda6614d6756097cecf7ce90058537a7207a53a345728b20dcecad9879e9d,78491989,2026-10-02T19:46:11Z,194090,-887200,887200,19950660070164379129,19950660070164379129,0.001217699999999998,1217699999999998,theoretical_from_L_and_price,True,194200,194400,swap_no_boundary,,194080,True,1,1,1,1,5593035584350,0,,,cohort_bounded_60m,
0xaa90b8d5798a159d76268f3b626a08d2282bfc427609b9b644b888c5d42354e2,0x7de5320e55a8241a4e3af4711425ae408ca1cc94,0x5fc5360d0400a0fd4f2af552add042d716f1d168,0x7de5320e55a8241a4e3af4711425ae408ca1cc94,0x5fc5360d0400a0fd4f2af552add042d716f1d168,0,700000,7000,0x0000000000000000000000000000000000000000,78492770,2026-10-02T19:47:30Z,0x616998109d6e6792cd258f6f424a4ec9f44bf2a1fc83da5881c0126a012431f7,78492770,2026-10-02T19:47:30Z,368233,-882000,882000,8344051610718,8344051610718,0.084274,84274,theoretical_from_L_and_price,True,371000,378000,no_swap,,,True,0,0,0,0,0,0,,,cohort_bounded_60m,
0x855d7dcc8d5a771205746ecff6ad02f336680611914e578a576a5e200f5ff896,0xadd31c4bfe03b0f1116e5bf074c5835142440a11,0x5fc5360d0400a0fd4f2af552add042d716f1d168,0xadd31c4bfe03b0f1116e5bf074c5835142440a11,0x5fc5360d0400a0fd4f2af552add042d716f1d168,0,860000,8600,0x0000000000000000000000000000000000000000,78493460,2026-10-02T19:48:38Z,0xc10ec3f9d88f2f8ed8b3b0238dae6e84411685b06f4384a223b4915f1507b403,78493460,2026-10-02T19:48:38Z,377595,-885800,885800,120174578946673,120174578946673,0.760065,760065,theoretical_from_L_and_price,True,378400,387000,no_swap,,,True,0,0,0,0,0,0,,,pool_event_history_censored,
0x67ef1208b1178fcb61c17b0a4033f9dd362b061501f2da532bf7a1b934523e9f,0x1169b994d2b0b264243a0dd72015293bd4192dea,0x1169b994d2b0b264243a0dd72015293bd4192dea,0x5fc5360d0400a0fd4f2af552add042d716f1d168,0x5fc5360d0400a0fd4f2af552add042d716f1d168,1,770000,7700,0x0000000000000000000000000000000000000000,78493748,2026-10-02T19:49:08Z,0x3478fd1dcd366c5a393d46b1158cf7b2b8cc802a75fdd32488900178668463ac,78493748,2026-10-02T19:49:08Z,-432207,-885500,885500,1023387980420165,1023387980420165,0.421942,421942,theoretical_from_L_and_price,True,-446600,-438900,swap_no_boundary,,-424237,True,1,1,1,1,898199,0,2026-10-02T19:50:44Z,2026-10-02T19:50:44Z,older_pool_history_missing_at_entry,
0x47e88871d446e6ea23d736cf933f80b69034a2b9d9ae84dfa4e74321fb75606b,0x518867dc98541547ebc5383f00e954d837967e18,0x0000000000000000000000000000000000000000,0x518867dc98541547ebc5383f00e954d837967e18,0x0000000000000000000000000000000000000000,0,883131,200,0x0000000000000000000000000000000000000000,78495227,2026-10-02T19:51:37Z,0x3c4d72b28537188a2c525f658311263541b4184be2c9f4a34a06ebe358a5ac1f,78495227,2026-10-02T19:51:37Z,198521,-887200,887200,24897592556588384641,24897592556588384641,0.001217699999999998,1217699999999998,theoretical_from_L_and_price,True,198600,198800,no_swap,,,True,0,0,0,0,0,0,,,cohort_bounded_60m,
0x8b1090da6f4361d79b2e080403a481a35e3098a15b3767174348771a6432a5c4,0xe03945c5ef1526add17c2ed04a69c4dd0c511ded,0x0000000000000000000000000000000000000000,0xe03945c5ef1526add17c2ed04a69c4dd0c511ded,0x0000000000000000000000000000000000000000,0,883131,200,0x0000000000000000000000000000000000000000,78500529,2026-10-02T20:00:32Z,0xedc206b1d70b440bc922b7892cb7e33ad47e54db67c73566e226e9fc649f36ba,78500529,2026-10-02T20:00:32Z,197506,-887200,887200,23665540645245336727,23665540645245336727,0.001217699999999998,1217699999999998,theoretical_from_L_and_price,True,197600,197800,no_swap,,,True,0,0,0,0,0,0,,,cohort_bounded_60m,
0x580cedde89a81186741f4b456ad467ff05ada900611a976e25635b8969381712,0x0cb329075d2e8373e7397560d7746f9cc84f3d7e,0x0cb329075d2e8373e7397560d7746f9cc84f3d7e,0x5fc5360d0400a0fd4f2af552add042d716f1d168,0x5fc5360d0400a0fd4f2af552add042d716f1d168,1,920000,9200,0x0000000000000000000000000000000000000000,78505231,2026-10-02T20:08:25Z,0xc1e300e1bbb98a5d958201a5e4c3f44cfd4e1d40e94e8f595748efd95d5bed31,78505231,2026-10-02T20:08:25Z,-388836,-883200,883200,595868684838353,595868684838353,2.148355,2148355,theoretical_from_L_and_price,True,-404800,-395600,no_swap,,,True,0,0,0,0,0,0,2026-10-02T20:46:09Z,2026-10-02T20:46:09Z,pool_event_history_censored,
0x887d04e6dd35641ecf4d20b2d86d75b18d5e11935f205eb60aa5f7d626556282,0x78014242c492d7fdbc859cce7493d9e8c37db003,0x5fc5360d0400a0fd4f2af552add042d716f1d168,0x78014242c492d7fdbc859cce7493d9e8c37db003,0x5fc5360d0400a0fd4f2af552add042d716f1d168,0,701000,7010,0x0000000000000000000000000000000000000000,78505608,2026-10-02T20:09:03Z,0xfc16c2e37fdd134cfdf3c6a18d9c8325f6193d1f50c95bc4432fde167351c8a5,78505608,2026-10-02T20:09:03Z,414486,-883260,883260,218980565803953,218980565803953,0.21898,218980,theoretical_from_L_and_price,True,420600,427610,no_swap,,,True,0,0,0,0,0,0,2026-10-02T20:22:01Z,2026-10-02T20:22:01Z,cohort_bounded_60m,2026-10-02T20:22:01Z
0xd4807e045205f05c50d7167c9cd4806a7d8f911c47209076413f57dde9deab32,0x4e586bf86c129e0fab68b59cd46d385efaace38a,0x4e586bf86c129e0fab68b59cd46d385efaace38a,0x5fc5360d0400a0fd4f2af552add042d716f1d168,0x5fc5360d0400a0fd4f2af552add042d716f1d168,1,900000,9000,0x0000000000000000000000000000000000000000,78506381,2026-10-02T20:10:21Z,0xbdf9d3ab0bdf8059581f0f6337ffe0887adc40754761a3c12df7af4766a51563,78506381,2026-10-02T20:10:21Z,-400623,-882000,882000,406731641943616,406731641943616,0.813438,813438,theoretical_from_L_and_price,True,-414000,-405000,no_swap,,,True,0,0,0,0,0,0,,,cohort_bounded_60m,
0x3df39bb41232831eff9f556a569c4ed9bac5dfdcd4c28a4ee72441c457b7220a,0xb71463fbe6a6edef8d9d8cb0ccb5ab84cd0a353e,0x0000000000000000000000000000000000000000,0xb71463fbe6a6edef8d9d8cb0ccb5ab84cd0a353e,0x0000000000000000000000000000000000000000,0,900000,9000,0x0000000000000000000000000000000000000000,78507066,2026-10-02T20:11:30Z,0x3300e5928556b0ebcbc3b24bd022662dfb8c9fb7aad2f8813e203b1dd69d337b,78507066,2026-10-02T20:11:30Z,184216,-882000,882000,511791259379180565,511791259379180565,0.000051179171040863,51179171040863,theoretical_from_L_and_price,True,189000,198000,no_swap,,,True,0,0,0,0,0,0,,,cohort_bounded_60m,
0x4eb31854c82cabbffda1a0b15c557501beaf0c31821e47820bc3bf18e8cce826,0x597b958dc21be9fe239b5b6b707418dff83d8279,0x597b958dc21be9fe239b5b6b707418dff83d8279,0x5fc5360d0400a0fd4f2af552add042d716f1d168,0x5fc5360d0400a0fd4f2af552add042d716f1d168,1,920000,9200,0x0000000000000000000000000000000000000000,78509929,2026-10-02T20:16:19Z,0xfea0389f41675841c4b72ef18c337b5cdf4fd4ccd70ed49ea292793375e674b1,78509929,2026-10-02T20:16:19Z,-368533,-883200,883200,39537783228229,39537783228229,0.393386,393386,theoretical_from_L_and_price,True,-386400,-377200,no_swap,,,True,0,0,0,0,0,0,,,cohort_bounded_60m,
0x71f20b0de7885867a5d5986b80aef1db7eea4baa432082775e6b7e4391a451d5,0x1510b83d3b545d74e786f616cf0909a40e956775,0x1510b83d3b545d74e786f616cf0909a40e956775,0x5fc5360d0400a0fd4f2af552add042d716f1d168,0x5fc5360d0400a0fd4f2af552add042d716f1d168,1,991000,9910,0x0000000000000000000000000000000000000000,78509943,2026-10-02T20:16:20Z,0xc01b74900f1c47b15a58fea385151f9620cca6b4a4794b0e2f8ed524e9af57a0,78509943,2026-10-02T20:16:20Z,-380473,-881990,881990,547739939649511,547739939649511,2.999999,2999999,theoretical_from_L_and_price,True,-396400,-386490,no_swap,,,True,0,0,0,0,0,0,,,older_pool_history_missing_at_entry,
0x52d847be94782eee2e6816848b5064a6b596e30ecf723bb9ffc2d3cfc15188a7,0xde7fdc32ebca4795a1634c91d4f1d42c641703b9,0x5fc5360d0400a0fd4f2af552add042d716f1d168,0xde7fdc32ebca4795a1634c91d4f1d42c641703b9,0x5fc5360d0400a0fd4f2af552add042d716f1d168,0,701000,7010,0x0000000000000000000000000000000000000000,78510563,2026-10-02T20:17:23Z,0x9262445ca8c1ca78177e9cbc445446e9a00be771bf817a3dce86268633d602f2,78510563,2026-10-02T20:17:23Z,414486,-883260,883260,13814972607585,13814972607585,0.013814,13814,theoretical_from_L_and_price,True,420600,427610,swap_no_boundary,,356684,True,3,5,15,21,7191822,0,2026-10-02T21:03:52Z,2026-10-02T21:07:48Z,cohort_bounded_60m,2026-10-02T21:07:57Z
0x1cf674cc6c969a0f74f09de1e31243b0d9fc740d8b88792cc57378d58fe5047a,0xb71463fbe6a6edef8d9d8cb0ccb5ab84cd0a353e,0x5fc5360d0400a0fd4f2af552add042d716f1d168,0xb71463fbe6a6edef8d9d8cb0ccb5ab84cd0a353e,0x5fc5360d0400a0fd4f2af552add042d716f1d168,0,989998,9900,0x0000000000000000000000000000000000000000,78510601,2026-10-02T20:17:27Z,0x6f8025827fddc3be1949980fc95c2b9a5f5c5d6ffa30b84b817aa938dc1e54e8,78510601,2026-10-02T20:17:27Z,392512,-881100,881100,64880077878368,64880077878368,0.194646,194646,theoretical_from_L_and_price,True,396000,405900,no_swap,,,True,0,0,0,0,0,0,,,cohort_bounded_60m,
0xf7d36d4b322f3037a39b2cfd66bc66f74fcb54d0dfc623e89c66dfd2678ac4fc,0x0254207ea6658a8f9daf1eae0c120796b317ded6,0x0254207ea6658a8f9daf1eae0c120796b317ded6,0x5fc5360d0400a0fd4f2af552add042d716f1d168,0x5fc5360d0400a0fd4f2af552add042d716f1d168,1,989998,9900,0x0000000000000000000000000000000000000000,78511051,2026-10-02T20:18:13Z,0xbc678c22b457a641876fbc85e66bd4a5d44e4de14b31c09c17290212976f2db1,78511051,2026-10-02T20:18:13Z,-391460,-881100,881100,62872267805095,62872267805095,0.198809,198809,theoretical_from_L_and_price,True,-405900,-396000,no_swap,,,True,0,0,0,0,0,0,,,cohort_bounded_60m,
0xd2fda1eb0134194f7ac14867770758e31539f115a3f9d76f323a299c0ede68ad,0x47aba163aa665d6c37683a8da5c41fc8da37bda4,0x47aba163aa665d6c37683a8da5c41fc8da37bda4,0x5fc5360d0400a0fd4f2af552add042d716f1d168,0x5fc5360d0400a0fd4f2af552add042d716f1d168,1,870000,8700,0x0000000000000000000000000000000000000000,78511332,2026-10-02T20:18:42Z,0xf1b5592c093328a692377564c748d51507761f31680fa2b0bc6bf2e68c732ec3,78511332,2026-10-02T20:18:42Z,-375364,-878700,878700,926733999902060,926733999902060,6.55295,6552950,theoretical_from_L_and_price,True,-391500,-382800,no_swap,,,True,0,0,0,0,0,0,,,cohort_bounded_60m,
0x9c6840af29a60af36e21758bb837527f8fee3b868e053f4a58077d1f22d86b97,0xabb8072260759e80e0adca24c95ffb1c5875de4c,0x0000000000000000000000000000000000000000,0xabb8072260759e80e0adca24c95ffb1c5875de4c,0x0000000000000000000000000000000000000000,0,790000,60,0x0000000000000000000000000000000000000000,78511486,2026-10-02T20:18:58Z,0xd2996f04f4ac27581e394fb4c43bf1acde194820f2dbf260d9e2030028b7f591,78511486,2026-10-02T20:18:58Z,195547,-887220,887220,704878517864119383,704878517864119383,0.000039999999999999,39999999999999,theoretical_from_L_and_price,True,195600,195660,no_swap,,,True,0,0,0,0,0,0,,,cohort_bounded_60m,
0xb468a350ce069a015640d9ca9cbbf77efce50083e5d6763437a3e5b17b90eb0e,0xabb8072260759e80e0adca24c95ffb1c5875de4c,0x5fc5360d0400a0fd4f2af552add042d716f1d168,0xabb8072260759e80e0adca24c95ffb1c5875de4c,0x5fc5360d0400a0fd4f2af552add042d716f1d168,0,989998,9900,0x0000000000000000000000000000000000000000,78511567,2026-10-02T20:19:06Z,0x3a3bf41760872baa112d94aa51250d1419a289cf79a659a5680aae16adab4d42,78511567,2026-10-02T20:19:06Z,387404,-881100,881100,64208568547389,64208568547389,0.24868,248680,theoretical_from_L_and_price,True,396000,405900,no_swap,,,True,0,0,0,0,0,0,,,cohort_bounded_60m,
0xaf7d4821564befcd28342ace4bf6f97bd19f0df0ac8a356e13da7117b6a64789,0x8110f66619a8debe0faaebe5cef3b9268eb31149,0x5fc5360d0400a0fd4f2af552add042d716f1d168,0x8110f66619a8debe0faaebe5cef3b9268eb31149,0x5fc5360d0400a0fd4f2af552add042d716f1d168,0,870000,8700,0x0000000000000000000000000000000000000000,78511859,2026-10-02T20:19:35Z,0xfc468be493fcfa6d029f93a078c68638cfd8a3185ad14a03c4e24086f5f5a16a,78511859,2026-10-02T20:19:35Z,379220,-878700,878700,583114720672301,583114720672301,3.400227,3400227,theoretical_from_L_and_price,True,382800,391500,no_swap,,,True,0,0,0,0,0,0,,,older_pool_history_missing_at_entry,
0xf6b79dedbe377d6c80c404cdb3386e86c7b75b213884385b2e9fd0af0a6fcefb,0xadd31c4bfe03b0f1116e5bf074c5835142440a11,0x5fc5360d0400a0fd4f2af552add042d716f1d168,0xadd31c4bfe03b0f1116e5bf074c5835142440a11,0x5fc5360d0400a0fd4f2af552add042d716f1d168,0,899050,8991,0x0000000000000000000000000000000000000000,78511926,2026-10-02T20:19:42Z,0x3f201a6461758fd6d3b880d5447beec526fb7dcdd16746ca23636c0f95d27c0d,78511926,2026-10-02T20:19:42Z,371998,-881118,881118,75604848127175,75604848127175,0.632585,632585,theoretical_from_L_and_price,True,377622,386613,no_swap,,,True,0,0,0,0,0,0,,,pool_event_history_censored,
0xc9c08ae81e23e552ec6c3eb8871342dba86fb6fe44c0a18d72868b58cdb75a79,0x9054f4a5f98e32fab4d7d7e12926a1ea7fd14d9f,0x5fc5360d0400a0fd4f2af552add042d716f1d168,0x9054f4a5f98e32fab4d7d7e12926a1ea7fd14d9f,0x5fc5360d0400a0fd4f2af552add042d716f1d168,0,989999,9900,0x0000000000000000000000000000000000000000,78512458,2026-10-02T20:20:34Z,0xfa7f3df6f3a47153d89bda5646edfd76ff486f74766ebaf29d3892c55ab7cb3f,78512458,2026-10-02T20:20:34Z,403499,-881100,881100,32238069371432,32238069371432,0.055838,55838,theoretical_from_L_and_price,True,405900,415800,swap_no_boundary,,402306,True,0,0,1,2,343418,0,,,cohort_bounded_60m,
0xb3214bc9b4fe037e3e0cfaf095a306439d3330d3dc1ee3e1fbd21b6f763ffb78,0xbd24a53a0906b347f7c7f05e2e224d114344ff00,0x5fc5360d0400a0fd4f2af552add042d716f1d168,0xbd24a53a0906b347f7c7f05e2e224d114344ff00,0x5fc5360d0400a0fd4f2af552add042d716f1d168,0,989999,9900,0x0000000000000000000000000000000000000000,78512849,2026-10-02T20:21:14Z,0x68ed2dbd63e1267ff4c9f4bd951eaffac5294dce20729f95b743e6e1e8a4c83a,78512849,2026-10-02T20:21:14Z,403499,-881100,881100,53057514913137,53057514913137,0.091899,91899,theoretical_from_L_and_price,True,405900,415800,no_swap,,,True,0,0,0,0,0,0,,,cohort_bounded_60m,
0x10f440e8e8bef8e4ed67c8b030723f4866d6c90db616fa6b60ad2a417cb11e27,0xb0e2702be899452dcdb149ee989276542e36be2f,0x5fc5360d0400a0fd4f2af552add042d716f1d168,0xb0e2702be899452dcdb149ee989276542e36be2f,0x5fc5360d0400a0fd4f2af552add042d716f1d168,0,989999,9900,0x0000000000000000000000000000000000000000,78513536,2026-10-02T20:22:23Z,0x5cba0f5861512882da2319f8660d1cdc5c82a6f57c30b04e7e01e7938badbf0b,78513536,2026-10-02T20:22:23Z,403499,-881100,881100,35474635515100,35474635515100,0.061444,61444,theoretical_from_L_and_price,True,405900,415800,no_swap,,,True,0,0,0,0,0,0,,,cohort_bounded_60m,
0xc4b6cc845a0cd8e81d528e6350b9a2905fdd56cd45f89d7c2d2bab95473d0030,0x88bf2660be6492844daa1a0c0a6c6ece0637e931,0x5fc5360d0400a0fd4f2af552add042d716f1d168,0x88bf2660be6492844daa1a0c0a6c6ece0637e931,0x5fc5360d0400a0fd4f2af552add042d716f1d168,0,989998,9900,0x0000000000000000000000000000000000000000,78513617,2026-10-02T20:22:32Z,0x3b3a95311e0f8934b5f4b1b14d5af975d957134aeed5003fe1e85d1f9d46339a,78513617,2026-10-02T20:22:32Z,398390,-881100,881100,76930862945424,76930862945424,0.172029,172029,theoretical_from_L_and_price,True,405900,415800,no_swap,,,True,0,0,0,0,0,0,,,cohort_bounded_60m,
0xb486d976a1fd0566caa42f69f04ef7c385da5d72eb073bdad8b2d2c8ac2bcea1,0xbd24a53a0906b347f7c7f05e2e224d114344ff00,0x0000000000000000000000000000000000000000,0xbd24a53a0906b347f7c7f05e2e224d114344ff00,0x0000000000000000000000000000000000000000,0,790000,60,0x0000000000000000000000000000000000000000,78513892,2026-10-02T20:22:59Z,0x1f12250f79dadab031a860051e9c2153e9530f78ea3c2f4ec4128d9ff74870cc,78513892,2026-10-02T20:22:59Z,194995,-887220,887220,685684672030448697,685684672030448697,0.000039999999999999,39999999999999,theoretical_from_L_and_price,True,195000,195060,no_swap,,,True,0,0,0,0,0,0,,,cohort_bounded_60m,
0x12f1eb6aed67d24de4a03493601fec13af6b030bad71d930db55e37818bf30c1,0x47aba163aa665d6c37683a8da5c41fc8da37bda4,0x47aba163aa665d6c37683a8da5c41fc8da37bda4,0x5fc5360d0400a0fd4f2af552add042d716f1d168,0x5fc5360d0400a0fd4f2af552add042d716f1d168,1,770000,7700,0x0000000000000000000000000000000000000000,78514262,2026-10-02T20:23:37Z,0x26a81d8c87f6abac6c25c3d252f7c65fc1f124590c159c5729dd79cd2b61d72d,78514262,2026-10-02T20:23:37Z,-382704,-885500,885500,393285060383254,393285060383254,1.926686,1926686,theoretical_from_L_and_price,True,-392700,-385000,no_swap,,,True,0,0,0,0,0,0,,,cohort_bounded_60m,
0xc3986318f7129684628a8921e6606b36f46931bb8431835a724d3ecbb3484c95,0x49eab8438f69d21096dfffc76738e37dc92cb3ae,0x49eab8438f69d21096dfffc76738e37dc92cb3ae,0x5fc5360d0400a0fd4f2af552add042d716f1d168,0x5fc5360d0400a0fd4f2af552add042d716f1d168,1,989999,9900,0x0000000000000000000000000000000000000000,78514954,2026-10-02T20:24:47Z,0xb39d4c66c9bc6ad6ae72ca3bcc4f23534f7a57b245d4a8a15e5820069245308d,78514954,2026-10-02T20:24:47Z,-403500,-881100,881100,45291096809889,45291096809889,0.078443,78443,theoretical_from_L_and_price,True,-415800,-405900,no_swap,,,True,0,0,0,0,0,0,,,cohort_bounded_60m,
0x71d4a6c6cf4e59d8af086b9e6bd81c70a4dacb8115c8d6cd209ac32883022bc7,0xcbbf08ab3d5fc726b2918f2747b8be11e8b294ea,0x5fc5360d0400a0fd4f2af552add042d716f1d168,0xcbbf08ab3d5fc726b2918f2747b8be11e8b294ea,0x5fc5360d0400a0fd4f2af552add042d716f1d168,0,989999,9900,0x0000000000000000000000000000000000000000,78515452,2026-10-02T20:25:37Z,0x3757625eef37c58d6b0d6b1d211df45a5e875f57d6e3aae01108392028781311,78515452,2026-10-02T20:25:37Z,403499,-881100,881100,41108315934277,41108315934277,0.071202,71202,theoretical_from_L_and_price,True,405900,415800,no_swap,,,True,0,0,0,0,0,0,,,cohort_bounded_60m,
0x2fc2d382d56b9a8471fd1d5b3d0b5ccd00e7a0451b3f977045cc97933ea5925a,0x93c9c43bb887958c4caa35c2ea9fc626332cc97c,0x5fc5360d0400a0fd4f2af552add042d716f1d168,0x93c9c43bb887958c4caa35c2ea9fc626332cc97c,0x5fc5360d0400a0fd4f2af552add042d716f1d168,0,700000,7000,0x0000000000000000000000000000000000000000,78515910,2026-10-02T20:26:22Z,0x6ea8accd5159aeb028cf4eeabe1f68876695a8cfc79351cdc68788a1b89d2be6,78515910,2026-10-02T20:26:22Z,395025,-882000,882000,677508685382253,677508685382253,1.792605,1792605,theoretical_from_L_and_price,True,399000,406000,no_swap,,,True,0,0,0,0,0,0,,,older_pool_history_missing_at_entry,
0x0ddf4dff6b279294fbd1c597060b1c6d4e9a0bec34903538622eb02872977669,0x2e44c8057ef02da97ca48e88e7de430f26dddb1f,0x2e44c8057ef02da97ca48e88e7de430f26dddb1f,0x5fc5360d0400a0fd4f2af552add042d716f1d168,0x5fc5360d0400a0fd4f2af552add042d716f1d168,1,989999,9900,0x0000000000000000000000000000000000000000,78516021,2026-10-02T20:26:34Z,0xbd3fa41c25ae016fad514e7a43dba9c46a7696c8acf64385fc00a653509fab10,78516021,2026-10-02T20:26:34Z,-407555,-881100,881100,60445133862378,60445133862378,0.085478,85478,theoretical_from_L_and_price,True,-425700,-415800,no_swap,,,True,0,0,0,0,0,0,,,cohort_bounded_60m,
0x2c9f063275a541375e11f0589c7b808762244810da3b22c2544cc5c002eb0f00,0x87dc0e39273570cd0927e0c6591d9c26804ac5a2,0x5fc5360d0400a0fd4f2af552add042d716f1d168,0x87dc0e39273570cd0927e0c6591d9c26804ac5a2,0x5fc5360d0400a0fd4f2af552add042d716f1d168,0,989999,9900,0x0000000000000000000000000000000000000000,78516376,2026-10-02T20:27:10Z,0x5253eba504441541339152f1c59bb4df9424267f2709ba5b2ba068049e0dccf9,78516376,2026-10-02T20:27:10Z,407554,-881100,881100,72440874050925,72440874050925,0.102447,102447,theoretical_from_L_and_price,True,415800,425700,no_swap,,,True,0,0,0,0,0,0,,,cohort_bounded_60m,
0xde0834abc76c217349ee2202d382401a04bce04d554c1a321d39c7287e54d27d,0xc1a0d1ac6e26b02f31af892862844dcf0d34ca9a,0x5fc5360d0400a0fd4f2af552add042d716f1d168,0xc1a0d1ac6e26b02f31af892862844dcf0d34ca9a,0x5fc5360d0400a0fd4f2af552add042d716f1d168,0,989998,9900,0x0000000000000000000000000000000000000000,78516431,2026-10-02T20:27:15Z,0xe758b01eaaa9b6e6cb275b9b518ac245f03cdff6293a37f43473024096301414,78516431,2026-10-02T20:27:15Z,361012,-881100,881100,15717325684713,15717325684713,0.227768,227768,theoretical_from_L_and_price,True,366300,376200,no_swap,,,True,0,0,0,0,0,0,,,cohort_bounded_60m,
0xc1e0f5b1cdf0988e3f1d239584d67766dfd002bb02cb53d245e78bf70dc450af,0x83d53482a0b7a194d401caf94829fe829408030a,0x0000000000000000000000000000000000000000,0x83d53482a0b7a194d401caf94829fe829408030a,0x0000000000000000000000000000000000000000,0,800000,8000,0x0000000000000000000000000000000000000000,78516998,2026-10-02T20:28:14Z,0x4671a5b6e684dd7b88cea050e9a76918a8963549b581d58dcc437874fb954e47,78516998,2026-10-02T20:28:14Z,186944,-880000,880000,27700612834644973831,27700612834644973831,0.002416879257064846,2416879257064846,theoretical_from_L_and_price,True,192000,200000,no_swap,,,True,0,0,0,0,0,0,2026-10-02T20:33:35Z,2026-10-02T20:33:35Z,cohort_bounded_60m,2026-10-02T20:33:35Z
0x68321e091fbdaf57f2f807a1ba98a97bed948f018042c2dafe4a22395eb25dc6,0xc1a0d1ac6e26b02f31af892862844dcf0d34ca9a,0x5fc5360d0400a0fd4f2af552add042d716f1d168,0xc1a0d1ac6e26b02f31af892862844dcf0d34ca9a,0x5fc5360d0400a0fd4f2af552add042d716f1d168,0,871000,8710,0x0000000000000000000000000000000000000000,78518418,2026-10-02T20:30:38Z,0xe69a93614001cfcbafa9e1d40b103d2c08050ed74f3dff8b416e81dfabf5b4c7,78518418,2026-10-02T20:30:38Z,350869,-879710,879710,245656368632249,245656368632249,5.911332,5911332,theoretical_from_L_and_price,True,357110,365820,no_swap,,,True,0,0,0,0,0,0,,,cohort_bounded_60m,
0xddd56f622233d2abd30cf55c77f73a68fbab66f3e2b62c9ee042736355039f11,0x0cb329075d2e8373e7397560d7746f9cc84f3d7e,0x0000000000000000000000000000000000000000,0x0cb329075d2e8373e7397560d7746f9cc84f3d7e,0x0000000000000000000000000000000000000000,0,990001,9900,0x0000000000000000000000000000000000000000,78518741,2026-10-02T20:31:10Z,0xa7b049c40d3c9b1f524394d85e1e496fc6a2ed368eb53d16552dfed6f7d97777,78518741,2026-10-02T20:31:10Z,156031,-881100,881100,12277799491286244186,12277799491286244186,0.005024812011607624,5024812011607624,theoretical_from_L_and_price,True,158400,168300,interior_crossed_end_mixed,78519753,163118,True,2,2,2,5,0,1275990595913729795292630,,,pool_event_history_censored,
0x931a6e27a01fe3ee720d697e3c9aba5f376bddd5e22b397a763ade795a65e3df,0x1510b83d3b545d74e786f616cf0909a40e956775,0x1510b83d3b545d74e786f616cf0909a40e956775,0x5fc5360d0400a0fd4f2af552add042d716f1d168,0x5fc5360d0400a0fd4f2af552add042d716f1d168,1,860000,8600,0x0000000000000000000000000000000000000000,78519304,2026-10-02T20:32:07Z,0xe09f8b0b1a603f0a3899f726d65d40dc18c19cdac707e28ab20d576cc652f61a,78519304,2026-10-02T20:32:07Z,-414487,-885800,885800,612433405092879,612433405092879,0.612403,612403,theoretical_from_L_and_price,True,-430000,-421400,no_swap,,,True,0,0,0,0,0,0,,,older_pool_history_missing_at_entry,
0x836af1ce167afddc90cd27f9bb117b52b258dee17b3b0d5164cffde445df65f3,0x9161cdb8bd4c21375e85c3fe7a5ce74a6ba5da06,0x5fc5360d0400a0fd4f2af552add042d716f1d168,0x9161cdb8bd4c21375e85c3fe7a5ce74a6ba5da06,0x5fc5360d0400a0fd4f2af552add042d716f1d168,0,700000,7000,0x0000000000000000000000000000000000000000,78519910,2026-10-02T20:33:08Z,0x566594680ad0c15087d17397431c84febd7b70ba54ca7da0b3443c7824420453,78519910,2026-10-02T20:33:08Z,354248,-882000,882000,9682397498844,9682397498844,0.196774,196774,theoretical_from_L_and_price,True,357000,364000,no_swap,,,True,0,0,0,0,0,0,,,pool_event_history_censored,
0x632b947cf3d4c78afa82547ef8abd5c1eb4175a5d81f176056d92ce8112b9f9d,0x56850637d2b6e702601544545c51936d92488c2a,0x56850637d2b6e702601544545c51936d92488c2a,0x5fc5360d0400a0fd4f2af552add042d716f1d168,0x5fc5360d0400a0fd4f2af552add042d716f1d168,1,989999,9900,0x0000000000000000000000000000000000000000,78519960,2026-10-02T20:33:13Z,0x30b5603163ffee7cafba7f0cb85d4dd91926e8e8a5d70591dbab25225cb5dc88,78519960,2026-10-02T20:33:13Z,-393691,-881100,881100,63723311895586,63723311895586,0.180232,180232,theoretical_from_L_and_price,True,-405900,-396000,swap_no_boundary,,-393653,True,0,0,1,1,34942,0,,,cohort_bounded_60m,
0x8e83ee4ae85e89a61b516022f633fb46f191e0b9a04c80f598d916b1bb6115b0,0xdee7d74b7ff529e90b268774fbad479530b10519,0x5fc5360d0400a0fd4f2af552add042d716f1d168,0xdee7d74b7ff529e90b268774fbad479530b10519,0x5fc5360d0400a0fd4f2af552add042d716f1d168,0,989998,9900,0x0000000000000000000000000000000000000000,78521947,2026-10-02T20:36:34Z,0xad1443c02fc72e59b991841fbd3b65729fa44e7dd936426b04da36b4df0d234b,78521947,2026-10-02T20:36:34Z,391459,-881100,881100,56951565323734,56951565323734,0.180096,180096,theoretical_from_L_and_price,True,396000,405900,no_swap,,,True,0,0,0,0,0,0,,,cohort_bounded_60m,
0x838c18918016da20dd16349165bbc6433497e878a2c0332699ea587b525d7059,0xc1a0d1ac6e26b02f31af892862844dcf0d34ca9a,0x0000000000000000000000000000000000000000,0xc1a0d1ac6e26b02f31af892862844dcf0d34ca9a,0x0000000000000000000000000000000000000000,0,870000,8700,0x0000000000000000000000000000000000000000,78522232,2026-10-02T20:37:03Z,0xcea8db448d31acdfa37697e5581701694ac45d0fb65f14f089a6b60538c06f86,78522232,2026-10-02T20:37:03Z,158857,-878700,878700,64637671136791655,64637671136791655,0.000022967950332842,22967950332842,theoretical_from_L_and_price,True,165300,174000,no_swap,,,True,0,0,0,0,0,0,,,cohort_bounded_60m,
0x543a87b2c79be01ecab92b556ef9aa03f1cd9979456b175f4492b9c5c552585e,0x88bf2660be6492844daa1a0c0a6c6ece0637e931,0x0000000000000000000000000000000000000000,0x88bf2660be6492844daa1a0c0a6c6ece0637e931,0x0000000000000000000000000000000000000000,0,883131,200,0x0000000000000000000000000000000000000000,78522812,2026-10-02T20:38:02Z,0x5e15e782bdea02a2021e0dd6c934ab158d4e7cf2427d9e6e28feea6d314d37c6,78522812,2026-10-02T20:38:02Z,174419,-887200,887200,7461536700255471976,7461536700255471976,0.001217699999999999,1217699999999999,theoretical_from_L_and_price,True,174600,174800,no_swap,,,True,0,0,0,0,0,0,,,cohort_bounded_60m,
0x53aeda2f52aae39aa001b1ed90493a2e6dc2cdc9d142bd01ce3fc346859056c1,0x0254207ea6658a8f9daf1eae0c120796b317ded6,0x0000000000000000000000000000000000000000,0x0254207ea6658a8f9daf1eae0c120796b317ded6,0x0000000000000000000000000000000000000000,0,710000,7100,0x0000000000000000000000000000000000000000,78524320,2026-10-02T20:40:33Z,0x49fb2a9cc46f1fb191e746088fe418141d892aac0eae715a9927cf035ff0578f,78524320,2026-10-02T20:40:33Z,200311,-880400,880400,10028446132019532556,10028446132019532556,0.00044849026250827,448490262508270,theoretical_from_L_and_price,True,205900,213000,no_swap,,,True,0,0,0,0,0,0,,,cohort_bounded_60m,
0xff86025c3f16fc0a6c918be38cf11e924fa94b719f2cc6c80d00863f5b7351d3,0x1f7a244474336d96ee2b62f30f09a5fc9c0c1e18,0x1f7a244474336d96ee2b62f30f09a5fc9c0c1e18,0x5fc5360d0400a0fd4f2af552add042d716f1d168,0x5fc5360d0400a0fd4f2af552add042d716f1d168,1,900000,9000,0x0000000000000000000000000000000000000000,78524716,2026-10-02T20:41:14Z,0xbe2125fe25c05988136eab501a4fef1d48d5e09d52be58dbbee6f5c79a0c4412,78524716,2026-10-02T20:41:14Z,-384528,-882000,882000,214395636556667,214395636556667,0.958768,958768,theoretical_from_L_and_price,True,-396000,-387000,no_swap,,,True,0,0,0,0,0,0,2026-10-02T20:45:12Z,2026-10-02T20:45:12Z,cohort_bounded_60m,2026-10-02T20:45:12Z
0xa0c9350f6e9d4b693eb7e935cdd46aac7f654dea0e40f9eb27eb01f66386c647,0x7218ab9c1d714dd38de7b8f0b07446044825fafd,0x5fc5360d0400a0fd4f2af552add042d716f1d168,0x7218ab9c1d714dd38de7b8f0b07446044825fafd,0x5fc5360d0400a0fd4f2af552add042d716f1d168,0,701000,7010,0x0000000000000000000000000000000000000000,78524973,2026-10-02T20:41:40Z,0x2594c2e34d03779dd082277571b24f1e715422ed2f455ae3e1d3c51a4f286d6d,78524973,2026-10-02T20:41:40Z,385580,-883260,883260,67459271835336,67459271835336,0.286217,286217,theoretical_from_L_and_price,True,392560,399570,no_swap,,,True,0,0,0,0,0,0,,,older_pool_history_missing_at_entry,
0xc9c1f1a297ca8492cc440e6f0f5d9e379362e48c4dbf3636757ffed990668acf,0x47aba163aa665d6c37683a8da5c41fc8da37bda4,0x47aba163aa665d6c37683a8da5c41fc8da37bda4,0x5fc5360d0400a0fd4f2af552add042d716f1d168,0x5fc5360d0400a0fd4f2af552add042d716f1d168,1,820000,8200,0x0000000000000000000000000000000000000000,78525044,2026-10-02T20:41:47Z,0x828537ff4ab5ca1961a0b19cf1889d0ea9c226739da880c8ce8589d1f35d2f6b,78525044,2026-10-02T20:41:47Z,-384528,-885600,885600,804938978526653,804938978526653,3.599655,3599655,theoretical_from_L_and_price,True,-393600,-385400,no_swap,,,True,0,0,0,0,0,0,,,cohort_bounded_60m,
0x93c5e3ae3a6428106801367dda18bda713dd4dc7623b6d0b27bb203597632a3d,0x50d2ab6ceeb37eb2931341b6e4b0af25ba3a1e18,0x50d2ab6ceeb37eb2931341b6e4b0af25ba3a1e18,0x5fc5360d0400a0fd4f2af552add042d716f1d168,0x5fc5360d0400a0fd4f2af552add042d716f1d168,1,870000,8700,0x0000000000000000000000000000000000000000,78525171,2026-10-02T20:42:00Z,0x5a04e15de38fd09554872877931801f311d6534e48cbce69d3a744839d7e1fda,78525171,2026-10-02T20:42:00Z,-384528,-878700,878700,30652769403264,30652769403264,0.137077,137077,theoretical_from_L_and_price,True,-400200,-391500,no_swap,,,True,0,0,0,0,0,0,,,cohort_bounded_60m,
0x6014809a62315d6775169ddf378875b7e725f81ff99b07c9bad258aee078449a,0x09b38497d80b3dd254cc086b57e6ab7efeacfe6b,0x09b38497d80b3dd254cc086b57e6ab7efeacfe6b,0x5fc5360d0400a0fd4f2af552add042d716f1d168,0x5fc5360d0400a0fd4f2af552add042d716f1d168,1,989999,9900,0x0000000000000000000000000000000000000000,78526930,2026-10-02T20:44:58Z,0x805ec0cdcad0697e86374be1ddb6080d81123618dbad5ac4e5a31cb7adad7864,78526930,2026-10-02T20:44:58Z,-403500,-881100,881100,42319380996309,42319380996309,0.073296,73296,theoretical_from_L_and_price,True,-415800,-405900,swap_no_boundary,,-403281,True,1,1,1,1,80835,0,,,cohort_bounded_60m,
0x1d4bd4b57db4f39baad7bf7aa950f238c22263c0813f0eb1bdddb1b40a494dcd,0xe3ce8dbfd877a58604f99bff0a13d1b7508c1ba3,0x5fc5360d0400a0fd4f2af552add042d716f1d168,0xe3ce8dbfd877a58604f99bff0a13d1b7508c1ba3,0x5fc5360d0400a0fd4f2af552add042d716f1d168,0,990020,9900,0x0000000000000000000000000000000000000000,78527738,2026-10-02T20:46:18Z,0x83673f95162b1578df5a1f62ed9e15d1c0dc5ab647975976679e80da3bc7003c,78527738,2026-10-02T20:46:18Z,453429,-881100,881100,681554882217707,681554882217707,0.097253,97253,theoretical_from_L_and_price,True,455400,465300,no_swap,,,True,0,0,0,0,0,0,,,cohort_bounded_60m,
0x7e29a730430fa32ce15d3222fa53464f891b357c2e88de57fb61305f319986e2,0x1dbf50ab88e5ea55112c42fe24787677d61b438f,0x1dbf50ab88e5ea55112c42fe24787677d61b438f,0x5fc5360d0400a0fd4f2af552add042d716f1d168,0x5fc5360d0400a0fd4f2af552add042d716f1d168,1,989998,9900,0x0000000000000000000000000000000000000000,78528263,2026-10-02T20:47:11Z,0xd946351ec75daf0b52d6a71b490fbfcac9eaf42f0fa742f34c9e9b96f63564c1,78528263,2026-10-02T20:47:11Z,-404931,-881100,881100,118079367907461,118079367907461,0.190391,190391,theoretical_from_L_and_price,True,-415800,-405900,no_swap,,,True,0,0,0,0,0,0,,,cohort_bounded_60m,
0xe46c4a722842c92c6b7892fe8c1a9fe70d62b0dbd2bacec0a41586dc6c2a9586,0x1dbf50ab88e5ea55112c42fe24787677d61b438f,0x0000000000000000000000000000000000000000,0x1dbf50ab88e5ea55112c42fe24787677d61b438f,0x0000000000000000000000000000000000000000,0,883131,200,0x0000000000000000000000000000000000000000,78528330,2026-10-02T20:47:17Z,0x5be74edcd0c1408b78690ce6e32f88db75ec4b9c96c3b0a5724e519fa5dcdc33,78528330,2026-10-02T20:47:17Z,193494,-887200,887200,19364795449437508387,19364795449437508387,0.001217699999999998,1217699999999998,theoretical_from_L_and_price,True,193600,193800,no_swap,,,True,0,0,0,0,0,0,,,cohort_bounded_60m,
0x5500e9798657722bb22cd5b24205ad5f21bc394ce388c0bff1182cdf69b7dd9e,0xb73f6db8f90640a635d4cbb0aed06fd7cbb70675,0x5fc5360d0400a0fd4f2af552add042d716f1d168,0xb73f6db8f90640a635d4cbb0aed06fd7cbb70675,0x5fc5360d0400a0fd4f2af552add042d716f1d168,0,989999,9900,0x0000000000000000000000000000000000000000,78528836,2026-10-02T20:48:09Z,0xd466a9db736d5b90c87a0ed4dd36130e7154e6d5b0baf3942e0c2fbccf90d5ac,78528836,2026-10-02T20:48:09Z,403499,-881100,881100,33615601804324,33615601804324,0.058224,58224,theoretical_from_L_and_price,True,405900,415800,no_swap,,,True,0,0,0,0,0,0,,,cohort_bounded_60m,
0xf2b4fe295d78bc15c0f8c9d3bc4d9e70c6237c8d677e8b68354708feda467a35,0x1510b83d3b545d74e786f616cf0909a40e956775,0x1510b83d3b545d74e786f616cf0909a40e956775,0x5fc5360d0400a0fd4f2af552add042d716f1d168,0x5fc5360d0400a0fd4f2af552add042d716f1d168,1,701000,7010,0x0000000000000000000000000000000000000000,78528849,2026-10-02T20:48:10Z,0x03d932d509b862dba5c7d4ae69e913ad1d9618cab6f2676a1b9713b22274dd50,78528849,2026-10-02T20:48:10Z,-418492,-883260,883260,1069652240349422,1069652240349422,0.875504,875504,theoretical_from_L_and_price,True,-427610,-420600,no_swap,,,True,0,0,0,0,0,0,,,older_pool_history_missing_at_entry,
0x284362372e4b5aa4986d4ebef019c69adb4559c673665b3cdfcecb328c8c1bea,0xe3ce8dbfd877a58604f99bff0a13d1b7508c1ba3,0x5fc5360d0400a0fd4f2af552add042d716f1d168,0xe3ce8dbfd877a58604f99bff0a13d1b7508c1ba3,0x5fc5360d0400a0fd4f2af552add042d716f1d168,0,900000,9000,0x0000000000000000000000000000000000000000,78529060,2026-10-02T20:48:32Z,0x27046a0d08cab65ecc8b9220733116427635ed96c47f340d6b7490dc0fafc3f0,78529060,2026-10-02T20:48:32Z,430405,-882000,882000,1082449207964980,1082449207964980,0.488369,488369,theoretical_from_L_and_price,True,432000,441000,no_swap,,,True,0,0,0,0,0,0,,,cohort_bounded_60m,
0xdca1d1385336ee40d015dded6dafca7c676c2c427dac9cccac3413d301f420a3,0xb675c3b314ab927d7b5dd7e6e522d7474af6dacc,0x5fc5360d0400a0fd4f2af552add042d716f1d168,0xb675c3b314ab927d7b5dd7e6e522d7474af6dacc,0x5fc5360d0400a0fd4f2af552add042d716f1d168,0,990020,9900,0x0000000000000000000000000000000000000000,78529156,2026-10-02T20:48:42Z,0x7317f61097ee6cc38b70455e2598238abb50702fddb61705e471b10916e3cb18,78529156,2026-10-02T20:48:42Z,398390,-881100,881100,78178088294229,78178088294229,0.174818,174818,theoretical_from_L_and_price,True,405900,415800,no_swap,,,True,0,0,0,0,0,0,,,cohort_bounded_60m,
0xaa42622b2f1caec72a648c5ebf3ac6254f7afaa59e236f142235b593c6380cad,0xa768b99f528adf1690669bbbe4001517aaac5d98,0x5fc5360d0400a0fd4f2af552add042d716f1d168,0xa768b99f528adf1690669bbbe4001517aaac5d98,0x5fc5360d0400a0fd4f2af552add042d716f1d168,0,800000,8000,0x0000000000000000000000000000000000000000,78529933,2026-10-02T20:50:01Z,0x3ce7bee86aecee09fc57e719a4cc22988a3e512970ae32fd32503d72775c4b1a,78529933,2026-10-02T20:50:01Z,369597,-880000,880000,52517415468594,52517415468594,0.495458,495458,theoretical_from_L_and_price,True,376000,384000,no_swap,,,True,0,0,0,0,0,0,,,cohort_bounded_60m,
0x6fd4f9afc40e7dcf0ce2d53b4421eba49fc8fb35fa1040c287a103744950b239,0x853258e2fe104cd57e9cdc6797f0c3e0c7403747,0x5fc5360d0400a0fd4f2af552add042d716f1d168,0x853258e2fe104cd57e9cdc6797f0c3e0c7403747,0x5fc5360d0400a0fd4f2af552add042d716f1d168,0,989999,9900,0x0000000000000000000000000000000000000000,78530156,2026-10-02T20:50:23Z,0xab557aa2d3fc21b454cdc7f5c5af1bd8a08096a03f701cf60295e1cbc750c0ca,78530156,2026-10-02T20:50:23Z,403499,-881100,881100,76597962280583,76597962280583,0.132673,132673,theoretical_from_L_and_price,True,405900,415800,no_swap,,,True,0,0,0,0,0,0,,,cohort_bounded_60m,
0xdd064dadd5ed21d74753176c83b0fe9681f929bee5d89516c1ea5b0e308fa2b7,0xe3efb629d3ce48b0d4d702f1d7e8f35a423c3171,0x5fc5360d0400a0fd4f2af552add042d716f1d168,0xe3efb629d3ce48b0d4d702f1d7e8f35a423c3171,0x5fc5360d0400a0fd4f2af552add042d716f1d168,0,989999,9900,0x0000000000000000000000000000000000000000,78530527,2026-10-02T20:51:01Z,0x5332311ec3f0b2764880d8309c33b4c2f3537e265c32fd5dba470efe7588f364,78530527,2026-10-02T20:51:01Z,403499,-881100,881100,16015979556097,16015979556097,0.02774,27740,theoretical_from_L_and_price,True,405900,415800,no_swap,,,True,0,0,0,0,0,0,,,cohort_bounded_60m,
0x85c42d84031f6aee51063dae6791ef59cac920f1e8498dd760838212939410b2,0x88bf2660be6492844daa1a0c0a6c6ece0637e931,0x5fc5360d0400a0fd4f2af552add042d716f1d168,0x88bf2660be6492844daa1a0c0a6c6ece0637e931,0x5fc5360d0400a0fd4f2af552add042d716f1d168,0,880000,8800,0x0000000000000000000000000000000000000000,78530694,2026-10-02T20:51:17Z,0x9c7e608bdc2d0b67c6012434a7911d8351d9e4b42aef011f44a26c39a77af037,78530694,2026-10-02T20:51:17Z,378108,-880000,880000,89873108341800,89873108341800,0.554024,554024,theoretical_from_L_and_price,True,378400,387200,no_swap,,,True,0,0,0,0,0,0,2026-10-02T22:09:40Z,2026-10-02T22:09:40Z,cohort_bounded_60m,
0xda90b465672badcee9bbb55760fe19b0c181a531e005cae17df6eee79b8c33b1,0xf3e4ba66ed2dbe853bfab93e1f3a5823cb241184,0x5fc5360d0400a0fd4f2af552add042d716f1d168,0xf3e4ba66ed2dbe853bfab93e1f3a5823cb241184,0x5fc5360d0400a0fd4f2af552add042d716f1d168,0,989999,9900,0x0000000000000000000000000000000000000000,78530754,2026-10-02T20:51:24Z,0x1a553ce735db2d9d8c71cbe3c070cc0ffa005b7d23df4de17b9552aeb00b1d57,78530754,2026-10-02T20:51:24Z,403499,-881100,881100,34783559940007,34783559940007,0.060247,60247,theoretical_from_L_and_price,True,405900,415800,no_swap,,,True,0,0,0,0,0,0,,,cohort_bounded_60m,
0x68322477caf38bec8ad5061a20170453ca78f0d8e908f7d027966b575a43f846,0x059833477030b8e0280c427c5c966e9d790fceff,0x059833477030b8e0280c427c5c966e9d790fceff,0x5fc5360d0400a0fd4f2af552add042d716f1d168,0x5fc5360d0400a0fd4f2af552add042d716f1d168,1,989999,9900,0x0000000000000000000000000000000000000000,78531026,2026-10-02T20:51:50Z,0x7abba44b45ce0564a90667146fae9745331c5b70380abaed3637176b028d8995,78531026,2026-10-02T20:51:50Z,-403500,-881100,881100,34714282745584,34714282745584,0.060124,60124,theoretical_from_L_and_price,True,-415800,-405900,no_swap,,,True,0,0,0,0,0,0,,,cohort_bounded_60m,
0x4c576d02e41e300d6fc5f125130820434986b96b7b2778dd303b7e7487051355,0x1510b83d3b545d74e786f616cf0909a40e956775,0x1510b83d3b545d74e786f616cf0909a40e956775,0x5fc5360d0400a0fd4f2af552add042d716f1d168,0x5fc5360d0400a0fd4f2af552add042d716f1d168,1,901000,9010,0x0000000000000000000000000000000000000000,78531394,2026-10-02T20:52:27Z,0xe1cb209a30d478d5e7e45543d17be1e10a73c0e5bb95783b9c2d68345905f651,78531394,2026-10-02T20:52:27Z,-378376,-378420,-369410,336673407343666,336673407343666,0.004499,4499,theoretical_from_L_and_price,True,-387430,-378420,no_swap,,,False,0,0,0,0,0,0,,,older_pool_history_missing_at_entry,
0x3e77f2babfdeea2c0afe19e2f67b79338a9e9c0fa91b50c0d6b8fa490c08f9a4,0x0609b660ae07b2ae5f05cb183af68dc1e836571e,0x0609b660ae07b2ae5f05cb183af68dc1e836571e,0x5fc5360d0400a0fd4f2af552add042d716f1d168,0x5fc5360d0400a0fd4f2af552add042d716f1d168,1,989999,9900,0x0000000000000000000000000000000000000000,78532018,2026-10-02T20:53:30Z,0x4cc87d142fb517cfc1aa6c56440ea42e855de531608e2c89e6b2664b899c089d,78532018,2026-10-02T20:53:30Z,-396568,-881100,881100,74037904799888,74037904799888,0.18135,181350,theoretical_from_L_and_price,True,-415800,-405900,no_swap,,,True,0,0,0,0,0,0,,,cohort_bounded_60m,
0x1a6e5ef95d30ec067ed4f70382c0718e7c0808f4db95a3b2ee9d5fc3c93360ec,0x108018cb164bb9e5372b86c9c9803feac1816ba3,0x108018cb164bb9e5372b86c9c9803feac1816ba3,0x5fc5360d0400a0fd4f2af552add042d716f1d168,0x5fc5360d0400a0fd4f2af552add042d716f1d168,1,990020,9900,0x0000000000000000000000000000000000000000,78532958,2026-10-02T20:55:05Z,0xa355c6465afc1fb42677a7a3403c352b6dbfb27c0debd41f6430c06641461e88,78532958,2026-10-02T20:55:05Z,-452884,-881100,881100,331507976698885,331507976698885,0.04861,48610,theoretical_from_L_and_price,True,-465300,-455400,no_swap,,,True,0,0,0,0,0,0,,,cohort_bounded_60m,
0xc8d90476c4e0c2757193416ccad887736b73563f68fd99be041a464a20727a6a,0xb682e29571769ea22152a4263391c06153a32ba3,0x5fc5360d0400a0fd4f2af552add042d716f1d168,0xb682e29571769ea22152a4263391c06153a32ba3,0x5fc5360d0400a0fd4f2af552add042d716f1d168,0,990020,9900,0x0000000000000000000000000000000000000000,78533316,2026-10-02T20:55:41Z,0x1ccd9daa1eddf313af1fd2d80612bb9f97a27d8545adc769721e23c4f91b01f0,78533316,2026-10-02T20:55:41Z,452607,-881100,881100,326726514869489,326726514869489,0.048577,48577,theoretical_from_L_and_price,True,455400,465300,no_swap,,,True,0,0,0,0,0,0,,,cohort_bounded_60m,
0x32b17ab78af4b05bab66abc6c2d4ed266839f3c41e6b583e470c329af477b734,0xae3fd32fb34ab972fbe9a7d6a1641a83b3cc0ba3,0x5fc5360d0400a0fd4f2af552add042d716f1d168,0xae3fd32fb34ab972fbe9a7d6a1641a83b3cc0ba3,0x5fc5360d0400a0fd4f2af552add042d716f1d168,0,990020,9900,0x0000000000000000000000000000000000000000,78533642,2026-10-02T20:56:14Z,0xd3b12cfe7bd02e8ccbf0eb20ca68340aed10794c88302597c8741bdeacc003c3,78533642,2026-10-02T20:56:14Z,452607,-881100,881100,305304802368782,305304802368782,0.045392,45392,theoretical_from_L_and_price,True,455400,465300,no_swap,,,True,0,0,0,0,0,0,,,cohort_bounded_60m,
0x9dff7c337966eda9c76cf17eea41e37a6356b22052609b21e2f467c3d700f5e2,0xb35b3a85947a3d1b1a51f08339caa7aa42df082a,0x5fc5360d0400a0fd4f2af552add042d716f1d168,0xb35b3a85947a3d1b1a51f08339caa7aa42df082a,0x5fc5360d0400a0fd4f2af552add042d716f1d168,0,900000,9000,0x0000000000000000000000000000000000000000,78533913,2026-10-02T20:56:41Z,0xaf875f982068b31ec833cd863e2e9a7c4fb4eb33270a4b5296500ea744476ffc,78533913,2026-10-02T20:56:41Z,358838,-882000,882000,70716248081074,70716248081074,1.142458,1142458,theoretical_from_L_and_price,True,360000,369000,no_swap,,,True,0,0,0,0,0,0,,,cohort_bounded_60m,
0xea1a58bdc5c1cbf823d59a861281abe0caed33960556fbc44694ab3955548eeb,0x0609b660ae07b2ae5f05cb183af68dc1e836571e,0x0609b660ae07b2ae5f05cb183af68dc1e836571e,0x5fc5360d0400a0fd4f2af552add042d716f1d168,0x5fc5360d0400a0fd4f2af552add042d716f1d168,1,774440,7744,0x0000000000000000000000000000000000000000,78534168,2026-10-02T20:57:07Z,0x0e6e53ec518e04ecbbe4ad392a1a3ea91c039a3d92b2d9d41ffcf60a1b317440,78534168,2026-10-02T20:57:07Z,-392513,-882816,882816,242746698134806,242746698134806,0.728228,728228,theoretical_from_L_and_price,True,-402688,-394944,no_swap,,,True,0,0,0,0,0,0,,,cohort_bounded_60m,
0xfdcc0b3a6ba20d039ca8ba509a379b95b2eb4cbe9ff31aa2811888da2c5661a1,0xa44eaa51fa091f58412c66e389d9058144ce5aac,0x5fc5360d0400a0fd4f2af552add042d716f1d168,0xa44eaa51fa091f58412c66e389d9058144ce5aac,0x5fc5360d0400a0fd4f2af552add042d716f1d168,0,900001,9000,0x0000000000000000000000000000000000000000,78534211,2026-10-02T20:57:12Z,0x07e879aff42caf0b89e4ac864bba9a98729e13f5638f9561b9bd38cb9721ebb7,78534211,2026-10-02T20:57:12Z,382295,-882000,882000,385851435834878,385851435834878,1.929321,1929321,theoretical_from_L_and_price,True,387000,396000,no_swap,,,True,0,0,0,0,0,0,,,cohort_bounded_60m,
0x1620d599d3af76f296730cd566abc9e081755e66fa4fb80862684aecb6de2345,0x6267190d97f619674f95878fe2ad2b9d5a6198aa,0x5fc5360d0400a0fd4f2af552add042d716f1d168,0x6267190d97f619674f95878fe2ad2b9d5a6198aa,0x5fc5360d0400a0fd4f2af552add042d716f1d168,0,900001,9000,0x0000000000000000000000000000000000000000,78534782,2026-10-02T20:58:09Z,0x2f5fe488f5d499c7cc0290917b1fe70f5464fc6fddb2ae74d2bece84b99b322f,78534782,2026-10-02T20:58:09Z,383129,-882000,882000,385703708389205,385703708389205,1.849818,1849818,theoretical_from_L_and_price,True,387000,396000,no_swap,,,True,0,0,0,0,0,0,,,older_pool_history_missing_at_entry,
0x4b0bbf82deca6de452c7d266b81a1da18dc6be7f13bf10e0560d7afbafe4eec7,0x4f12f0f86dd89edfcdfcbbd34eabd722bdfedacc,0x4f12f0f86dd89edfcdfcbbd34eabd722bdfedacc,0x5fc5360d0400a0fd4f2af552add042d716f1d168,0x5fc5360d0400a0fd4f2af552add042d716f1d168,1,900001,9000,0x0000000000000000000000000000000000000000,78535277,2026-10-02T20:58:58Z,0xcbf826f51be7bd882fc4b9aec0f9fe8995c2fe2cdd29711a433a92129ef07e63,78535277,2026-10-02T20:58:58Z,-388095,-882000,882000,761154264995670,761154264995670,2.847856,2847856,theoretical_from_L_and_price,True,-405000,-396000,no_swap,,,True,0,0,0,0,0,0,,,older_pool_history_missing_at_entry,
0x3e3827218887ed73982502a0c3d0d0c96d9acee13c1af172a78f6bb196c59b83,0xb73f6db8f90640a635d4cbb0aed06fd7cbb70675,0x5fc5360d0400a0fd4f2af552add042d716f1d168,0xb73f6db8f90640a635d4cbb0aed06fd7cbb70675,0x5fc5360d0400a0fd4f2af552add042d716f1d168,0,774440,7744,0x0000000000000000000000000000000000000000,78535676,2026-10-02T20:59:39Z,0x6582176f735577c1794816b5a9346412a8cb449550f338dce8ef94d8f7880623,78535676,2026-10-02T20:59:39Z,395025,-882816,882816,121645396684053,121645396684053,0.321858,321858,theoretical_from_L_and_price,True,402688,410432,no_swap,,,True,0,0,0,0,0,0,,,cohort_bounded_60m,
0xc57ea096df4dcc82889614b5c524e829d78552355f8c02e9c8c2c546ea76b017,0x0fe97b2d477014d78a61829a3c41866912d469ea,0x0fe97b2d477014d78a61829a3c41866912d469ea,0x5fc5360d0400a0fd4f2af552add042d716f1d168,0x5fc5360d0400a0fd4f2af552add042d716f1d168,1,900001,9000,0x0000000000000000000000000000000000000000,78535723,2026-10-02T20:59:44Z,0x779cc94297cfb38df1fbdb3636460545bc813c6e80f668075868e797e21d07f6,78535723,2026-10-02T20:59:44Z,-363985,-882000,882000,235489559984569,235489559984569,2.941256,2941256,theoretical_from_L_and_price,True,-378000,-369000,no_swap,,,True,0,0,0,0,0,0,,,older_pool_history_missing_at_entry,
0x33be62f7c850e32dfb99a7dc59054d451a7c005a467850e13d7bf15f3f815a9b,0x1169b994d2b0b264243a0dd72015293bd4192dea,0x1169b994d2b0b264243a0dd72015293bd4192dea,0x5fc5360d0400a0fd4f2af552add042d716f1d168,0x5fc5360d0400a0fd4f2af552add042d716f1d168,1,930000,9300,0x0000000000000000000000000000000000000000,78537562,2026-10-02T21:02:49Z,0xeab3ebb76a77cc53917870da2fd8fa3dcbbcaee71f26fa1f5c2df052e7a7d5ac,78537562,2026-10-02T21:02:49Z,-391460,-883500,883500,104150832122829,104150832122829,0.329337,329337,theoretical_from_L_and_price,True,-409200,-399900,interior_crossed_end_mixed,78541736,-409181,True,0,1,1,1,0,671357523031609548286093,,,older_pool_history_missing_at_entry,
0x3e67b317136ac682dbff1b85c16da724a114abfbffeb664829097290a168e850,0xcade5df9300b10c58b4567bc0d5f772fae68a777,0x5fc5360d0400a0fd4f2af552add042d716f1d168,0xcade5df9300b10c58b4567bc0d5f772fae68a777,0x5fc5360d0400a0fd4f2af552add042d716f1d168,0,926740,9267,0x0000000000000000000000000000000000000000,78537837,2026-10-02T21:03:17Z,0x004e36d98746780e27d9438e1270d6d10d2dfb54b2463d398cc9a9feda75700f,78537837,2026-10-02T21:03:17Z,388835,-880365,880365,263050620040358,263050620040358,0.948454,948454,theoretical_from_L_and_price,True,389214,398481,no_swap,,,True,0,0,0,0,0,0,,,cohort_bounded_60m,
0x314ab57cf221b4c1abc2167c6ba16263f3730ecc9285bf258294353b44d5eb3d,0x0609b660ae07b2ae5f05cb183af68dc1e836571e,0x0000000000000000000000000000000000000000,0x0609b660ae07b2ae5f05cb183af68dc1e836571e,0x0000000000000000000000000000000000000000,0,870000,8700,0x0000000000000000000000000000000000000000,78538476,2026-10-02T21:04:22Z,0xa279523f3da51148b0a2ec8322810e560ef7afcd339abd8aab300d18d9ac2914,78538476,2026-10-02T21:04:22Z,184216,-878700,878700,15434284421025221930,15434284421025221930,0.001543429802289283,1543429802289283,theoretical_from_L_and_price,True,191400,200100,no_swap,,,True,0,0,0,0,0,0,,,cohort_bounded_60m,
0xdee49560314302c815f50f0b3ba11851cf90bf811e27c3ecd751a77bd5066f5b,0xd33e5e0234175e509e651d56a8b8ce33cdfacbe4,0x5fc5360d0400a0fd4f2af552add042d716f1d168,0xd33e5e0234175e509e651d56a8b8ce33cdfacbe4,0x5fc5360d0400a0fd4f2af552add042d716f1d168,0,909000,9090,0x0000000000000000000000000000000000000000,78538485,2026-10-02T21:04:22Z,0x53b27127f7d33ba849466591a941b599284f59dada672297d61dea64297fb7bc,78538485,2026-10-02T21:04:22Z,396567,-881730,881730,176672354036959,176672354036959,0.432768,432768,theoretical_from_L_and_price,True,399960,409050,no_swap,,,True,0,0,0,0,0,0,,,cohort_bounded_60m,
0xe8db5640e92aa7db695029956ce7d6e33841d01aa98005e49003f07692c18749,0xde7fdc32ebca4795a1634c91d4f1d42c641703b9,0x5fc5360d0400a0fd4f2af552add042d716f1d168,0xde7fdc32ebca4795a1634c91d4f1d42c641703b9,0x5fc5360d0400a0fd4f2af552add042d716f1d168,0,901000,9010,0x0000000000000000000000000000000000000000,78539613,2026-10-02T21:06:15Z,0x84425acbd65f93d5c71734e5852f69d9fca522bcad2477a5312827a975dfbf13,78539613,2026-10-02T21:06:15Z,384527,-882980,882980,447771732690201,447771732690201,2.002517,2002517,theoretical_from_L_and_price,True,387430,396440,interior_crossed_end_token_only,78539614,470684,True,2,2,2,2,0,74096370045118137058008740,2026-10-02T21:07:57Z,2026-10-02T21:07:57Z,cohort_bounded_60m,2026-10-02T21:07:57Z
0x72026fbe3496a7891fa7e29812717841317e425c49d38572c0701fb5bf1c8068,0xc6080ea62997b33c8e46360850cb4473913b61f0,0x5fc5360d0400a0fd4f2af552add042d716f1d168,0xc6080ea62997b33c8e46360850cb4473913b61f0,0x5fc5360d0400a0fd4f2af552add042d716f1d168,0,988900,9889,0x0000000000000000000000000000000000000000,78540611,2026-10-02T21:07:57Z,0x011b72a6a65a95e404c654ab02c668e9408ff9441975260ccb59da818dcc7b16,78540611,2026-10-02T21:07:57Z,326919,-880121,880121,114990538969873,114990538969873,9.163494,9163494,theoretical_from_L_and_price,True,336226,346115,no_swap,,,True,0,0,0,0,0,0,,,older_pool_history_missing_at_entry,
0x64748cf99f09b7f2ee3807b69137219ce423286017e03f6be57435d3adc59682,0x9e98d2dc5145e51920b2d1b35590f7368a64239d,0x5fc5360d0400a0fd4f2af552add042d716f1d168,0x9e98d2dc5145e51920b2d1b35590f7368a64239d,0x5fc5360d0400a0fd4f2af552add042d716f1d168,0,700000,7000,0x0000000000000000000000000000000000000000,78543932,2026-10-02T21:13:32Z,0x3197926d01b40455d1233dfb8464b38ec6d727c0a2fd7d0ea0a25f63120ee407,78543932,2026-10-02T21:13:32Z,387404,-882000,882000,369704624284037,369704624284037,1.431872,1431872,theoretical_from_L_and_price,True,392000,399000,swap_no_boundary,,390385,True,1,1,1,1,0,51145629746713592764819,2026-10-02T21:17:45Z,2026-10-02T21:17:45Z,cohort_bounded_60m,2026-10-02T21:17:45Z
0xf96f28547de87bece3334e2a2c65a9c0d3f62ed67dac7fa10dc8ae0d2aafe5c3,0x489d206b7fd6c8eafdee9c6642d94fef1ddd7385,0x489d206b7fd6c8eafdee9c6642d94fef1ddd7385,0x5fc5360d0400a0fd4f2af552add042d716f1d168,0x5fc5360d0400a0fd4f2af552add042d716f1d168,1,898500,17085,0x0000000000000000000000000000000000000000,78544745,2026-10-02T21:14:54Z,0xfa03b98887ace64eaa211159bb3ab94e77df3aefab7fb644f7461a1f81f2d129,78544745,2026-10-02T21:14:54Z,-412018,-871335,871335,225808136765953,225808136765953,0.255463,255463,theoretical_from_L_and_price,True,-444210,-427125,no_swap,,,True,0,0,0,0,0,0,,,cohort_bounded_60m,
0xa059e87c472c74f49c7f634956369aaf88c00ed439e5477c0c9d6251b918b4ca,0x8658e2e48229acbd34bab713b63fc3682ce10018,0x5fc5360d0400a0fd4f2af552add042d716f1d168,0x8658e2e48229acbd34bab713b63fc3682ce10018,0x5fc5360d0400a0fd4f2af552add042d716f1d168,0,771110,7711,0x0000000000000000000000000000000000000000,78545610,2026-10-02T21:16:22Z,0x136b722350991c043ebdb64c929afede04ab20e8d0284267a24f51cb9a4a496d,78545610,2026-10-02T21:16:22Z,392512,-886765,886765,96806967989118,96806967989118,0.29043,290430,theoretical_from_L_and_price,True,393261,400972,swap_no_boundary,,389779,True,5,5,5,6,185817,0,,,cohort_bounded_60m,
0xbe390e6050d31a8b04bf02e13f61e247ea0f10089a1db0df4c856d2f85925447,0x8658e2e48229acbd34bab713b63fc3682ce10018,0x5fc5360d0400a0fd4f2af552add042d716f1d168,0x8658e2e48229acbd34bab713b63fc3682ce10018,0x5fc5360d0400a0fd4f2af552add042d716f1d168,0,989999,9900,0x0000000000000000000000000000000000000000,78545981,2026-10-02T21:16:59Z,0xb6f18d9b3131242e83cf9fb6e3ce6baa130d63f1f1d78d289691ef9412802a91,78545981,2026-10-02T21:16:59Z,403499,-881100,881100,37876368507904,37876368507904,0.065604,65604,theoretical_from_L_and_price,True,405900,415800,no_swap,,,True,0,0,0,0,0,0,,,cohort_bounded_60m,
0x1125b8944833e91f13fca92c0eb2f2cf5a8ddbb5f5fd9daf1764d28ee5d62a74,0x4449b2acb1eb1be3d3d912c7cdc1f9063b6fbcb9,0x4449b2acb1eb1be3d3d912c7cdc1f9063b6fbcb9,0x5fc5360d0400a0fd4f2af552add042d716f1d168,0x5fc5360d0400a0fd4f2af552add042d716f1d168,1,800000,8000,0x0000000000000000000000000000000000000000,78546089,2026-10-02T21:17:10Z,0x424c3bd2e880d11afb2245e740c59c508f9f2f0585f5ab37ee4b8272346745c3,78546089,2026-10-02T21:17:10Z,-403500,-880000,880000,220501659789315,220501659789315,0.381907,381907,theoretical_from_L_and_price,True,-416000,-408000,no_swap,,,True,0,0,0,0,0,0,,,cohort_bounded_60m,
0x0e306d40f8843427cf8c96884c6fe1af100db6bb28fdbe03368bd9e74134fc11,0x37a2afaa98648f2e13658623885f821ac8365609,0x0000000000000000000000000000000000000000,0x37a2afaa98648f2e13658623885f821ac8365609,0x0000000000000000000000000000000000000000,0,850000,8500,0x0000000000000000000000000000000000000000,78546542,2026-10-02T21:17:55Z,0x85142f471c7a336935ca65a895113486eb219a134ea445463e07fcff431673f2,78546542,2026-10-02T21:17:55Z,43225,-884000,884000,3170284300367171,3170284300367171,0.000365196148651737,365196148651737,theoretical_from_L_and_price,True,51000,59500,no_swap,,,True,0,0,0,0,0,0,,,cohort_bounded_60m,
0xfbc164909623c7c4806ead4145d23667423e19e3126ea3696a4ce73a2e8aab8a,0x7de5320e55a8241a4e3af4711425ae408ca1cc94,0x5fc5360d0400a0fd4f2af552add042d716f1d168,0x7de5320e55a8241a4e3af4711425ae408ca1cc94,0x5fc5360d0400a0fd4f2af552add042d716f1d168,0,990000,9900,0x0000000000000000000000000000000000000000,78546824,2026-10-02T21:18:24Z,0x194dd19680ac3917263b64b46c7358667539d038382e4f5dff7e7bd5a15fbd04,78546824,2026-10-02T21:18:24Z,350681,-881100,881100,9419335264765,9419335264765,0.228801,228801,theoretical_from_L_and_price,True,356400,366300,no_swap,,,True,0,0,0,0,0,0,2026-10-02T21:43:33Z,2026-10-02T21:43:33Z,pool_event_history_censored,2026-10-02T21:43:33Z
0xcf5d5479c21dc06b1bf13a3c1884ce7d0357d81fa139a263ac85d1e181f10aa2,0x02533eb712f3f2925136653b4727e05fa0a7cc49,0x02533eb712f3f2925136653b4727e05fa0a7cc49,0x5fc5360d0400a0fd4f2af552add042d716f1d168,0x5fc5360d0400a0fd4f2af552add042d716f1d168,1,774440,7744,0x0000000000000000000000000000000000000000,78548649,2026-10-02T21:21:29Z,0x5f393033f173662d31488a02f4eda06225616c64cc4bd30a16f9a12336c4cded,78548649,2026-10-02T21:21:29Z,-378931,-882816,882816,347264325221595,347264325221595,2.05442,2054420,theoretical_from_L_and_price,True,-387200,-379456,interior_crossed_end_mixed,78564787,-381986,True,0,0,1,1,0,42988474455935075241157,,,older_pool_history_missing_at_entry,
0x3853e13385c72f2a699455cbc2df59597fc02654fb7b7f83d0ee24dddaf2d4f3,0x9161cdb8bd4c21375e85c3fe7a5ce74a6ba5da06,0x5fc5360d0400a0fd4f2af552add042d716f1d168,0x9161cdb8bd4c21375e85c3fe7a5ce74a6ba5da06,0x5fc5360d0400a0fd4f2af552add042d716f1d168,0,901000,9010,0x0000000000000000000000000000000000000000,78549486,2026-10-02T21:22:54Z,0x29153184dfab31c124e53bb8ed3527a8af3b62032d0bd63dc4b4fcaf6642b824,78549486,2026-10-02T21:22:54Z,338726,-882980,882980,54058565410738,54058565410738,2.387209,2387209,theoretical_from_L_and_price,True,342380,351390,no_swap,,,True,0,0,0,0,0,0,,,older_pool_history_missing_at_entry,
0xeeb777db68fee7432f4dd8e6abfe598a4d1dc0e2674ae5f40d0fe99dacb4adbb,0x0d6f15fda3c5adf15539b493b52ccfe5b18e12f2,0x0000000000000000000000000000000000000000,0x0d6f15fda3c5adf15539b493b52ccfe5b18e12f2,0x0000000000000000000000000000000000000000,0,790000,60,0x0000000000000000000000000000000000000000,78549502,2026-10-02T21:22:56Z,0xc8d2e043e35741e4bc5f314ecb10a52359400d18a4c0d3b0db96e480a79d6506,78549502,2026-10-02T21:22:56Z,195439,-887220,887220,701056576756264811,701056576756264811,0.000039999999999999,39999999999999,theoretical_from_L_and_price,True,195480,195540,no_swap,,,True,0,0,0,1,0,0,,,cohort_bounded_60m,
0xd750129b689103e19b73c4a8481afb1d2b2ebb108fa2485bf36c973a8c600013,0xe824dd788bd33f283fcc9e3a76dd661bfa55ebf9,0x5fc5360d0400a0fd4f2af552add042d716f1d168,0xe824dd788bd33f283fcc9e3a76dd661bfa55ebf9,0x5fc5360d0400a0fd4f2af552add042d716f1d168,0,850000,8500,0x0000000000000000000000000000000000000000,78549921,2026-10-02T21:23:38Z,0x9b70b7470b373fdc3e7d708450d224fa0abf651041977d4fd7065b612f31b700,78549921,2026-10-02T21:23:38Z,391459,-884000,884000,182976948451901,182976948451901,0.578624,578624,theoretical_from_L_and_price,True,399500,408000,no_swap,,,True,0,0,0,0,0,0,,,cohort_bounded_60m,
0x73aa7949ad9d81b1b4ef9c50dd3960374f15b743faa821e7fcd0202dd25077f9,0x0473396ffb1354b13a6e10a92970a28fe86bdf22,0x0473396ffb1354b13a6e10a92970a28fe86bdf22,0x5fc5360d0400a0fd4f2af552add042d716f1d168,0x5fc5360d0400a0fd4f2af552add042d716f1d168,1,770000,7700,0x0000000000000000000000000000000000000000,78549949,2026-10-02T21:23:41Z,0x51dedd8c71c7a825be150583647b73119185298fcdad11080b8ca351b96659d3,78549949,2026-10-02T21:23:41Z,-386153,-885500,885500,66144063148131,66144063148131,0.272711,272711,theoretical_from_L_and_price,True,-400400,-392700,no_swap,,,True,0,0,0,0,0,0,,,cohort_bounded_60m,
0x2abd6b4cb9785e3e893b2b06ffe9d6032626514886160db4fc0318f578eb1051,0x1ef76f3be476e47bf26032ff4a9e26b6ea7edbd2,0x1ef76f3be476e47bf26032ff4a9e26b6ea7edbd2,0x5fc5360d0400a0fd4f2af552add042d716f1d168,0x5fc5360d0400a0fd4f2af552add042d716f1d168,1,774440,7744,0x0000000000000000000000000000000000000000,78550848,2026-10-02T21:25:11Z,0x7d9e527e207cc80bffdaad648a80d5a2ffac1ebc16990c36da0970b35cf4506d,78550848,2026-10-02T21:25:11Z,-361805,-882816,882816,157796456857034,157796456857034,2.19783,2197830,theoretical_from_L_and_price,True,-371712,-363968,no_swap,,,True,0,0,0,1,0,0,2026-10-02T22:13:12Z,2026-10-02T22:13:12Z,cohort_bounded_60m,
0x73ca12017faa37deb888878eb92215d2f773906e5fafd0844e2738935baf2ca0,0x1ef76f3be476e47bf26032ff4a9e26b6ea7edbd2,0x1ef76f3be476e47bf26032ff4a9e26b6ea7edbd2,0x5fc5360d0400a0fd4f2af552add042d716f1d168,0x5fc5360d0400a0fd4f2af552add042d716f1d168,1,801000,8010,0x0000000000000000000000000000000000000000,78551266,2026-10-02T21:25:53Z,0x746cf698aff57e0b82e1bcc9c6b9e17fe996428a7bbda47aee8085e41a4cb456,78551266,2026-10-02T21:25:53Z,-387405,-881100,881100,113018525075761,113018525075761,0.4377,437700,theoretical_from_L_and_price,True,-400500,-392490,swap_no_boundary,,-372360,True,1,3,3,5,2468090,0,2026-10-02T21:52:15Z,2026-10-02T21:52:15Z,cohort_bounded_60m,
0x57b73086b15001d0c9aba7623f5b4e69f9f629b2f1378ce9e119eafd694ad9c3,0xf553178f864abed95acd723720986c7301e44fc7,0x5fc5360d0400a0fd4f2af552add042d716f1d168,0xf553178f864abed95acd723720986c7301e44fc7,0x5fc5360d0400a0fd4f2af552add042d716f1d168,0,991100,9911,0x0000000000000000000000000000000000000000,78551851,2026-10-02T21:26:52Z,0x72322bf180aff909c00f8036583fdab82065d301fc7c55d4447b5e8fdd03f74e,78551851,2026-10-02T21:26:52Z,381526,-882079,882079,254736459411655,254736459411655,1.32365,1323650,theoretical_from_L_and_price,True,386529,396440,no_swap,,,True,0,0,0,0,0,0,,,cohort_bounded_60m,
0x247bcd543a71ef4b68eea3607ec77883ccafb08394969fab147340471ca253e4,0x1ef76f3be476e47bf26032ff4a9e26b6ea7edbd2,0x0000000000000000000000000000000000000000,0x1ef76f3be476e47bf26032ff4a9e26b6ea7edbd2,0x0000000000000000000000000000000000000000,0,880000,8800,0x0000000000000000000000000000000000000000,78552173,2026-10-02T21:27:24Z,0xd8964c752d54ed7b8fe15a876a1c78e506fa59b99750344faa757405f52a9201,78552173,2026-10-02T21:27:24Z,162436,-880000,880000,1775251629147783252,1775251629147783252,0.000527452490912741,527452490912741,theoretical_from_L_and_price,True,167200,176000,no_swap,,,True,0,0,0,0,0,0,,,cohort_bounded_60m,
0xe08a408f5c989de8fab40a3c22c5e8fb5dd7809b8b9dca7ee41d8cffeedaec96,0xef2edf46742057ab999518244921cc9b7e420a44,0x5fc5360d0400a0fd4f2af552add042d716f1d168,0xef2edf46742057ab999518244921cc9b7e420a44,0x5fc5360d0400a0fd4f2af552add042d716f1d168,0,774440,7744,0x0000000000000000000000000000000000000000,78554522,2026-10-02T21:31:21Z,0xedfbc75a0aee401aac212d4d2cd3713340f5456582973f6783b4c250a6c814b0,78554522,2026-10-02T21:31:21Z,359470,-882816,882816,120088960800800,120088960800800,1.879755,1879755,theoretical_from_L_and_price,True,363968,371712,interior_crossed_end_token_only,78562213,389316,True,0,0,5,5,3000,129999544839606127412241,2026-10-02T21:50:11Z,,pool_event_history_censored,
0x26e576f2aef601044290563dfe1b062796b16ae3c4ed770bc3ebf4cdf85d2c37,0x1ef76f3be476e47bf26032ff4a9e26b6ea7edbd2,0x1ef76f3be476e47bf26032ff4a9e26b6ea7edbd2,0x5fc5360d0400a0fd4f2af552add042d716f1d168,0x5fc5360d0400a0fd4f2af552add042d716f1d168,1,750000,7500,0x0000000000000000000000000000000000000000,78555726,2026-10-02T21:33:22Z,0xff3312c9be9809bc28573872b5a3c3a1dc8aab5d20b84908bc874468f44a3913,78555726,2026-10-02T21:33:22Z,-364717,-885000,885000,80494247505980,80494247505980,0.96924,969240,theoretical_from_L_and_price,True,-375000,-367500,no_swap,,,True,0,0,0,0,0,0,,,cohort_bounded_60m,
0xdb5409eb51bada5df7e05494d3384563ed3c4d4d6f57a415ec488c7d565063cd,0x1ef76f3be476e47bf26032ff4a9e26b6ea7edbd2,0x1ef76f3be476e47bf26032ff4a9e26b6ea7edbd2,0x5fc5360d0400a0fd4f2af552add042d716f1d168,0x5fc5360d0400a0fd4f2af552add042d716f1d168,1,990000,9900,0x0000000000000000000000000000000000000000,78558536,2026-10-02T21:38:03Z,0x123280ad0b0dba8174dcf3a3c62ccfa92f6f31bbb3cfbcba40d08e5d6ccd43e2,78558536,2026-10-02T21:38:03Z,-354201,-881100,881100,72593555864818,72593555864818,1.478786,1478786,theoretical_from_L_and_price,True,-366300,-356400,no_swap,,,True,0,0,0,0,0,0,2026-10-02T23:35:29Z,2026-10-02T23:35:29Z,cohort_bounded_60m,
0x145d291989bea4c8252cb7814db12ce1bddc627bb236dc6b57723e72ef24c90c,0x56b8bbcc0c462ef3e07920525e2e36ea2e372b6a,0x56b8bbcc0c462ef3e07920525e2e36ea2e372b6a,0x5fc5360d0400a0fd4f2af552add042d716f1d168,0x5fc5360d0400a0fd4f2af552add042d716f1d168,1,900000,9000,0x0000000000000000000000000000000000000000,78560832,2026-10-02T21:41:55Z,0x510d6eaa19a5ea84b8066944dd7f8a9f3be390873b2a28c34f88560710ecf52c,78560832,2026-10-02T21:41:55Z,-388836,-423000,-369000,360462123382707,360462123382707,1.064116,1064116,theoretical_from_L_and_price,True,-405000,-396000,no_swap,,,False,0,0,0,0,0,0,,,older_pool_history_missing_at_entry,
0x5e1567bb16869889d6da4ed2bbf8dcf65e72c1a1d3e7de3526902da9fd5701eb,0xfe8de3874338298e26c4ee3e0e73999ee387b081,0x5fc5360d0400a0fd4f2af552add042d716f1d168,0xfe8de3874338298e26c4ee3e0e73999ee387b081,0x5fc5360d0400a0fd4f2af552add042d716f1d168,0,700000,7000,0x0000000000000000000000000000000000000000,78562449,2026-10-02T21:44:36Z,0xea5819d89a188db84eaf79a3d055e9bc48f736a86e82ea3f5500b0ff687a0800,78562449,2026-10-02T21:44:36Z,392512,-882000,882000,1258187927719520,1258187927719520,3.774694,3774694,theoretical_from_L_and_price,True,399000,406000,no_swap,,,True,0,0,0,0,0,0,2026-10-02T22:47:23Z,2026-10-02T22:47:23Z,older_pool_history_missing_at_entry,
0x11935745ee4df69d6b7470c32625585a81414f4d068ff5bb95521a7c46c029cc,0x5c7699be7dae0b0393d4a562a46c97f202b5dae4,0x5c7699be7dae0b0393d4a562a46c97f202b5dae4,0x5fc5360d0400a0fd4f2af552add042d716f1d168,0x5fc5360d0400a0fd4f2af552add042d716f1d168,1,850000,8500,0x0000000000000000000000000000000000000000,78562825,2026-10-02T21:45:13Z,0x9ca87d7f6dbe8fbbeaf3a90f62ac7b2ef96dbf38f1ac8cb0a9fc428fb239e6ee,78562825,2026-10-02T21:45:13Z,-375566,-884000,884000,195171351289898,195171351289898,1.366191,1366191,theoretical_from_L_and_price,True,-391000,-382500,swap_no_boundary,,-382075,True,0,0,2,2,0,119556255710122472685121,2026-10-02T22:58:06Z,2026-10-02T22:58:06Z,cohort_bounded_60m,
0x71439a0e4de7646458c333d57e5524d4adfe39f3d060c764c0b97b3b061d34ad,0x7d9092ec0fcb6347d1c402e9c028f9a3228aa0c8,0x5fc5360d0400a0fd4f2af552add042d716f1d168,0x7d9092ec0fcb6347d1c402e9c028f9a3228aa0c8,0x5fc5360d0400a0fd4f2af552add042d716f1d168,0,900000,9000,0x0000000000000000000000000000000000000000,78562973,2026-10-02T21:45:28Z,0x49a7afb97c82d6c9a2337d8be573b916af3dc5c94e8fd4b9bd906e49182202bc,78562973,2026-10-02T21:45:28Z,375982,-882000,882000,88895018340384,88895018340384,0.609452,609452,theoretical_from_L_and_price,True,378000,387000,no_swap,,,True,0,0,0,0,0,0,,,older_pool_history_missing_at_entry,
0x52410f27f9a66631bad6767f0f890b5292133b1ab0a2d243b30725d8daf49bc9,0x5c7699be7dae0b0393d4a562a46c97f202b5dae4,0x5c7699be7dae0b0393d4a562a46c97f202b5dae4,0x5fc5360d0400a0fd4f2af552add042d716f1d168,0x5fc5360d0400a0fd4f2af552add042d716f1d168,1,700000,7000,0x0000000000000000000000000000000000000000,78563394,2026-10-02T21:46:11Z,0x26b7a3361735d45978696b4869906326f5bef655bf0a071c351c0a91fa4d3c25,78563394,2026-10-02T21:46:11Z,-379520,-882000,882000,110207314319287,110207314319287,0.633067,633067,theoretical_from_L_and_price,True,-392000,-385000,interior_crossed_end_mixed,78578881,-388888,True,1,1,3,3,0,124009682603912793413093,,,cohort_bounded_60m,
0x7da0a0ab98f0e9746bc63cd0957da30c6ac5fc311046c2f158fe284d49bd7d1a,0x0f90d8f5a9a89ba362537555d9dd4217fe8945f4,0x0f90d8f5a9a89ba362537555d9dd4217fe8945f4,0x5fc5360d0400a0fd4f2af552add042d716f1d168,0x5fc5360d0400a0fd4f2af552add042d716f1d168,1,800000,8000,0x0000000000000000000000000000000000000000,78564851,2026-10-02T21:48:37Z,0x7eb29c23473d0674e1698fc1d7eb5320f22085e7f94cdbe1f3c443fddc26ed1d,78564851,2026-10-02T21:48:37Z,-390506,-880000,880000,268552532693221,268552532693221,0.890682,890682,theoretical_from_L_and_price,True,-400000,-392000,no_swap,,,True,0,0,0,0,0,0,,,older_pool_history_missing_at_entry,
0xfce2779751afd3ce146562e035cf769513d9c533d7b1586ba2372758b309d29c,0xc60ba256b44334a0cd2c7242e98b88f031abb006,0x5fc5360d0400a0fd4f2af552add042d716f1d168,0xc60ba256b44334a0cd2c7242e98b88f031abb006,0x5fc5360d0400a0fd4f2af552add042d716f1d168,0,777100,7771,0x0000000000000000000000000000000000000000,78565098,2026-10-02T21:49:02Z,0x5c29515a6d2e7eabdecc013c41b9b02bfae8361966708299597e43d330eee00e,78565098,2026-10-02T21:49:02Z,345875,-885894,885894,6329497394819,6329497394819,0.195507,195507,theoretical_from_L_and_price,True,349695,357466,no_swap,,,True,0,0,0,0,0,0,,,older_pool_history_missing_at_entry,
0x7609631f5747db07bb17ea99647b0d15e47b416ec147fb24f9f77f8c2f8b2b86,0xd8a50109ee1cbe4c272c65dc8f4306555756374e,0x5fc5360d0400a0fd4f2af552add042d716f1d168,0xd8a50109ee1cbe4c272c65dc8f4306555756374e,0x5fc5360d0400a0fd4f2af552add042d716f1d168,0,777770,7778,0x0000000000000000000000000000000000000000,78565411,2026-10-02T21:49:34Z,0xda575d00715d787fe07872ac57d432f45bc0a312607a8f8a12e7938df4ef13e3,78565411,2026-10-02T21:49:34Z,392512,-886692,886692,501629228303982,501629228303982,1.504939,1504939,theoretical_from_L_and_price,True,396678,404456,no_swap,,,True,0,0,0,0,0,0,,,cohort_bounded_60m,
0x80115498083ee5f477ffc60588776f26c068d0d0fd786403cabbb8ee73168034,0xdbed03be30873edf154c6989742ac6b0d187a32f,0x5fc5360d0400a0fd4f2af552add042d716f1d168,0xdbed03be30873edf154c6989742ac6b0d187a32f,0x5fc5360d0400a0fd4f2af552add042d716f1d168,0,774440,7744,0x0000000000000000000000000000000000000000,78567629,2026-10-02T21:53:17Z,0x2d790d1d0e24a8d940e506688aa37269cea1e65fee4df016aec400cee805daaf,78567629,2026-10-02T21:53:17Z,393690,-882816,882816,108425645650290,108425645650290,0.306682,306682,theoretical_from_L_and_price,True,394944,402688,no_swap,,,True,0,0,0,0,0,0,,,cohort_bounded_60m,
0x466afb7180242610f56f6a11fa31f156f645b715bcde24d86bfea8403637d820,0x105cca066775368454bf243d3dd4c623c7e6150c,0x105cca066775368454bf243d3dd4c623c7e6150c,0x5fc5360d0400a0fd4f2af552add042d716f1d168,0x5fc5360d0400a0fd4f2af552add042d716f1d168,1,700000,7000,0x0000000000000000000000000000000000000000,78568453,2026-10-02T21:54:40Z,0xecfed2510a8c2cdd2a2ad6af857d93fb01901edb3a39cac47228643e32389c04,78568453,2026-10-02T21:54:40Z,-395026,-882000,882000,364655465988012,364655465988012,0.964785,964785,theoretical_from_L_and_price,True,-406000,-399000,no_swap,,,True,0,0,0,0,0,0,,,cohort_bounded_60m,
0xef4d101ecb0765795fac3e8600f8ebe69c9d1649ccf5eaea34bb73d72bc400ae,0x07bbe15bca9549b6f7ab9e1c95baa3b86863fa99,0x0000000000000000000000000000000000000000,0x07bbe15bca9549b6f7ab9e1c95baa3b86863fa99,0x0000000000000000000000000000000000000000,0,790000,60,0x0000000000000000000000000000000000000000,78568603,2026-10-02T21:54:55Z,0xad99afc0900d9ba765b972fa9bdc4b7b35f1103bd752d4c7b08ff2419c9cf299,78568603,2026-10-02T21:54:55Z,193496,-887220,887220,636181795924551840,636181795924551840,0.000039999999999999,39999999999999,theoretical_from_L_and_price,True,193500,193560,no_swap,,,True,0,0,0,0,0,0,,,cohort_bounded_60m,
0xac17306461276394d77531a10a2ed7f198af885518bd7adb12f408e1cad4ca29,0x07bbe15bca9549b6f7ab9e1c95baa3b86863fa99,0x07bbe15bca9549b6f7ab9e1c95baa3b86863fa99,0x5fc5360d0400a0fd4f2af552add042d716f1d168,0x5fc5360d0400a0fd4f2af552add042d716f1d168,1,904440,9044,0x0000000000000000000000000000000000000000,78570052,2026-10-02T21:57:19Z,0xc715c10c001e6c49cf65ac6223821c2ecf39f54ee9ad11ecaf5c06ca0b602093,78570052,2026-10-02T21:57:19Z,-375364,-886312,886312,165443691468375,165443691468375,1.169854,1169854,theoretical_from_L_and_price,True,-388892,-379848,no_swap,,,True,0,0,0,0,0,0,,,cohort_bounded_60m,
0xb0678e39163a141230583708947343a6aaaf9e9d7906e007612baafa0f29aff2,0x1169b994d2b0b264243a0dd72015293bd4192dea,0x1169b994d2b0b264243a0dd72015293bd4192dea,0x5fc5360d0400a0fd4f2af552add042d716f1d168,0x5fc5360d0400a0fd4f2af552add042d716f1d168,1,960000,9600,0x0000000000000000000000000000000000000000,78570540,2026-10-02T21:58:08Z,0x8caa0cf38e433be30c75e5f9f27163b548848e721a578f881acde6057c556bc1,78570540,2026-10-02T21:58:08Z,-437514,-883200,883200,88329808636051,88329808636051,0.02793,27930,theoretical_from_L_and_price,True,-451200,-441600,no_swap,,,True,0,0,0,0,0,0,2026-10-02T23:44:37Z,2026-10-02T23:44:37Z,older_pool_history_missing_at_entry,
0xc4a8b9ea965e4acc4c3227ed89fd6579222710978f5b4ab63689a89e918c8564,0xd1670c3b6355c73f0d755310100166cb230babc5,0x0000000000000000000000000000000000000000,0xd1670c3b6355c73f0d755310100166cb230babc5,0x0000000000000000000000000000000000000000,0,883131,200,0x0000000000000000000000000000000000000000,78571434,2026-10-02T21:59:38Z,0x07ef7fb1f7904a1fac096df7abe8c7e3e0f57258e707aa5ba389d9e3faaea6d3,78571434,2026-10-02T21:59:38Z,185272,-887200,887200,12837418513198889168,12837418513198889168,0.001217699999999999,1217699999999999,theoretical_from_L_and_price,True,185400,185600,no_swap,,,True,0,0,0,0,0,0,,,cohort_bounded_60m,
0x7771cc8042213cfe86621c3675d7928a161afbd49bccb2239e0066fab249a3a2,0xbf3d0afa7417c336bbba6acaecafbc38b918e4cb,0x0000000000000000000000000000000000000000,0xbf3d0afa7417c336bbba6acaecafbc38b918e4cb,0x0000000000000000000000000000000000000000,0,883131,200,0x0000000000000000000000000000000000000000,78572797,2026-10-02T22:01:56Z,0x0d2f8555d188ce3566fa1b83db9fa4e69f212fd536196ae4d57fec2cfe40c277,78572797,2026-10-02T22:01:56Z,174145,-887200,887200,7360031463482614767,7360031463482614767,0.001217699999999999,1217699999999999,theoretical_from_L_and_price,True,174200,174400,swap_no_boundary,,151329,True,3,3,3,11,22184523210846458,0,2026-10-02T22:17:14Z,2026-10-02T22:42:45Z,cohort_bounded_60m,2026-10-02T22:42:45Z
0x3d8ab227be59eb265a46ee84c6eefb414e213f827eb0e067485530e459fcd882,0x330c1bc706f24c53f8b45f2370edee50ef425226,0x330c1bc706f24c53f8b45f2370edee50ef425226,0x5fc5360d0400a0fd4f2af552add042d716f1d168,0x5fc5360d0400a0fd4f2af552add042d716f1d168,1,850000,8500,0x0000000000000000000000000000000000000000,78573201,2026-10-02T22:02:36Z,0x5c572ff8fb86e7b43bc202ed1765833642760605a2c7702463561c6281107170,78573201,2026-10-02T22:02:36Z,-377596,-884000,884000,738211092260877,738211092260877,4.668716,4668716,theoretical_from_L_and_price,True,-391000,-382500,no_swap,,,True,0,0,0,0,0,0,,,cohort_bounded_60m,
0x1c62ca032a441f6d85cb34ccbb9ce9a77f3df076e55474a7abcad1e9ae483db2,0xbf3d0afa7417c336bbba6acaecafbc38b918e4cb,0x5fc5360d0400a0fd4f2af552add042d716f1d168,0xbf3d0afa7417c336bbba6acaecafbc38b918e4cb,0x5fc5360d0400a0fd4f2af552add042d716f1d168,0,700000,7000,0x0000000000000000000000000000000000000000,78575522,2026-10-02T22:06:30Z,0x32ce7569c3170e1928ca7ddd48fc8db0d7ba5a08f7bcd819da64fe8e8d5f8d75,78575522,2026-10-02T22:06:30Z,360823,-882000,882000,37441345360377,37441345360377,0.547735,547735,theoretical_from_L_and_price,True,364000,371000,swap_no_boundary,,356586,True,1,2,4,4,1069274,1522037293644755682233,,,cohort_bounded_60m,2026-10-02T22:42:45Z
0x25e59969eb5a98d8b487e830775e52f81c4fe92dd85fb639e3b6ca684989aca2,0x330c1bc706f24c53f8b45f2370edee50ef425226,0x330c1bc706f24c53f8b45f2370edee50ef425226,0x5fc5360d0400a0fd4f2af552add042d716f1d168,0x5fc5360d0400a0fd4f2af552add042d716f1d168,1,900000,9000,0x0000000000000000000000000000000000000000,78576213,2026-10-02T22:07:39Z,0x59f04b009af82a07dc5878f1878777bd155a1e248643899e666df395b89d7253,78576213,2026-10-02T22:07:39Z,-387405,-882000,882000,45237517249632,45237517249632,0.175196,175196,theoretical_from_L_and_price,True,-405000,-396000,no_swap,,,True,0,0,0,0,0,0,2026-10-02T23:02:20Z,2026-10-02T23:02:20Z,cohort_bounded_60m,
0xc974b7b1633594640ef8afc5d5cdccfb572a3b679c2db311dbbfc25d7745cf33,0xbf3d0afa7417c336bbba6acaecafbc38b918e4cb,0x5fc5360d0400a0fd4f2af552add042d716f1d168,0xbf3d0afa7417c336bbba6acaecafbc38b918e4cb,0x5fc5360d0400a0fd4f2af552add042d716f1d168,0,730000,7300,0x0000000000000000000000000000000000000000,78576297,2026-10-02T22:07:48Z,0xf2dd9461d56c49674622c726dbf8087d481cf79edf31ab74678f1719932e9b33,78576297,2026-10-02T22:07:48Z,346683,-883300,883300,83988021448258,83988021448258,2.49154,2491540,theoretical_from_L_and_price,True,350400,357700,interior_crossed_end_mixed,78576551,357155,True,3,4,8,8,1341141,26033679552961917184749,2026-10-02T22:17:20Z,2026-10-02T22:48:28Z,cohort_bounded_60m,2026-10-02T22:42:45Z
0x025ee91b5e089b66c78938fdec4f88102fe677480f15d1187c21d476223dc07a,0xe07119cdd031e8a2043c3c9c4f9c56f34e54a81e,0x5fc5360d0400a0fd4f2af552add042d716f1d168,0xe07119cdd031e8a2043c3c9c4f9c56f34e54a81e,0x5fc5360d0400a0fd4f2af552add042d716f1d168,0,800000,8000,0x0000000000000000000000000000000000000000,78579029,2026-10-02T22:12:22Z,0x25ae2d713e593b607a25ddd3deca8ac770984aef751583c93e1dd62ebf1ec716,78579029,2026-10-02T22:12:22Z,382295,352000,400000,47792740389656,47792740389656,0.140364,140364,theoretical_from_L_and_price,True,384000,392000,no_swap,,,False,0,0,0,0,0,0,,,older_pool_history_missing_at_entry,
0x8ab199f962ef0327cdfb6f848ba37926f24d8a3770920c6edf60feece31aa4a6,0xbf3d0afa7417c336bbba6acaecafbc38b918e4cb,0x0000000000000000000000000000000000000000,0xbf3d0afa7417c336bbba6acaecafbc38b918e4cb,0x0000000000000000000000000000000000000000,0,800000,8000,0x0000000000000000000000000000000000000000,78580697,2026-10-02T22:15:08Z,0x2c83bbf1b5ee853457656198754994070f10eeea1c7f7f64a107df808be2398d,78580697,2026-10-02T22:15:08Z,172866,-880000,880000,1118113312569839917,1118113312569839917,0.000197213207815397,197213207815397,theoretical_from_L_and_price,True,176000,184000,no_swap,,,True,0,0,0,1,0,0,2026-10-02T22:34:57Z,2026-10-02T22:34:57Z,cohort_bounded_60m,2026-10-02T22:42:45Z
0x42b022a4bc56c2caecce462fb387dc5d5e4f432ebf7fc3d583ea2b52ac8305c9,0x523bbb74cb0585b5f76b6bea43b5a80686a2906a,0x523bbb74cb0585b5f76b6bea43b5a80686a2906a,0x5fc5360d0400a0fd4f2af552add042d716f1d168,0x5fc5360d0400a0fd4f2af552add042d716f1d168,1,700000,7000,0x0000000000000000000000000000000000000000,78581494,2026-10-02T22:16:29Z,0x2c1c9ade71f496638c8d29a7b887f3e32dc24444b0dbca2e5c1362efedaa96dd,78581494,2026-10-02T22:16:29Z,-371046,-882000,882000,260071513726537,260071513726537,2.282096,2282096,theoretical_from_L_and_price,True,-385000,-378000,swap_no_boundary,,-371229,True,0,0,3,5,2487847,91340288004189105620112,2026-10-02T22:23:53Z,2026-10-02T22:23:53Z,cohort_bounded_60m,2026-10-02T22:23:53Z
0x5cd5c3cabbbfee85a921db41203944267016fc3d7c684ec6362addb1d37308a5,0x024a0ffb5fac743b9b507fd3f8f3f914013c123b,0x024a0ffb5fac743b9b507fd3f8f3f914013c123b,0x5fc5360d0400a0fd4f2af552add042d716f1d168,0x5fc5360d0400a0fd4f2af552add042d716f1d168,1,900000,9000,0x0000000000000000000000000000000000000000,78581527,2026-10-02T22:16:32Z,0x57bbd4d279c23cc3445fcaa83a8fcc14ba290068616418d6610b79114b7aedf6,78581527,2026-10-02T22:16:32Z,-438567,-882000,882000,24614636241625050,24614636241625050,7.384279,7384279,theoretical_from_L_and_price,True,-450000,-441000,no_swap,,,True,0,0,0,0,0,0,,,cohort_bounded_60m,
0x136d8a9fa75d0c8a51a920f87a06d622dc5bef0796add9fb67045d722c957f5f,0x523bbb74cb0585b5f76b6bea43b5a80686a2906a,0x523bbb74cb0585b5f76b6bea43b5a80686a2906a,0x5fc5360d0400a0fd4f2af552add042d716f1d168,0x5fc5360d0400a0fd4f2af552add042d716f1d168,1,820000,8200,0x0000000000000000000000000000000000000000,78582444,2026-10-02T22:18:04Z,0xa55d0ca17a6dbac33a7a4d56c3f435d2f4445a9b13ad424b78e7510666b08f2a,78582444,2026-10-02T22:18:04Z,-377349,-885600,885600,766921404140010,766921404140010,4.91056,4910560,theoretical_from_L_and_price,True,-393600,-385400,swap_no_boundary,,-375221,True,0,0,3,3,9053311,0,2026-10-02T22:32:19Z,2026-10-02T23:05:45Z,cohort_bounded_60m,2026-10-02T22:23:53Z
0xd7a3b6e231616e49352fea85b96829cde7c03e2551dda03a09c8d6505d9cb204,0x823ad2041de15006206f53af4af85023ffdc7f97,0x5fc5360d0400a0fd4f2af552add042d716f1d168,0x823ad2041de15006206f53af4af85023ffdc7f97,0x5fc5360d0400a0fd4f2af552add042d716f1d168,0,805000,8050,0x0000000000000000000000000000000000000000,78585371,2026-10-02T22:22:58Z,0x133987e28ffb95793f3f1dbbc6f47bca6d42095e4742218aae6a1764f2fcafef,78585371,2026-10-02T22:22:58Z,400622,-885500,885500,201223946384966,201223946384966,0.402455,402455,theoretical_from_L_and_price,True,402500,410550,no_swap,,,True,0,0,0,0,0,0,,,cohort_bounded_60m,
0x35fc8bc53da161a9b184e478d25c443b6894f36010bfe9eeea6ce9dc2378fc90,0x330c1bc706f24c53f8b45f2370edee50ef425226,0x330c1bc706f24c53f8b45f2370edee50ef425226,0x5fc5360d0400a0fd4f2af552add042d716f1d168,0x5fc5360d0400a0fd4f2af552add042d716f1d168,1,770000,7700,0x0000000000000000000000000000000000000000,78586730,2026-10-02T22:25:15Z,0xe195042ed1681ee02853e1784d5274b79a7354feb9835810d9ca1d2b73a460f8,78586730,2026-10-02T22:25:15Z,-387405,-885500,885500,226909539809662,226909539809662,0.87878,878780,theoretical_from_L_and_price,True,-400400,-392700,no_swap,,,True,0,0,0,0,0,0,,,cohort_bounded_60m,
0x20045bfa3fb2ef67f663ba8b95a20124a265ae9c25f46a303ee1ac5fc25358fb,0xa9ddbd54f2cbf7de7ce5caefed8fd64b0007f836,0x5fc5360d0400a0fd4f2af552add042d716f1d168,0xa9ddbd54f2cbf7de7ce5caefed8fd64b0007f836,0x5fc5360d0400a0fd4f2af552add042d716f1d168,0,774440,7744,0x0000000000000000000000000000000000000000,78587149,2026-10-02T22:25:57Z,0xe47cc561c5ab1d554459af642a25c4bc0920a8d8e0c19ec1bf95d078af62948c,78587149,2026-10-02T22:25:57Z,363731,-882816,882816,46915261428892,46915261428892,0.593458,593458,theoretical_from_L_and_price,True,363968,371712,no_swap,,,True,0,0,0,0,0,0,2026-10-02T23:47:02Z,,cohort_bounded_60m,
0xccd008ee496378122710cf37ce2b43ab8dea987d6b21a1cc68f0d362493f49ad,0xa9ddbd54f2cbf7de7ce5caefed8fd64b0007f836,0x5fc5360d0400a0fd4f2af552add042d716f1d168,0xa9ddbd54f2cbf7de7ce5caefed8fd64b0007f836,0x5fc5360d0400a0fd4f2af552add042d716f1d168,0,850000,8500,0x0000000000000000000000000000000000000000,78588055,2026-10-02T22:27:28Z,0xfa57c8ff44f0a9c9cb4bcebd5f4bb57a4c3b51e6cde255c95005acd4968175cc,78588055,2026-10-02T22:27:28Z,357993,-884000,884000,185379635298735,185379635298735,3.124146,3124146,theoretical_from_L_and_price,True,365500,374000,no_swap,,,True,0,0,0,0,0,0,2026-10-02T23:06:54Z,2026-10-02T23:06:54Z,cohort_bounded_60m,
0xb993af2570c977165d5bd97714fb20509586056418170f69ab6df728b0d6ad2e,0xcb8f0103c7f7ca153baa10753cdd5f4835eeef82,0x5fc5360d0400a0fd4f2af552add042d716f1d168,0xcb8f0103c7f7ca153baa10753cdd5f4835eeef82,0x5fc5360d0400a0fd4f2af552add042d716f1d168,0,774440,7744,0x0000000000000000000000000000000000000000,78588096,2026-10-02T22:27:32Z,0x20ad2a6b7c991cd7b052907fab1008570cc2743ce5d6864e41b3c17e907e6c53,78588096,2026-10-02T22:27:32Z,372142,-882816,882816,96567464499877,96567464499877,0.802183,802183,theoretical_from_L_and_price,True,379456,387200,no_swap,,,True,0,0,0,2,0,0,2026-10-02T23:29:21Z,,cohort_bounded_60m,
0xdebd173e797aee73172c8fec04dc9d794e9e5206e29072469ab4f624fc15e6d6,0x1510b83d3b545d74e786f616cf0909a40e956775,0x1510b83d3b545d74e786f616cf0909a40e956775,0x5fc5360d0400a0fd4f2af552add042d716f1d168,0x5fc5360d0400a0fd4f2af552add042d716f1d168,1,910000,9100,0x0000000000000000000000000000000000000000,78588136,2026-10-02T22:27:36Z,0xb3781da0b313099f1e4e3ab0a4de57335d7757286c16554dc1227d5b4642b75e,78588136,2026-10-02T22:27:36Z,-426527,-882700,882700,2215472458833586,2215472458833586,1.213425,1213425,theoretical_from_L_and_price,True,-436800,-427700,no_swap,,,True,0,0,0,0,0,0,2026-10-02T23:49:55Z,2026-10-02T23:49:55Z,older_pool_history_missing_at_entry,
0xfeba3d96826e19013d58cbc2a8bbc1915541949ea3938f5c21e740c22d0f4489,0x327a1184edfb3b0d7d137fce4318b85af77e91e2,0x0000000000000000000000000000000000000000,0x327a1184edfb3b0d7d137fce4318b85af77e91e2,0x0000000000000000000000000000000000000000,0,750000,7500,0x0000000000000000000000000000000000000000,78589584,2026-10-02T22:30:01Z,0x7b6e9100b827e6a642058229dc1b4a5d8d83f4b4604345895e157784d4207537,78589584,2026-10-02T22:30:01Z,188132,-885000,885000,38315688015302552253,38315688015302552253,0.003150260030210225,3150260030210225,theoretical_from_L_and_price,True,195000,202500,no_swap,,,True,0,0,0,0,0,0,,,cohort_bounded_60m,
0x6714eb195a48b5f2035ec4b08ba35de03bf1155333f61c3ca5454500aa69e643,0x523bbb74cb0585b5f76b6bea43b5a80686a2906a,0x523bbb74cb0585b5f76b6bea43b5a80686a2906a,0x5fc5360d0400a0fd4f2af552add042d716f1d168,0x5fc5360d0400a0fd4f2af552add042d716f1d168,1,992000,9920,0x0000000000000000000000000000000000000000,78590420,2026-10-02T22:31:25Z,0x40134555fd0987025a18f636eb79a4a945493958f0f196dc32dfb87b4013eb4f,78590420,2026-10-02T22:31:25Z,-346459,-882880,882880,166669242512708,166669242512708,4.999999,4999999,theoretical_from_L_and_price,True,-357120,-347200,no_swap,,,True,0,0,0,0,0,0,2026-10-02T23:43:03Z,2026-10-02T23:43:03Z,cohort_bounded_60m,2026-10-02T22:40:45Z
0x16dc204667000460deffbe215800c6f2a250c65b0dfb655c94dcb8e4ea45a203,0x923bce12f2faa00e21f9406dd161e360f858c3e2,0x0000000000000000000000000000000000000000,0x923bce12f2faa00e21f9406dd161e360f858c3e2,0x0000000000000000000000000000000000000000,0,810000,8100,0x0000000000000000000000000000000000000000,78591283,2026-10-02T22:32:52Z,0x7b2b8e206fbc10faf8d2f5162a1ae6faebafcb18b513c1a443128b7c9b23d4a4,78591283,2026-10-02T22:32:52Z,78874,-882900,882900,50754756221728348,50754756221728348,0.000983637842456723,983637842456723,theoretical_from_L_and_price,True,81000,89100,no_swap,,,True,0,0,0,0,0,0,,,cohort_bounded_60m,
0xe8adcbec1e323bca143298212b067e6974ae8501cf383344658b8b7e49990a7c,0xbf3d0afa7417c336bbba6acaecafbc38b918e4cb,0x5fc5360d0400a0fd4f2af552add042d716f1d168,0xbf3d0afa7417c336bbba6acaecafbc38b918e4cb,0x5fc5360d0400a0fd4f2af552add042d716f1d168,0,760000,7600,0x0000000000000000000000000000000000000000,78592075,2026-10-02T22:34:12Z,0xd9f46e997232de81c7b7d8c21b9595256938ce405539ef4837d8f786ef11d702,78592075,2026-10-02T22:34:12Z,366041,-881600,881600,57542832486231,57542832486231,0.648498,648498,theoretical_from_L_and_price,True,372400,380000,no_swap,,,True,0,0,0,0,0,0,2026-10-02T23:36:33Z,2026-10-02T23:36:33Z,cohort_bounded_60m,2026-10-02T22:42:45Z
0xb50b7b2358ef170c56c4f3718c6047e94c7a8229524b54e0657fe76dbf2bff05,0xb4ebf16f805c3e307242728c1aa3c1ee07e965f7,0x0000000000000000000000000000000000000000,0xb4ebf16f805c3e307242728c1aa3c1ee07e965f7,0x0000000000000000000000000000000000000000,0,750000,7500,0x0000000000000000000000000000000000000000,78592946,2026-10-02T22:35:39Z,0x7a7f5516790225915fdcc4ce03b074d65336e1a0cc0eeb4525dac23869b7aebd,78592946,2026-10-02T22:35:39Z,168442,-885000,885000,8151573201163598902,8151573201163598902,0.001793712142995638,1793712142995638,theoretical_from_L_and_price,True,172500,180000,no_swap,,,True,0,0,0,0,0,0,2026-10-02T23:07:09Z,2026-10-02T23:07:09Z,older_pool_history_missing_at_entry,
0xdd8b0979ae7ea8c18231a8082c6971b047c9b0713984dcde3ff66d3a7b7f7f93,0xcb8f0103c7f7ca153baa10753cdd5f4835eeef82,0x0000000000000000000000000000000000000000,0xcb8f0103c7f7ca153baa10753cdd5f4835eeef82,0x0000000000000000000000000000000000000000,0,770000,7700,0x0000000000000000000000000000000000000000,78593669,2026-10-02T22:36:52Z,0x569b3c83fa2cab999aefceab067e54c9565dfc3e26c553985c2bb40f2de96deb,78593669,2026-10-02T22:36:52Z,170989,-885500,885500,2056808581198208205,2056808581198208205,0.000398474517859533,398474517859533,theoretical_from_L_and_price,True,177100,184800,no_swap,,,True,0,0,0,1,0,0,2026-10-02T23:29:39Z,2026-10-02T23:29:39Z,cohort_bounded_60m,2026-10-02T23:29:39Z
0x52e4902ed16ff5dce92a5c9dfaa0c18fe474ec7445b8c306247ae1c71d6a4a35,0x523bbb74cb0585b5f76b6bea43b5a80686a2906a,0x523bbb74cb0585b5f76b6bea43b5a80686a2906a,0x5fc5360d0400a0fd4f2af552add042d716f1d168,0x5fc5360d0400a0fd4f2af552add042d716f1d168,1,861300,8613,0x0000000000000000000000000000000000000000,78595184,2026-10-02T22:39:24Z,0x766394b2f9fdea4e4d4025fc27a0db633b20913d868d1bebbb6b6a031f98278a,78595184,2026-10-02T22:39:24Z,-380473,-887139,887139,32933411611270,32933411611270,0.180377,180377,theoretical_from_L_and_price,True,-396198,-387585,no_swap,,,True,0,0,0,0,0,0,,,cohort_bounded_60m,2026-10-02T22:40:45Z
0x3daf5f3072268465499d19a922e9d389b3aa18181b1555f1fc318dec97044703,0x9e83e81506f2dd6438ceef0a151174beed40314b,0x5fc5360d0400a0fd4f2af552add042d716f1d168,0x9e83e81506f2dd6438ceef0a151174beed40314b,0x5fc5360d0400a0fd4f2af552add042d716f1d168,0,850000,8500,0x0000000000000000000000000000000000000000,78596202,2026-10-02T22:41:05Z,0x3a7c89f12710a725d6879ee5464a8e884a77c5fd7dc3fd5e3f1e2b6f4a4c7f46,78596202,2026-10-02T22:41:05Z,364049,-884000,884000,27343791480567,27343791480567,0.340431,340431,theoretical_from_L_and_price,True,365500,374000,interior_crossed_end_token_only,78606858,419219,True,0,0,1,1,0,216545291776261657604612,,,cohort_bounded_60m,
0x46860e7f142c3dc48dd92625473af176406cfec67e9add4816d982fa831ff03d,0xa9ddbd54f2cbf7de7ce5caefed8fd64b0007f836,0x0000000000000000000000000000000000000000,0xa9ddbd54f2cbf7de7ce5caefed8fd64b0007f836,0x0000000000000000000000000000000000000000,0,883300,8833,0x0000000000000000000000000000000000000000,78598223,2026-10-02T22:44:29Z,0x948a921c254185252df29619dbd9225264e74cb4847ac90fe44ba50b47b47ff8,78598223,2026-10-02T22:44:29Z,161869,-883300,883300,9447377704247827614,9447377704247827614,0.002887661877908166,2887661877908166,theoretical_from_L_and_price,True,167827,176660,no_swap,,,True,0,0,0,0,0,0,,,cohort_bounded_60m,
0xb616299fe24e0befb7e5a551ebc54db6bcbd656ffb4acf75af313360b1375c27,0x8ab20704066cb6834e86308ddfc24b8ba07596cc,0x5fc5360d0400a0fd4f2af552add042d716f1d168,0x8ab20704066cb6834e86308ddfc24b8ba07596cc,0x5fc5360d0400a0fd4f2af552add042d716f1d168,0,875700,8757,0x0000000000000000000000000000000000000000,78598675,2026-10-02T22:45:15Z,0xc924b2d840d00530731c1757cdb376aafc1bcffce88a80853ef038e7faef5a89,78598675,2026-10-02T22:45:15Z,382295,-884457,884457,55966319595843,55966319595843,0.27984,279840,theoretical_from_L_and_price,True,385308,394065,no_swap,,,True,0,0,0,0,0,0,,,cohort_bounded_60m,
0xf6c3ffb4ed70bde431616a13da16dabc18617a4ee80a796775a19577f20f1f57,0x1169b994d2b0b264243a0dd72015293bd4192dea,0x1169b994d2b0b264243a0dd72015293bd4192dea,0x5fc5360d0400a0fd4f2af552add042d716f1d168,0x5fc5360d0400a0fd4f2af552add042d716f1d168,1,970000,9700,0x0000000000000000000000000000000000000000,78598934,2026-10-02T22:45:41Z,0x2a89eaa4c7ab429b7bd0c60aebea8e6595b6e3df9a4c6feb14cff493ddccc777,78598934,2026-10-02T22:45:41Z,-380473,-882700,882700,63766057974167,63766057974167,0.349249,349249,theoretical_from_L_and_price,True,-397700,-388000,interior_crossed_end_mixed,78599056,-392675,True,1,1,1,1,0,326189686920430629717348,2026-10-03T00:00:42Z,2026-10-03T00:00:42Z,older_pool_history_missing_at_entry,
0x419acb9e300f53d39c581dceb0b6a41ecd89e59daed223b13984a47d2586c4e6,0x27d69706eab7c02b8955e8224d0f2989437cdc26,0x27d69706eab7c02b8955e8224d0f2989437cdc26,0x5fc5360d0400a0fd4f2af552add042d716f1d168,0x5fc5360d0400a0fd4f2af552add042d716f1d168,1,989999,9900,0x0000000000000000000000000000000000000000,78599602,2026-10-02T22:46:48Z,0xb3717d6672d308ce7fac46bd415907c1135c9647ef94df8c32d91006a2222d89,78599602,2026-10-02T22:46:48Z,-403500,-881100,881100,41683120878460,41683120878460,0.072194,72194,theoretical_from_L_and_price,True,-415800,-405900,no_swap,,,True,0,0,0,0,0,0,,,cohort_bounded_60m,
0x285bac9c30ea8de0a0181ff901713968bd5fae42e0cde15480692c155c399305,0x1894ec829b20541ae82f8ee065a3ef8dc8c40c3a,0x1894ec829b20541ae82f8ee065a3ef8dc8c40c3a,0x5fc5360d0400a0fd4f2af552add042d716f1d168,0x5fc5360d0400a0fd4f2af552add042d716f1d168,1,989999,9900,0x0000000000000000000000000000000000000000,78599928,2026-10-02T22:47:20Z,0x7d6f5ee838c587946fdcc0e98da061068ccfa8d91a29a8727fe969bca74b72b2,78599928,2026-10-02T22:47:20Z,-403500,-881100,881100,67810778875732,67810778875732,0.117447,117447,theoretical_from_L_and_price,True,-415800,-405900,no_swap,,,True,0,0,0,0,0,0,,,cohort_bounded_60m,
0x24d2f4746c27bfadc858de3c0da85a58cc1653a8a549a06751e3d3cc824e64d5,0x823ad2041de15006206f53af4af85023ffdc7f97,0x5fc5360d0400a0fd4f2af552add042d716f1d168,0x823ad2041de15006206f53af4af85023ffdc7f97,0x5fc5360d0400a0fd4f2af552add042d716f1d168,0,989999,9900,0x0000000000000000000000000000000000000000,78600209,2026-10-02T22:47:48Z,0x4a77019756ac67e8a8b1495853727606e8939fe26eccccc8de7fe6dfded009bd,78600209,2026-10-02T22:47:48Z,403499,-881100,881100,68261754904840,68261754904840,0.118234,118234,theoretical_from_L_and_price,True,405900,415800,no_swap,,,True,0,0,0,0,0,0,,,cohort_bounded_60m,
0xc82e10072b8a59f2eb96647d17ed9ab05e5fd2bdc4549cef70b69fa8879dd8c6,0x13b29c35695441274b7a6898c46c79a34dba6b08,0x13b29c35695441274b7a6898c46c79a34dba6b08,0x5fc5360d0400a0fd4f2af552add042d716f1d168,0x5fc5360d0400a0fd4f2af552add042d716f1d168,1,989999,9900,0x0000000000000000000000000000000000000000,78600486,2026-10-02T22:48:16Z,0x1459ec93257e747af95b2ed9e1dcbfdb25ecc456c1f142acfe77285a80e7ca58,78600486,2026-10-02T22:48:16Z,-403500,-881100,881100,46485672294307,46485672294307,0.080512,80512,theoretical_from_L_and_price,True,-415800,-405900,no_swap,,,True,0,0,0,0,0,0,,,cohort_bounded_60m,
0x99cc3545371097e8f228f1688e6f0d7facecc7c5b6c87489a451659e5ec62097,0x2dc041faee5946b97756727eb74c0755830a35fb,0x2dc041faee5946b97756727eb74c0755830a35fb,0x5fc5360d0400a0fd4f2af552add042d716f1d168,0x5fc5360d0400a0fd4f2af552add042d716f1d168,1,989999,9900,0x0000000000000000000000000000000000000000,78600734,2026-10-02T22:48:41Z,0x989834815188cb0388355c4c62af1d91bfa0665a102c5d33424857c401fd371d,78600734,2026-10-02T22:48:41Z,-403500,-881100,881100,31817047472115,31817047472115,0.055106,55106,theoretical_from_L_and_price,True,-415800,-405900,no_swap,,,True,0,0,0,0,0,0,,,cohort_bounded_60m,
0x2e431fe8f6b2ef1f5a39cf331abf5f0bce3ced4765af1b44d4373da18c6198c0,0x951fe06f8059f2a9073fa5d22c775787fda3ed5d,0x5fc5360d0400a0fd4f2af552add042d716f1d168,0x951fe06f8059f2a9073fa5d22c775787fda3ed5d,0x5fc5360d0400a0fd4f2af552add042d716f1d168,0,880000,8800,0x0000000000000000000000000000000000000000,78601569,2026-10-02T22:50:05Z,0x030d1b246710e909e9feb353e22aa649ab3e99c6a63dcdf45d2920ecdfa38fcf,78601569,2026-10-02T22:50:05Z,365138,-880000,880000,142562321850572,142562321850572,1.680854,1680854,theoretical_from_L_and_price,True,369600,378400,no_swap,,,True,0,0,0,0,0,0,2026-10-02T23:52:54Z,2026-10-02T23:52:54Z,older_pool_history_missing_at_entry,
0xa5978aa982aef0f47a251782c7699f939c2adb986376a5417de0ac94a050a7a3,0x523bbb74cb0585b5f76b6bea43b5a80686a2906a,0x523bbb74cb0585b5f76b6bea43b5a80686a2906a,0x5fc5360d0400a0fd4f2af552add042d716f1d168,0x5fc5360d0400a0fd4f2af552add042d716f1d168,1,900001,9000,0x0000000000000000000000000000000000000000,78601662,2026-10-02T22:50:14Z,0x575fa849c3e4e6bd0eafc78094ac1f8393b1d2f443277cceb76759aae431d2f2,78601662,2026-10-02T22:50:14Z,-373541,-882000,882000,341878695864993,341878695864993,2.64812,2648120,theoretical_from_L_and_price,True,-387000,-378000,no_swap,,,True,0,0,0,0,0,0,,,cohort_bounded_60m,2026-10-02T23:05:45Z
0xd6fa29b06cc55de2386283ff01852ead2bcebb746a7fed6f2e561bdc758d1274,0xf74db4b4dbae7d4f9c60970132905bc3d8b7c1c1,0x5fc5360d0400a0fd4f2af552add042d716f1d168,0xf74db4b4dbae7d4f9c60970132905bc3d8b7c1c1,0x5fc5360d0400a0fd4f2af552add042d716f1d168,0,990020,9900,0x0000000000000000000000000000000000000000,78602588,2026-10-02T22:51:48Z,0x45789a3b4cc867e891107cbc2492b99b705d17551aece0fa35bf5dd6d41483f2,78602588,2026-10-02T22:51:48Z,421417,-881100,881100,64626787291157,64626787291157,0.045699,45699,theoretical_from_L_and_price,True,425700,435600,no_swap,,,True,0,0,0,0,0,0,,,cohort_bounded_60m,
0x3fe3d7254b2ad2858b9045d667eb21a399814416642a5f619427ef6396b19143,0x14a64d6f3db9900be9c554d0961f539a16f43f9c,0x14a64d6f3db9900be9c554d0961f539a16f43f9c,0x5fc5360d0400a0fd4f2af552add042d716f1d168,0x5fc5360d0400a0fd4f2af552add042d716f1d168,1,989999,9900,0x0000000000000000000000000000000000000000,78603060,2026-10-02T22:52:35Z,0x4a66ac7bc5abc886175715673e2f9d5df9194f41489e43716111b7e33637d351,78603060,2026-10-02T22:52:35Z,-403500,-881100,881100,35368441287800,35368441287800,0.061257,61257,theoretical_from_L_and_price,True,-415800,-405900,swap_no_boundary,,-402841,True,9,11,11,11,516106,0,2026-10-02T23:02:18Z,2026-10-02T23:02:18Z,cohort_bounded_60m,2026-10-02T23:06:17Z
0xdbc13aaf93eaea6aa5c750e7d8a659eea80a164757a2d5f19ff63590f390642a,0x8fc77b67a661289e7118e4c0877054f80d93d6a7,0x5fc5360d0400a0fd4f2af552add042d716f1d168,0x8fc77b67a661289e7118e4c0877054f80d93d6a7,0x5fc5360d0400a0fd4f2af552add042d716f1d168,0,990020,9900,0x0000000000000000000000000000000000000000,78603487,2026-10-02T22:53:18Z,0xdf1af30ccd06476db7d163b7a05e50d17b5abc68928ee542748c97e1158b9cce,78603487,2026-10-02T22:53:18Z,407554,-881100,881100,66981362996076,66981362996076,0.094726,94726,theoretical_from_L_and_price,True,415800,425700,no_swap,,,True,0,0,0,0,0,0,,,cohort_bounded_60m,
0x4c68152382ff0a3fb14401eab4e1be647d09ac2036483cac46b5ea2d2764aa36,0x0d6f15fda3c5adf15539b493b52ccfe5b18e12f2,0x0d6f15fda3c5adf15539b493b52ccfe5b18e12f2,0x5fc5360d0400a0fd4f2af552add042d716f1d168,0x5fc5360d0400a0fd4f2af552add042d716f1d168,1,989999,9900,0x0000000000000000000000000000000000000000,78603936,2026-10-02T22:54:02Z,0x2819eae3b4c290531495ca0d2b6311cdd97ba1dca405b99a0b8bf48a009ae3eb,78603936,2026-10-02T22:54:02Z,-403500,-881100,881100,44530125089994,44530125089994,0.077125,77125,theoretical_from_L_and_price,True,-415800,-405900,no_swap,,,True,0,0,0,0,0,0,,,pool_event_history_censored,
0x237565032c72c76119991d9815f64b846b4c27ddea9ffd03b8875ff8085c9c3b,0x330c1bc706f24c53f8b45f2370edee50ef425226,0x330c1bc706f24c53f8b45f2370edee50ef425226,0x5fc5360d0400a0fd4f2af552add042d716f1d168,0x5fc5360d0400a0fd4f2af552add042d716f1d168,1,751600,7516,0x0000000000000000000000000000000000000000,78604704,2026-10-02T22:55:20Z,0xecb4b8ea5610272b0c16287b29fb6dc574a7322a0e525d6a731a7a19d7aeab98,78604704,2026-10-02T22:55:20Z,-389636,-413380,-360768,142039406122717,142039406122717,0.341916,341916,theoretical_from_L_and_price,True,-398348,-390832,no_swap,,,False,0,0,0,0,0,0,,,cohort_bounded_60m,
0xcbeee69af7873c792c3ea0e1168072d9e430837d12b112b05d96cb8d955f339d,0x14a64d6f3db9900be9c554d0961f539a16f43f9c,0x0000000000000000000000000000000000000000,0x14a64d6f3db9900be9c554d0961f539a16f43f9c,0x0000000000000000000000000000000000000000,0,880000,8800,0x0000000000000000000000000000000000000000,78605435,2026-10-02T22:56:33Z,0x3a8ed20a181074fda1e9ce941dd5a845bc3b983800a676d8215876371854f940,78605435,2026-10-02T22:56:33Z,170798,-880000,880000,12811592298309819704,12811592298309819704,0.002505861668666369,2505861668666369,theoretical_from_L_and_price,True,176000,184800,no_swap,,,True,0,0,0,0,0,0,2026-10-02T23:04:02Z,2026-10-02T23:06:17Z,cohort_bounded_60m,2026-10-02T23:06:17Z
0xc7fc6b89f5b1848bf8150cf915ad8ccac1d8d82e0f0730ce7f293ebcdd6692f5,0x14a64d6f3db9900be9c554d0961f539a16f43f9c,0x0000000000000000000000000000000000000000,0x14a64d6f3db9900be9c554d0961f539a16f43f9c,0x0000000000000000000000000000000000000000,0,850000,8500,0x0000000000000000000000000000000000000000,78605764,2026-10-02T22:57:06Z,0x1eeca438506a448f4079117cca12cc93d91577d257b89ec2a50f16c885cff1a7,78605764,2026-10-02T22:57:06Z,170135,-884000,884000,1106925829089573867,1106925829089573867,0.000223804413600803,223804413600803,theoretical_from_L_and_price,True,178500,187000,no_swap,,,True,0,0,0,1,0,0,2026-10-02T23:45:29Z,2026-10-02T23:45:29Z,cohort_bounded_60m,2026-10-02T23:06:17Z
0xd08ff381b427e9d8233e47ea2572593ef0d0de3a736cbcfdb3c54f537ee7ece0,0x14a64d6f3db9900be9c554d0961f539a16f43f9c,0x14a64d6f3db9900be9c554d0961f539a16f43f9c,0x5fc5360d0400a0fd4f2af552add042d716f1d168,0x5fc5360d0400a0fd4f2af552add042d716f1d168,1,900000,9000,0x0000000000000000000000000000000000000000,78606353,2026-10-02T22:58:06Z,0xdc0f3db79f81c599c2040f4238f281709321727ae66fa42554e8bae1e28ad678,78606353,2026-10-02T22:58:06Z,-365431,-882000,882000,142049690987083,142049690987083,1.650454,1650454,theoretical_from_L_and_price,True,-378000,-369000,no_swap,,,True,0,0,0,0,0,0,2026-10-02T23:02:43Z,2026-10-02T23:02:43Z,cohort_bounded_60m,2026-10-02T23:06:17Z
0x2f1cf08defea9c06ea63f11aef96a6c62230e1945eeaae46cc75951737d47461,0x04cc671f5678902a0d8c7c8ddae64d0d6928bfee,0x04cc671f5678902a0d8c7c8ddae64d0d6928bfee,0x5fc5360d0400a0fd4f2af552add042d716f1d168,0x5fc5360d0400a0fd4f2af552add042d716f1d168,1,800000,8000,0x0000000000000000000000000000000000000000,78606734,2026-10-02T22:58:44Z,0xb6cb0691f22ae44d51124d6142ee927eb2b321d07c4c9346514bc256f8a07b2c,78606734,2026-10-02T22:58:44Z,-403500,-880000,880000,467965275098916,467965275098916,0.810513,810513,theoretical_from_L_and_price,True,-416000,-408000,interior_crossed_end_quote_only,78609053,-405497,True,1,4,7,22,19461176,18263400592342848127091492,2026-10-02T23:08:22Z,2026-10-02T23:08:22Z,cohort_bounded_60m,
0x70ec3c907ee6e2125979a64bc3f28ffb3d62a9d384552550cb20494973128202,0xad213eb881e5f6558aa1ffbb442701a20c7df2c7,0x5fc5360d0400a0fd4f2af552add042d716f1d168,0xad213eb881e5f6558aa1ffbb442701a20c7df2c7,0x5fc5360d0400a0fd4f2af552add042d716f1d168,0,989999,9900,0x0000000000000000000000000000000000000000,78606930,2026-10-02T22:59:04Z,0x64def0ca54816d46f1d6b7fd52c3297b26c48d85aab465f1470782f6d06b3dc5,78606930,2026-10-02T22:59:04Z,403499,-881100,881100,31421711089744,31421711089744,0.054424,54424,theoretical_from_L_and_price,True,405900,415800,no_swap,,,True,0,0,0,0,0,0,,,cohort_bounded_60m,
0x79506be185e41152c347017e97d57a54b55c598f7f44aaef20108c9f4ce11e1d,0xebf150badeef0650a165f951bfa5acf0b7dd0a91,0x5fc5360d0400a0fd4f2af552add042d716f1d168,0xebf150badeef0650a165f951bfa5acf0b7dd0a91,0x5fc5360d0400a0fd4f2af552add042d716f1d168,0,989999,9900,0x0000000000000000000000000000000000000000,78607157,2026-10-02T22:59:27Z,0x98d1c315c955d0e7a1df4e02ef413c9db1d3a9205d1db41674686cc0e9bb34df,78607157,2026-10-02T22:59:27Z,403499,-881100,881100,56488067183146,56488067183146,0.097841,97841,theoretical_from_L_and_price,True,405900,415800,no_swap,,,True,0,0,0,0,0,0,,,cohort_bounded_60m,
0xe3f7c7cdba1da3ec50744ec5fd82efc08e692999d60a4199c6759e69d6f9cb74,0x523bbb74cb0585b5f76b6bea43b5a80686a2906a,0x523bbb74cb0585b5f76b6bea43b5a80686a2906a,0x5fc5360d0400a0fd4f2af552add042d716f1d168,0x5fc5360d0400a0fd4f2af552add042d716f1d168,1,770000,7700,0x0000000000000000000000000000000000000000,78607533,2026-10-02T23:00:03Z,0xbc9be414174c2e78085abad00b446d4a2aa396d02d8b6b0393f4624791bd6d84,78607533,2026-10-02T23:00:03Z,-386759,-885500,885500,801743123238941,801743123238941,3.206934,3206934,theoretical_from_L_and_price,True,-400400,-392700,no_swap,,,True,0,0,0,2,0,0,,,cohort_bounded_60m,2026-10-02T23:05:45Z
0x5d8ff9706c4c4dead1cf8f05805197d38d25c8c54a7e128a755cf6a65cefca98,0x316fa3ab9a8fd8d7567a823dedecf28d9fee2894,0x316fa3ab9a8fd8d7567a823dedecf28d9fee2894,0x5fc5360d0400a0fd4f2af552add042d716f1d168,0x5fc5360d0400a0fd4f2af552add042d716f1d168,1,989999,9900,0x0000000000000000000000000000000000000000,78607644,2026-10-02T23:00:14Z,0xce0b4334adc55368900aa1ce5c54f6072167eac8670570a9459b87f7b59f315d,78607644,2026-10-02T23:00:14Z,-383666,-881100,881100,7159920293672,7159920293672,0.033428,33428,theoretical_from_L_and_price,True,-396000,-386100,no_swap,,,True,0,0,0,0,0,0,,,cohort_bounded_60m,2026-10-02T23:14:48Z
0xca9f487f26c9d54afadb063b90cab523d2c0c22eb5c83f3bd36ebb63a3969310,0x316fa3ab9a8fd8d7567a823dedecf28d9fee2894,0x316fa3ab9a8fd8d7567a823dedecf28d9fee2894,0x5fc5360d0400a0fd4f2af552add042d716f1d168,0x5fc5360d0400a0fd4f2af552add042d716f1d168,1,801000,8010,0x0000000000000000000000000000000000000000,78608673,2026-10-02T23:01:59Z,0x4c56c0041ee6b845ea3ea33a6e29eb771813669cd491e0ed8d5eca121e36983d,78608673,2026-10-02T23:01:59Z,-379827,-881100,881100,64743396212807,64743396212807,0.366242,366242,theoretical_from_L_and_price,True,-392490,-384480,swap_no_boundary,,-356223,True,5,15,19,19,15279427,0,2026-10-02T23:09:58Z,2026-10-02T23:09:58Z,cohort_bounded_60m,2026-10-02T23:14:48Z
0xd6b8458c68f57f779835591c64761c9c7547fa9fbee4b83d39388a6f871d87c8,0x316fa3ab9a8fd8d7567a823dedecf28d9fee2894,0x0000000000000000000000000000000000000000,0x316fa3ab9a8fd8d7567a823dedecf28d9fee2894,0x0000000000000000000000000000000000000000,0,850880,8509,0x0000000000000000000000000000000000000000,78608829,2026-10-02T23:02:14Z,0xcbf8fab43cdc0232e282c8c4c78fa613d7432f5f1e82cdacbf10389b964d5f77,78608829,2026-10-02T23:02:14Z,159943,-884936,884936,2709158707997549330,2709158707997549330,0.000911779820148678,911779820148678,theoretical_from_L_and_price,True,161671,170180,no_swap,,,True,0,0,0,0,0,0,2026-10-02T23:16:33Z,2026-10-02T23:16:33Z,cohort_bounded_60m,2026-10-02T23:14:48Z
0x491c5203e6aa35f345d391a6bdc8e9943331ddd209dc8bcc87a7aa09e0b882a6,0x316fa3ab9a8fd8d7567a823dedecf28d9fee2894,0x0000000000000000000000000000000000000000,0x316fa3ab9a8fd8d7567a823dedecf28d9fee2894,0x0000000000000000000000000000000000000000,0,871200,8712,0x0000000000000000000000000000000000000000,78609226,2026-10-02T23:02:54Z,0x536f032351e38acdfc7797103aeacb81f14987de792ac9cf7a8c8bd35baa4e87,78609226,2026-10-02T23:02:54Z,154257,-879912,879912,7907165832312464747,7907165832312464747,0.003536226900789034,3536226900789034,theoretical_from_L_and_price,True,156816,165528,swap_no_boundary,,154256,True,0,1,1,1,492570920,0,2026-10-02T23:14:48Z,2026-10-02T23:14:48Z,cohort_bounded_60m,2026-10-02T23:14:48Z
0xe303804d5b3106880131a3c3bd5ae757a96be74a79f1da085023bd64cc345fd8,0x04cc671f5678902a0d8c7c8ddae64d0d6928bfee,0x04cc671f5678902a0d8c7c8ddae64d0d6928bfee,0x5fc5360d0400a0fd4f2af552add042d716f1d168,0x5fc5360d0400a0fd4f2af552add042d716f1d168,1,900000,9000,0x0000000000000000000000000000000000000000,78610063,2026-10-02T23:04:19Z,0xe5b1b24f69f452e9a84158d4a74ca5566ea824f3e1631a75ea1c193a4b1bd444,78610063,2026-10-02T23:04:19Z,-400623,-882000,882000,1983205203571295,1983205203571295,3.966291,3966291,theoretical_from_L_and_price,True,-414000,-405000,swap_no_boundary,,-398513,True,2,4,10,19,48027631,17186302513931180685621976,2026-10-02T23:44:27Z,2026-10-02T23:44:27Z,cohort_bounded_60m,2026-10-02T23:59:04Z
0x652dcd16b8503377c9c37b0a117edbb86fba9f3d991db2d56b0342e5f5d5c7bb,0x316fa3ab9a8fd8d7567a823dedecf28d9fee2894,0x316fa3ab9a8fd8d7567a823dedecf28d9fee2894,0x5fc5360d0400a0fd4f2af552add042d716f1d168,0x5fc5360d0400a0fd4f2af552add042d716f1d168,1,770000,7700,0x0000000000000000000000000000000000000000,78611547,2026-10-02T23:06:47Z,0x17caec50b432fd7f8e331df7acb9207b54e3f87cbfcd5641a7a7748b39738419,78611547,2026-10-02T23:06:47Z,-366609,-885500,885500,36379952191661,36379952191661,0.398516,398516,theoretical_from_L_and_price,True,-377300,-369600,swap_no_boundary,,-354172,True,2,4,4,4,1495773,0,2026-10-02T23:25:49Z,2026-10-02T23:25:49Z,cohort_bounded_60m,2026-10-02T23:14:48Z
0x28969475cbd9bcccb1ed488f9947d0d27077b61baa155a8fdb8af439f3ad9f07,0x04cc671f5678902a0d8c7c8ddae64d0d6928bfee,0x04cc671f5678902a0d8c7c8ddae64d0d6928bfee,0x5fc5360d0400a0fd4f2af552add042d716f1d168,0x5fc5360d0400a0fd4f2af552add042d716f1d168,1,950000,60,0x0000000000000000000000000000000000000000,78611654,2026-10-02T23:06:58Z,0x24173e728b783d4960bf05e099957d98f8e8f071a94c2a018210132b26a8d286,78611654,2026-10-02T23:06:58Z,-426527,-887220,887220,339591637483825,339591637483825,0.186001,186001,theoretical_from_L_and_price,True,-426600,-426540,swap_no_boundary,,-426480,True,0,2,19,30,206835129,0,2026-10-03T00:20:31Z,2026-10-03T00:20:31Z,cohort_bounded_60m,2026-10-02T23:59:04Z
0xcf0394d07850b3f9f4f3ad2ef7d4b8558de3d0d7714a5d8964b073949c35f480,0x148ff42c18a5a1e965e4f338b0e110c076da0a96,0x0000000000000000000000000000000000000000,0x148ff42c18a5a1e965e4f338b0e110c076da0a96,0x0000000000000000000000000000000000000000,0,883131,200,0x0000000000000000000000000000000000000000,78612706,2026-10-02T23:08:44Z,0x5a7fb5189c28647f0ee89a86ce069b8563e3989c8ccd4d1ed2830d80c0788324,78612706,2026-10-02T23:08:44Z,181034,-887200,887200,10386264588337086339,10386264588337086339,0.001217699999999999,1217699999999999,theoretical_from_L_and_price,True,181200,181400,no_swap,,,True,0,0,0,0,0,0,2026-10-03T00:06:09Z,2026-10-03T00:06:09Z,cohort_bounded_60m,2026-10-03T00:06:09Z
0xf552c33901317df823e97a4af54fd49ddf0d0b9d41471775f599e01afa771188,0x1169b994d2b0b264243a0dd72015293bd4192dea,0x1169b994d2b0b264243a0dd72015293bd4192dea,0x5fc5360d0400a0fd4f2af552add042d716f1d168,0x5fc5360d0400a0fd4f2af552add042d716f1d168,1,900000,9000,0x0000000000000000000000000000000000000000,78612857,2026-10-02T23:08:59Z,0x0e9e5066f8f5e9be1e2e0da339b3a522a8f728caef96140cd8164b6ddf73c9cb,78612857,2026-10-02T23:08:59Z,-368433,-882000,882000,8944131409375,8944131409375,0.089436,89436,theoretical_from_L_and_price,True,-378000,-369000,interior_crossed_end_token_only,78612861,-381668,True,1,1,1,1,0,8390967455625443392143,2026-10-02T23:46:17Z,2026-10-02T23:46:17Z,older_pool_history_missing_at_entry,
0x301be9fc8c22ec0e85b67dc2fc57a084c64119510af01dc96b96b6a5ff372082,0x316fa3ab9a8fd8d7567a823dedecf28d9fee2894,0x316fa3ab9a8fd8d7567a823dedecf28d9fee2894,0x5fc5360d0400a0fd4f2af552add042d716f1d168,0x5fc5360d0400a0fd4f2af552add042d716f1d168,1,880000,8800,0x0000000000000000000000000000000000000000,78614356,2026-10-02T23:11:30Z,0x02d8a724acddb93982593ff49985291ec729104ae97a18ff462bfa47b455e014,78614356,2026-10-02T23:11:30Z,-348376,-880000,880000,32485110912650,32485110912650,0.885469,885469,theoretical_from_L_and_price,True,-360800,-352000,no_swap,,,True,0,0,0,0,0,0,2026-10-02T23:20:49Z,2026-10-02T23:20:49Z,cohort_bounded_60m,2026-10-02T23:14:48Z
0x34e1dea91d64ec1fa86d81baa8aff517e23b37cbfc745f621d1e20fb19d56068,0x316fa3ab9a8fd8d7567a823dedecf28d9fee2894,0x316fa3ab9a8fd8d7567a823dedecf28d9fee2894,0x5fc5360d0400a0fd4f2af552add042d716f1d168,0x5fc5360d0400a0fd4f2af552add042d716f1d168,1,860000,8600,0x0000000000000000000000000000000000000000,78616105,2026-10-02T23:14:25Z,0x53c56921258a2e511c412c29c13ecc95e9a49b6e5922438a2624a129dc3fb7a3,78616105,2026-10-02T23:14:25Z,-335399,-335400,-326800,65966528429636,65966528429636,0.000171,171,theoretical_from_L_and_price,True,-344000,-335400,no_swap,,,False,0,0,0,0,0,0,,,cohort_bounded_60m,2026-10-02T23:14:48Z
0x9f90be3252f769f7f347b2328102e41719217a29556f2b6f4d64d0cfe1895aab,0x0d7a273da122b2118cdd153f66647a8f10859278,0x0d7a273da122b2118cdd153f66647a8f10859278,0x5fc5360d0400a0fd4f2af552add042d716f1d168,0x5fc5360d0400a0fd4f2af552add042d716f1d168,1,850000,8500,0x0000000000000000000000000000000000000000,78618089,2026-10-02T23:17:44Z,0x922c5f6c4d7187fed8b701039cfd5de6c0b4ebfae26b95f28d05f5616450cdfa,78618089,2026-10-02T23:17:44Z,-391460,-884000,884000,1147161623771258,1147161623771258,3.627468,3627468,theoretical_from_L_and_price,True,-408000,-399500,no_swap,,,True,0,0,0,0,0,0,,,cohort_bounded_60m,
0xfebcbb15ca25e331708da37bd4fed1389a2bed0e693635feae1fdd5a84544eab,0x316fa3ab9a8fd8d7567a823dedecf28d9fee2894,0x316fa3ab9a8fd8d7567a823dedecf28d9fee2894,0x5fc5360d0400a0fd4f2af552add042d716f1d168,0x5fc5360d0400a0fd4f2af552add042d716f1d168,1,800000,8000,0x0000000000000000000000000000000000000000,78618453,2026-10-02T23:18:21Z,0xe18533a1284bd74d9d468f87637d397e290d4a578cbd11693216d61f6b646c3e,78618453,2026-10-02T23:18:21Z,-342112,-880000,880000,24714913243114,24714913243114,0.92143,921430,theoretical_from_L_and_price,True,-352000,-344000,no_swap,,,True,0,0,0,0,0,0,,,cohort_bounded_60m,2026-10-02T23:24:14Z
0xefc9f598bf7435793c977534c97c9bb45e70d7790caf15150bab3937078e6efa,0x2df42d795178364c3db30927ea1e8a24a654d51e,0x2df42d795178364c3db30927ea1e8a24a654d51e,0x5fc5360d0400a0fd4f2af552add042d716f1d168,0x5fc5360d0400a0fd4f2af552add042d716f1d168,1,989999,9900,0x0000000000000000000000000000000000000000,78620152,2026-10-02T23:21:09Z,0xc10ac8d3208e2c5a99fbc215d3054771084903524f6b5dc3467989fc9886461b,78620152,2026-10-02T23:21:09Z,-403500,-881100,881100,78507108225332,78507108225332,0.135973,135973,theoretical_from_L_and_price,True,-415800,-405900,swap_no_boundary,,-403256,True,2,4,4,4,167340,0,,,cohort_bounded_60m,
0x398c73db1f7122fcedc3f8ae8c318115b1785ec459e8b9618ec9c71cd3411dc0,0x62ac1b0de0b808d524e2c405dbe6ac5180cf1ba3,0x5fc5360d0400a0fd4f2af552add042d716f1d168,0x62ac1b0de0b808d524e2c405dbe6ac5180cf1ba3,0x5fc5360d0400a0fd4f2af552add042d716f1d168,0,989999,9900,0x0000000000000000000000000000000000000000,78620446,2026-10-02T23:21:39Z,0x5ffa6f4c39986388b75a5b4343b66d7971c7727c26549eb08d659a91e9db4a63,78620446,2026-10-02T23:21:39Z,403499,-881100,881100,28988801755207,28988801755207,0.05021,50210,theoretical_from_L_and_price,True,405900,415800,no_swap,,,True,0,0,0,0,0,0,,,cohort_bounded_60m,
0xebf062666549669371b07dae3f370af83bfcb429bc9fa8e9929b36b24222d46d,0x316fa3ab9a8fd8d7567a823dedecf28d9fee2894,0x316fa3ab9a8fd8d7567a823dedecf28d9fee2894,0x5fc5360d0400a0fd4f2af552add042d716f1d168,0x5fc5360d0400a0fd4f2af552add042d716f1d168,1,780000,7800,0x0000000000000000000000000000000000000000,78620866,2026-10-02T23:22:22Z,0xb478116b09cb1b02514fc309a49e13c5805f9bbc7ef5e132a3dc22c2ffc63aee,78620866,2026-10-02T23:22:22Z,-342105,-881400,881400,22223897090398,22223897090398,0.828849,828849,theoretical_from_L_and_price,True,-351000,-343200,no_swap,,,True,0,0,0,0,0,0,2026-10-02T23:35:33Z,2026-10-02T23:35:33Z,cohort_bounded_60m,2026-10-02T23:24:14Z
0x266f2586ec54d8aad143795ee25c7a6720df35554c4184bc2432bac7fd442586,0x0d7a273da122b2118cdd153f66647a8f10859278,0x0d7a273da122b2118cdd153f66647a8f10859278,0x5fc5360d0400a0fd4f2af552add042d716f1d168,0x5fc5360d0400a0fd4f2af552add042d716f1d168,1,774440,7744,0x0000000000000000000000000000000000000000,78621819,2026-10-02T23:23:58Z,0xde0522ce94235add778aa92a05dd605f8e2122aa6c315a31ff39df28b1b54c24,78621819,2026-10-02T23:23:58Z,-398391,-882816,882816,365764772632058,365764772632058,0.817868,817868,theoretical_from_L_and_price,True,-410432,-402688,no_swap,,,True,0,0,0,0,0,0,,,cohort_bounded_60m,
0xe897d2d16d24de487baf0000b953f078a960c57a64ab5b877f327557591c1afa,0x04cc671f5678902a0d8c7c8ddae64d0d6928bfee,0x04cc671f5678902a0d8c7c8ddae64d0d6928bfee,0x5fc5360d0400a0fd4f2af552add042d716f1d168,0x5fc5360d0400a0fd4f2af552add042d716f1d168,1,966500,9665,0x0000000000000000000000000000000000000000,78623203,2026-10-02T23:26:14Z,0x9d464265bf24ea0698f096f61b8b17217c0ddcaf57508fbd3097fdaa52ca5462,78623203,2026-10-02T23:26:14Z,-437514,-879515,879515,1076079767493721,1076079767493721,0.340269,340269,theoretical_from_L_and_price,True,-454255,-444590,swap_no_boundary,,-430463,True,4,5,5,5,4298035,0,2026-10-02T23:46:12Z,,cohort_bounded_60m,2026-10-02T23:59:04Z
0xae791d3b0fda95f5647b2b0eb43a027981ab50951765e66b244c09f25f4adb49,0x316fa3ab9a8fd8d7567a823dedecf28d9fee2894,0x316fa3ab9a8fd8d7567a823dedecf28d9fee2894,0x5fc5360d0400a0fd4f2af552add042d716f1d168,0x5fc5360d0400a0fd4f2af552add042d716f1d168,1,774440,7744,0x0000000000000000000000000000000000000000,78623409,2026-10-02T23:26:35Z,0x3cac41fb0a5c829a41db5261702c2540f6434867c54001603c100c5874228a9c,78623409,2026-10-02T23:26:35Z,-357379,-882816,882816,18726875219913,18726875219913,0.325436,325436,theoretical_from_L_and_price,True,-371712,-363968,no_swap,,,True,0,0,0,0,0,0,,,cohort_bounded_60m,
0x47fdcfbcd41c0a7abe7facda792056b6eabe1fa5f3bd5e4c19dd419d34a6615f,0x951fe06f8059f2a9073fa5d22c775787fda3ed5d,0x5fc5360d0400a0fd4f2af552add042d716f1d168,0x951fe06f8059f2a9073fa5d22c775787fda3ed5d,0x5fc5360d0400a0fd4f2af552add042d716f1d168,0,860000,8600,0x0000000000000000000000000000000000000000,78625918,2026-10-02T23:30:48Z,0xdd4c541bb756578d06997fd50fcd27b379a160a2395d5d88cf1261884126b28b,78625918,2026-10-02T23:30:48Z,363125,-885800,885800,104913191697737,104913191697737,1.367933,1367933,theoretical_from_L_and_price,True,369800,378400,no_swap,,,True,0,0,0,0,0,0,,,older_pool_history_missing_at_entry,
0x3a83c301fc164df9e400c1f424dff6ec477255d50ed7afb622636657cdf94c0f,0x7423ff2ec4fee40f6eebe2c73d05d353b7b2d811,0x0000000000000000000000000000000000000000,0x7423ff2ec4fee40f6eebe2c73d05d353b7b2d811,0x0000000000000000000000000000000000000000,0,810000,8100,0x0000000000000000000000000000000000000000,78628704,2026-10-02T23:35:28Z,0x5eb769d65a535e9f5d0711aaffd22d0c261baa374049a3f74bbb97132c39fec1,78628704,2026-10-02T23:35:28Z,148132,-882900,882900,16202339435925066,16202339435925066,0.000009842219314571,9842219314571,theoretical_from_L_and_price,True,153900,162000,no_swap,,,True,0,0,0,0,0,0,,,cohort_bounded_60m,2026-10-02T23:44:32Z
0x03d528995fe3a925390b87037cf46ca3dd0796e48801d70f3b29faa48afc0b11,0x316fa3ab9a8fd8d7567a823dedecf28d9fee2894,0x316fa3ab9a8fd8d7567a823dedecf28d9fee2894,0x5fc5360d0400a0fd4f2af552add042d716f1d168,0x5fc5360d0400a0fd4f2af552add042d716f1d168,1,750000,7500,0x0000000000000000000000000000000000000000,78629625,2026-10-02T23:37:01Z,0x5e78e59963c91654346b070d8bbc4d272f1052effb355cc2a3cf817e1a2ffd2e,78629625,2026-10-02T23:37:01Z,-333129,-885000,885000,17405697641608,17405697641608,1.01683,1016830,theoretical_from_L_and_price,True,-345000,-337500,swap_no_boundary,,-335984,True,0,0,1,1,0,182992543526799193218,,,cohort_bounded_60m,
0xca4ea8b62a8696a8e755b94d3b4e7f9f94f700a4e7bdf3ad821904b1ae7c270e,0x88d3ce74de8b55045ae5b39de0a4905064f0d4c8,0x5fc5360d0400a0fd4f2af552add042d716f1d168,0x88d3ce74de8b55045ae5b39de0a4905064f0d4c8,0x5fc5360d0400a0fd4f2af552add042d716f1d168,0,989999,9900,0x0000000000000000000000000000000000000000,78630412,2026-10-02T23:38:19Z,0x08fd0229ddc48fe2b6783c08e4b15a1385d8478b8f98e64e8cfe683310b430c2,78630412,2026-10-02T23:38:19Z,403499,-881100,881100,49545557750823,49545557750823,0.085816,85816,theoretical_from_L_and_price,True,405900,415800,swap_no_boundary,,403033,True,0,2,2,2,202522,0,,,cohort_bounded_60m,
0x0b3a362dcbf10a8c7236560d261702c30d4be690d8b4e0c339d970edcc3d606f,0x7a282a7b80934942f1c45c7004d0145859eafc7b,0x5fc5360d0400a0fd4f2af552add042d716f1d168,0x7a282a7b80934942f1c45c7004d0145859eafc7b,0x5fc5360d0400a0fd4f2af552add042d716f1d168,0,989999,9900,0x0000000000000000000000000000000000000000,78630737,2026-10-02T23:38:53Z,0x00ee1f285c41fb4a879042d3f4a69c02941f4bea391a959a169a32084c06f243,78630737,2026-10-02T23:38:53Z,403499,-881100,881100,62283980047270,62283980047270,0.10788,107880,theoretical_from_L_and_price,True,405900,415800,no_swap,,,True,0,0,0,0,0,0,,,cohort_bounded_60m,
0x8fe7383cf539c75e52ca03272de1ca81788170d3c3939fcdbeb2df621d02dab1,0x7423ff2ec4fee40f6eebe2c73d05d353b7b2d811,0x0000000000000000000000000000000000000000,0x7423ff2ec4fee40f6eebe2c73d05d353b7b2d811,0x0000000000000000000000000000000000000000,0,880000,8800,0x0000000000000000000000000000000000000000,78630993,2026-10-02T23:39:19Z,0x6f93f8c808fb59c118cd262a4fba760268282066eb695b1d34e4ef72a1526734,78630993,2026-10-02T23:39:19Z,148132,123200,176000,909970225475356162,909970225475356162,0.000415544520515896,415544520515896,theoretical_from_L_and_price,True,149600,158400,no_swap,,,False,0,0,0,0,0,0,2026-10-02T23:44:32Z,2026-10-02T23:44:32Z,cohort_bounded_60m,2026-10-02T23:44:32Z
0x83cf763e43f164b957c5696bd3876a5933f5c5a31c30d293123d707223174d78,0x0f717384e8d666a74c771be847aa507e1cf70095,0x0000000000000000000000000000000000000000,0x0f717384e8d666a74c771be847aa507e1cf70095,0x0000000000000000000000000000000000000000,0,770000,7700,0x0000000000000000000000000000000000000000,78632705,2026-10-02T23:42:12Z,0x82cf9f3850da3a7c4868a75ac09fae22f1fd9cfce1e3acb53c84dfdc007975de,78632705,2026-10-02T23:42:12Z,191147,-885500,885500,34923237166869898488,34923237166869898488,0.00246954900197476,2469549001974760,theoretical_from_L_and_price,True,192500,200200,no_swap,,,True,0,0,0,0,0,0,,,cohort_bounded_60m,
0x0fbdce4011b56b6de625b9fc077bbba67aa221ad86531b52d2fcc0f32ca3668e,0x316fa3ab9a8fd8d7567a823dedecf28d9fee2894,0x316fa3ab9a8fd8d7567a823dedecf28d9fee2894,0x5fc5360d0400a0fd4f2af552add042d716f1d168,0x5fc5360d0400a0fd4f2af552add042d716f1d168,1,980000,9800,0x0000000000000000000000000000000000000000,78632997,2026-10-02T23:42:42Z,0xd73ddb3de99a32d6fea3609bfbdfdb03ace83fc798e6dbe0c00c5d2cbcb3b370,78632997,2026-10-02T23:42:42Z,-352766,-352800,-343000,7801412552522,7801412552522,0.000289,289,theoretical_from_L_and_price,True,-362600,-352800,no_swap,,,False,0,0,0,0,0,0,,,cohort_bounded_60m,
0xf4b6dd85c233e27fe7d83af226506911658644af08fea7a4a50612fadc95713b,0x54889e7a7c136011f0151d61827e38d9b27cd4eb,0x54889e7a7c136011f0151d61827e38d9b27cd4eb,0x5fc5360d0400a0fd4f2af552add042d716f1d168,0x5fc5360d0400a0fd4f2af552add042d716f1d168,1,989999,9900,0x0000000000000000000000000000000000000000,78636536,2026-10-02T23:48:39Z,0x7e9082e536fa248e65c57e9cb8d43bcd272942bcee219bad315ebe53c2291243,78636536,2026-10-02T23:48:39Z,-403500,-881100,881100,46384055433380,46384055433380,0.080336,80336,theoretical_from_L_and_price,True,-415800,-405900,no_swap,,,True,0,0,0,0,0,0,,,cohort_bounded_60m,
0x0b99b9765a4cab6ebb07a27a44fe15b4f2a1717246426b5b41f9708dd68b3f7d,0x04cc671f5678902a0d8c7c8ddae64d0d6928bfee,0x0000000000000000000000000000000000000000,0x04cc671f5678902a0d8c7c8ddae64d0d6928bfee,0x0000000000000000000000000000000000000000,0,969600,9696,0x0000000000000000000000000000000000000000,78636589,2026-10-02T23:48:44Z,0xa986fc87f6f120a4c98cd210839bfa50659ff87e30cdc397ad3107a3cfc02521,78636589,2026-10-02T23:48:44Z,218108,-882336,882336,55106522249274920235,55106522249274920235,0.00101224293146994,1012242931469940,theoretical_from_L_and_price,True,223008,232704,no_swap,,,True,0,0,0,0,0,0,2026-10-02T23:56:55Z,2026-10-02T23:59:04Z,cohort_bounded_60m,2026-10-02T23:59:04Z
0x79587c01173d0f60c8865ade5122ac6676d0a101adb3aeef7be577f582bca6dc,0xb2e30b2d36c90773215739a5d422763229a94640,0x5fc5360d0400a0fd4f2af552add042d716f1d168,0xb2e30b2d36c90773215739a5d422763229a94640,0x5fc5360d0400a0fd4f2af552add042d716f1d168,0,989999,9900,0x0000000000000000000000000000000000000000,78636809,2026-10-02T23:49:06Z,0xd788da44dd33e7cc51d0ded9586d18a603ed4830de9639e8910e040f4f12ed89,78636809,2026-10-02T23:49:06Z,403499,-881100,881100,34003574057008,34003574057008,0.058896,58896,theoretical_from_L_and_price,True,405900,415800,no_swap,,,True,0,0,0,0,0,0,,,cohort_bounded_60m,
0xaf8f84a996ef43b2b97c2da0d6a0a70c7cb85f506d3f59026b2a26f42fbde140,0x1169b994d2b0b264243a0dd72015293bd4192dea,0x1169b994d2b0b264243a0dd72015293bd4192dea,0x5fc5360d0400a0fd4f2af552add042d716f1d168,0x5fc5360d0400a0fd4f2af552add042d716f1d168,1,750000,7500,0x0000000000000000000000000000000000000000,78637015,2026-10-02T23:49:27Z,0x3508aaf84a0d8812f6fac05ac834b321011c5fe2ab8a0001e4ed91fdce4bd953,78637015,2026-10-02T23:49:27Z,-384528,-885000,885000,59692376384283,59692376384283,0.266941,266941,theoretical_from_L_and_price,True,-397500,-390000,interior_crossed_end_token_only,78637019,-413934,True,2,2,2,2,0,178873366146951110807449,2026-10-03T00:01:22Z,2026-10-03T00:01:22Z,older_pool_history_missing_at_entry,
0x29776ae406b4e96002eae94e6ce195db8f164a9296f502f8f5d5f3b6d2814efb,0x384bed880a5bd6834504079d3a5ef097d9a0d560,0x0000000000000000000000000000000000000000,0x384bed880a5bd6834504079d3a5ef097d9a0d560,0x0000000000000000000000000000000000000000,0,883131,200,0x0000000000000000000000000000000000000000,78637147,2026-10-02T23:49:41Z,0xe2bdcdeb10107c62015f7ce90a8773a19091eed6ab8f1b213758f14fcf4f9b79,78637147,2026-10-02T23:49:41Z,150178,-887200,887200,2220547848130458316,2220547848130458316,0.001217699999999999,1217699999999999,theoretical_from_L_and_price,True,150200,150400,no_swap,,,True,0,0,0,0,0,0,,,cohort_bounded_60m,
0x5d595f760ab320b192a8e68dc10b10af1ae2e4a7e32de1c0883056e1e4ea8a99,0x6ab0369b4fcab2a4d8ec6ee4a267f8dfde5436c6,0x0000000000000000000000000000000000000000,0x6ab0369b4fcab2a4d8ec6ee4a267f8dfde5436c6,0x0000000000000000000000000000000000000000,0,790000,60,0x0000000000000000000000000000000000000000,78639087,2026-10-02T23:52:58Z,0xa9905c7247acd3e09a625d956d9fabf3d04c911f523992ee49d3442c68485a0e,78639087,2026-10-02T23:52:58Z,195924,-887220,887220,718264571675173392,718264571675173392,0.000039999999999999,39999999999999,theoretical_from_L_and_price,True,195960,196020,no_swap,,,True,0,0,0,0,0,0,,,cohort_bounded_60m,
0x8370fb83467023354ef6c5e35b20f9222ee39594f468820ea48b0b9c1285ae01,0xe0256b80bffd8e420fa813d7c4b33dedc6b941d7,0x5fc5360d0400a0fd4f2af552add042d716f1d168,0xe0256b80bffd8e420fa813d7c4b33dedc6b941d7,0x5fc5360d0400a0fd4f2af552add042d716f1d168,0,900000,9000,0x0000000000000000000000000000000000000000,78642062,2026-10-02T23:57:59Z,0xfc9efffa2639837b727f76c8c9fbec312819021098b7db872ae79f996501a6e8,78642062,2026-10-02T23:57:59Z,290078,-882000,882000,7913432394182,7913432394182,3.978469,3978469,theoretical_from_L_and_price,True,297000,306000,interior_crossed_end_token_only,78649060,311345,True,0,0,6,7,0,941381104742690355616,,,cohort_bounded_60m,
0x8178005a45fc55670abe9926c6edb198b1630e0b23f6c56a44819ff15cc6dc59,0x46b8f2dfc5beecf7c7ea27b4795871e3ce819caf,0x0000000000000000000000000000000000000000,0x46b8f2dfc5beecf7c7ea27b4795871e3ce819caf,0x0000000000000000000000000000000000000000,0,883131,200,0x0000000000000000000000000000000000000000,78642340,2026-10-02T23:58:27Z,0x2dc45b7bc703020b9a272b366b798774407d5ac0653ad4f93e5680bb0704ee8b,78642340,2026-10-02T23:58:27Z,202027,-887200,887200,29668138330258583966,29668138330258583966,0.001217699999999998,1217699999999998,theoretical_from_L_and_price,True,202200,202400,no_swap,,,True,0,0,0,0,0,0,,,cohort_bounded_60m,
0xfd6523b194a6473699039d852eb122dcafbaa0380866be910bcbd401e5a2da95,0x523bbb74cb0585b5f76b6bea43b5a80686a2906a,0x523bbb74cb0585b5f76b6bea43b5a80686a2906a,0x5fc5360d0400a0fd4f2af552add042d716f1d168,0x5fc5360d0400a0fd4f2af552add042d716f1d168,1,890000,8900,0x0000000000000000000000000000000000000000,78642582,2026-10-02T23:58:52Z,0x24789e0ef8cea1c42df0aa68cfcbe5d1950b0607cde2ff84754609e720d6ce71,78642582,2026-10-02T23:58:52Z,-373709,-373800,-347100,438173918440647,438173918440647,0.015277,15277,theoretical_from_L_and_price,True,-382700,-373800,swap_no_boundary,,-373800,False,0,0,1,1,0,2362850955404018631169,,,pool_event_history_censored,
0x7da5001d14629d82f4ed234815232186140b29bab3297f9b3c9d22e1c2069615,0x3d7518a1995b39ad0d2781ebaf3b3b54066ec21d,0x3d7518a1995b39ad0d2781ebaf3b3b54066ec21d,0x5fc5360d0400a0fd4f2af552add042d716f1d168,0x5fc5360d0400a0fd4f2af552add042d716f1d168,1,780000,7800,0x0000000000000000000000000000000000000000,78644364,2026-10-03T00:01:52Z,0x9234c2603530a64413e5b156ba29d09b3e49cc7842fad1d9a64fa4b05401eee1,78644364,2026-10-03T00:01:52Z,-366444,-881400,881400,162296309814555,162296309814555,1.792569,1792569,theoretical_from_L_and_price,True,-374400,-366600,no_swap,,,True,0,0,0,0,0,0,,,cohort_bounded_60m,
0x344b839a89949fd8766df99d3f4eac959c22d7c258e227d62ebfebd2b8349dd4,0xe7121dab54b8f1fe1eb748ac1165e669d7a5997e,0x5fc5360d0400a0fd4f2af552add042d716f1d168,0xe7121dab54b8f1fe1eb748ac1165e669d7a5997e,0x5fc5360d0400a0fd4f2af552add042d716f1d168,0,800000,8000,0x0000000000000000000000000000000000000000,78645323,2026-10-03T00:03:29Z,0xeef8003794aa0c40a2b1e278851cbfee30ae3306b29d20d08794aa09248f7ff9,78645323,2026-10-03T00:03:29Z,393690,-880000,880000,925754618580708,925754618580708,2.618505,2618505,theoretical_from_L_and_price,True,400000,408000,no_swap,,,True,0,0,0,0,0,0,,,cohort_bounded_60m,
0x41ff9a0a2f2b909f4e4833a7d2b9678e82018134e7667edf9643ec4b18efa27e,0xba356353542ed5564f8b9e48fc6c8d5e6c14a1a8,0x5fc5360d0400a0fd4f2af552add042d716f1d168,0xba356353542ed5564f8b9e48fc6c8d5e6c14a1a8,0x5fc5360d0400a0fd4f2af552add042d716f1d168,0,850000,8500,0x0000000000000000000000000000000000000000,78649694,2026-10-03T00:10:49Z,0x10305ff38e50d28e4b9ac882cecc6f2c17469b0122c437e798a1cc4481ccb8f3,78649694,2026-10-03T00:10:49Z,377595,-884000,884000,384484941414207,384484941414207,2.431744,2431744,theoretical_from_L_and_price,True,382500,391000,no_swap,,,True,0,0,0,0,0,0,,,cohort_bounded_60m,
0x1339038d92d581acd1da051e0ff2d3e827872d860d2bf6d81fb91557438bcdd0,0x2054031be916c1ecdac3894f37456421fd1c920c,0x2054031be916c1ecdac3894f37456421fd1c920c,0x5fc5360d0400a0fd4f2af552add042d716f1d168,0x5fc5360d0400a0fd4f2af552add042d716f1d168,1,750000,7500,0x0000000000000000000000000000000000000000,78651815,2026-10-03T00:14:25Z,0xdb1a89ea6a27d09143d95e523011a09ea8219523c357bb7a829dad4f11964438,78651815,2026-10-03T00:14:25Z,-369941,-885000,885000,69566405222408,69566405222408,0.64511,645110,theoretical_from_L_and_price,True,-382500,-375000,no_swap,,,True,0,0,0,0,0,0,2026-10-03T00:27:04Z,2026-10-03T00:35:21Z,cohort_bounded_60m,2026-10-03T01:01:14Z
0xeec0b0e7bbf7595db1b99f8e83e0458d38a4c862365b42fefec6e1417eab4a98,0xaa73c888c1432c575fd98a2b30703d861e4b5496,0x5fc5360d0400a0fd4f2af552add042d716f1d168,0xaa73c888c1432c575fd98a2b30703d861e4b5496,0x5fc5360d0400a0fd4f2af552add042d716f1d168,0,990100,9901,0x0000000000000000000000000000000000000000,78652325,2026-10-03T00:15:16Z,0xc0b55486b9140ab5c4d05aba83251cf55fe78559c1496f6c3646c6ddc3cb3aed,78652325,2026-10-03T00:15:16Z,356193,346535,356436,46102900109351,46102900109351,0.010265,10265,theoretical_from_L_and_price,True,356436,366337,no_swap,,,False,0,0,0,0,0,0,,,cohort_bounded_60m,
0x2a16b624fc917e4a83db9f6abf0704a564f7418335aa0bdcf2f14ab64825a2c3,0x8db244f6bf052571f4e0c6065b700e714092d4b6,0x5fc5360d0400a0fd4f2af552add042d716f1d168,0x8db244f6bf052571f4e0c6065b700e714092d4b6,0x5fc5360d0400a0fd4f2af552add042d716f1d168,0,980000,9800,0x0000000000000000000000000000000000000000,78652336,2026-10-03T00:15:17Z,0x48ebb25a35d4bc080c4ed2d58d75903550db3f73da00efcb06a23c0db0499665,78652336,2026-10-03T00:15:17Z,290187,-882000,882000,500015420382,500015420382,0.250015,250015,theoretical_from_L_and_price,True,294000,303800,no_swap,,,True,0,0,0,0,0,0,,,cohort_bounded_60m,
0xdc33c6fe84297c86ea837b7376ce56c4aa016dfe042963afd73f3a59036479c2,0x2054031be916c1ecdac3894f37456421fd1c920c,0x2054031be916c1ecdac3894f37456421fd1c920c,0x5fc5360d0400a0fd4f2af552add042d716f1d168,0x5fc5360d0400a0fd4f2af552add042d716f1d168,1,989999,9900,0x0000000000000000000000000000000000000000,78652379,2026-10-03T00:15:22Z,0xde8bf7a7f394d1c0ca87c978912b44d897c16c4cae05f7f4439a64ceb348f2f0,78652379,2026-10-03T00:15:22Z,-392513,-881100,881100,29878455184645,29878455184645,0.089633,89633,theoretical_from_L_and_price,True,-405900,-396000,no_swap,,,True,0,0,0,0,0,0,,,cohort_bounded_60m,2026-10-03T01:01:14Z
0xad2603efeab143786dbb250a9ac29a5f9d8e7dbbc3fe3bc8a038cd45b4647de9,0x4c2eb3c6af30fafdff09ef368e8db3b2a8e3cff5,0x4c2eb3c6af30fafdff09ef368e8db3b2a8e3cff5,0x5fc5360d0400a0fd4f2af552add042d716f1d168,0x5fc5360d0400a0fd4f2af552add042d716f1d168,1,800000,8000,0x0000000000000000000000000000000000000000,78652408,2026-10-03T00:15:25Z,0x7300c5a6f05c6fe9b5339a9161c83e160fb54dc11e8c4ef58a499263713244a8,78652408,2026-10-03T00:15:25Z,-393691,-880000,880000,772577936000446,772577936000446,2.185134,2185134,theoretical_from_L_and_price,True,-408000,-400000,no_swap,,,True,0,0,0,0,0,0,,,older_pool_history_missing_at_entry,
0x756c47fb42542666d4ebe3cea6bf129718c4c1a6adac4815aef94d8b4d5589de,0xc4f346565c95fac9a793af8e9b9539d9a1704dbf,0x5fc5360d0400a0fd4f2af552add042d716f1d168,0xc4f346565c95fac9a793af8e9b9539d9a1704dbf,0x5fc5360d0400a0fd4f2af552add042d716f1d168,0,989999,9900,0x0000000000000000000000000000000000000000,78652699,2026-10-03T00:15:54Z,0x21425b51b6b3cbdb2febacfdc5bfc0a363eef60365ddcbf6308aa3d48058d6d4,78652699,2026-10-03T00:15:54Z,403499,-881100,881100,18173497871988,18173497871988,0.031477,31477,theoretical_from_L_and_price,True,405900,415800,no_swap,,,True,0,0,0,0,0,0,,,cohort_bounded_60m,
0x4f3c7664ed81f9d8a315b0f74b7b531c3328eee945c96dfbd24660518a4209db,0x6577f0c8a4082c951f32042e96a21fe79e8393aa,0x5fc5360d0400a0fd4f2af552add042d716f1d168,0x6577f0c8a4082c951f32042e96a21fe79e8393aa,0x5fc5360d0400a0fd4f2af552add042d716f1d168,0,880000,8800,0x0000000000000000000000000000000000000000,78653676,2026-10-03T00:17:31Z,0x282066649cc87855e9cda76fdcf014c0d64457bf5b54a58286a801da52ed3b7b,78653676,2026-10-03T00:17:31Z,367121,-880000,880000,208961412360870,208961412360870,2.231173,2231173,theoretical_from_L_and_price,True,369600,378400,no_swap,,,True,0,0,0,0,0,0,,,cohort_bounded_60m,
0xa03880026b26e7c9c1c0b28d5a630a07e40317bbc38594757cedebd21a464346,0x2054031be916c1ecdac3894f37456421fd1c920c,0x0000000000000000000000000000000000000000,0x2054031be916c1ecdac3894f37456421fd1c920c,0x0000000000000000000000000000000000000000,0,800000,8000,0x0000000000000000000000000000000000000000,78654962,2026-10-03T00:19:41Z,0x7fe7eb3c21e3ec41e6ddcf9896279c84e86d3f0394cbcc597b2e2673f611108f,78654962,2026-10-03T00:19:41Z,166558,-880000,880000,940167356474999092,940167356474999092,0.000227313368721285,227313368721285,theoretical_from_L_and_price,True,168000,176000,no_swap,,,True,0,0,0,0,0,0,2026-10-03T01:01:14Z,2026-10-03T01:01:14Z,cohort_bounded_60m,2026-10-03T01:01:14Z
0xa0e28cd8f7ff001ebc4141ea29a6b59d429549880f4a5be645a621f12f5e7e07,0x04cc671f5678902a0d8c7c8ddae64d0d6928bfee,0x04cc671f5678902a0d8c7c8ddae64d0d6928bfee,0x5fc5360d0400a0fd4f2af552add042d716f1d168,0x5fc5360d0400a0fd4f2af552add042d716f1d168,1,900000,60,0x0000000000000000000000000000000000000000,78655708,2026-10-03T00:20:56Z,0x4eb04d0a2a417203242701f38e30616022c09fcb92b3d0d23192d2d2f106ba13,78655708,2026-10-03T00:20:56Z,-441080,-887220,887220,45442668617520,45442668617520,0.012022,12022,theoretical_from_L_and_price,True,-441180,-441120,swap_no_boundary,,-441059,True,4,6,6,12,30636479,0,2026-10-03T01:45:55Z,2026-10-03T01:45:55Z,pool_event_history_censored,
0xcb92f5957a5213e3cc131b4a6d441465f929bf007de8ebef7d7beea29e52fe76,0x148ff42c18a5a1e965e4f338b0e110c076da0a96,0x148ff42c18a5a1e965e4f338b0e110c076da0a96,0x5fc5360d0400a0fd4f2af552add042d716f1d168,0x5fc5360d0400a0fd4f2af552add042d716f1d168,1,701700,7017,0x0000000000000000000000000000000000000000,78655859,2026-10-03T00:21:11Z,0xb6731088286f3abe9183d62cfdf1d1818dc4875a124f0d16c2a690b0cf32cc4f,78655859,2026-10-03T00:21:11Z,-372438,-884142,884142,116374836886520,116374836886520,0.952521,952521,theoretical_from_L_and_price,True,-385935,-378918,no_swap,,,True,0,0,0,0,0,0,,,pool_event_history_censored,
0x048956e8eab9abcb4a5ec72f27483cd40a56e1e84fca4a0c042e35c91220501a,0x2054031be916c1ecdac3894f37456421fd1c920c,0x2054031be916c1ecdac3894f37456421fd1c920c,0x5fc5360d0400a0fd4f2af552add042d716f1d168,0x5fc5360d0400a0fd4f2af552add042d716f1d168,1,880000,8800,0x0000000000000000000000000000000000000000,78656115,2026-10-03T00:21:37Z,0x9125c932de92ebb17ee883dfd5068daa1295546ca125f045ce39fc132a52cf18,78656115,2026-10-03T00:21:37Z,-383130,-880000,880000,22333669887827,22333669887827,0.107105,107105,theoretical_from_L_and_price,True,-396000,-387200,no_swap,,,True,0,0,0,0,0,0,2026-10-03T00:28:16Z,2026-10-03T00:28:16Z,cohort_bounded_60m,2026-10-03T01:01:14Z
0x03758a891e3add057d06f057bfebcc7dbe89bce31d9666a820389e72e5bd1734,0xdd2b81d4a2df41ecb065f386799b279a86358777,0x5fc5360d0400a0fd4f2af552add042d716f1d168,0xdd2b81d4a2df41ecb065f386799b279a86358777,0x5fc5360d0400a0fd4f2af552add042d716f1d168,0,700000,7000,0x0000000000000000000000000000000000000000,78656912,2026-10-03T00:22:58Z,0xeb977522dff25ab7c736770a952dbbc091fd1abaea46bb9aea45e51fe6d2efaa,78656912,2026-10-03T00:22:58Z,385040,-882000,882000,43794845141002,43794845141002,0.190898,190898,theoretical_from_L_and_price,True,392000,399000,no_swap,,,True,0,0,0,0,0,0,,,cohort_bounded_60m,
0x88e6355bfe935742a74708d5b34919202c708beb739eca1bfa23a9a1b563568b,0x523bbb74cb0585b5f76b6bea43b5a80686a2906a,0x0000000000000000000000000000000000000000,0x523bbb74cb0585b5f76b6bea43b5a80686a2906a,0x0000000000000000000000000000000000000000,0,820000,8200,0x0000000000000000000000000000000000000000,78657441,2026-10-03T00:23:51Z,0x36eefb86c5120777439bd5b277205e9374e802b171408464f0f33b1f3b5b5269,78657441,2026-10-03T00:23:51Z,208212,-885600,885600,15418969046602955196,15418969046602955196,0.000464531588334733,464531588334733,theoretical_from_L_and_price,True,213200,221400,swap_no_boundary,,210378,True,1,1,1,1,0,325249642786941661118056,,,older_pool_history_missing_at_entry,
0xd6d23b2384ddaf8ddbd97c5c6c4aea9908dba5bfec025158c53159d7b4639dd1,0xce60f8fc9703ff28985c4eb4966ef629c59098e8,0x5fc5360d0400a0fd4f2af552add042d716f1d168,0xce60f8fc9703ff28985c4eb4966ef629c59098e8,0x5fc5360d0400a0fd4f2af552add042d716f1d168,0,700000,7000,0x0000000000000000000000000000000000000000,78657542,2026-10-03T00:24:01Z,0xc7c3fd29cf43da9cff4f6701597462dbe6f1c54e6e3d75273693bd8cfe5f6e1e,78657542,2026-10-03T00:24:01Z,403499,-882000,882000,503698833197499,503698833197499,0.872447,872447,theoretical_from_L_and_price,True,406000,413000,no_swap,,,True,0,0,0,0,0,0,,,cohort_bounded_60m,
0x0eb8f52311846e6ae0a72b040d9cd3c700b18bfcef3fae74959c4664f9427899,0x3d59d0a2c22ab4466e7f5bf9e955b4e410ea6bae,0x3d59d0a2c22ab4466e7f5bf9e955b4e410ea6bae,0x5fc5360d0400a0fd4f2af552add042d716f1d168,0x5fc5360d0400a0fd4f2af552add042d716f1d168,1,700000,7000,0x0000000000000000000000000000000000000000,78658017,2026-10-03T00:24:49Z,0x8ffc159e399a9419fba4aeb86b5b4ccdf07e6f16ccfe1b480325a5663d7144b6,78658017,2026-10-03T00:24:49Z,-391460,-882000,882000,343541711717201,343541711717201,1.086321,1086321,theoretical_from_L_and_price,True,-399000,-392000,no_swap,,,True,0,0,0,0,0,0,,,cohort_bounded_60m,
0xc974ffcfcc362d0731cf6b90d8301b5e915b4898ca3818aa018cbfd35a99c725,0x523bbb74cb0585b5f76b6bea43b5a80686a2906a,0x0000000000000000000000000000000000000000,0x523bbb74cb0585b5f76b6bea43b5a80686a2906a,0x0000000000000000000000000000000000000000,0,900000,9000,0x0000000000000000000000000000000000000000,78658781,2026-10-03T00:26:06Z,0xa2842c241ec69def376a379acfb16d9a05144fb4ec0562cba3193ffe7747c87e,78658781,2026-10-03T00:26:06Z,211930,-882000,882000,71151400768706269832,71151400768706269832,0.001779967455212719,1779967455212719,theoretical_from_L_and_price,True,216000,225000,no_swap,,,True,0,0,0,0,0,0,,,older_pool_history_missing_at_entry,
0x54f50482ea46a6d28a9a16a22dcd65542ad3eda5165aa4717b36db9db6cb6ecb,0xd7855d7459ef3d902cfad6128c7afcacd6a0da06,0x5fc5360d0400a0fd4f2af552add042d716f1d168,0xd7855d7459ef3d902cfad6128c7afcacd6a0da06,0x5fc5360d0400a0fd4f2af552add042d716f1d168,0,982000,9820,0x0000000000000000000000000000000000000000,78659305,2026-10-03T00:26:59Z,0xbf316fb39baf22f7b0a849e622cd417bf7efe396940bb489ee47e45957203445,78659305,2026-10-03T00:26:59Z,414486,382980,441900,565056248654833,565056248654833,0.421562,421562,theoretical_from_L_and_price,True,422260,432080,no_swap,,,False,0,0,0,0,0,0,2026-10-03T00:33:57Z,2026-10-03T00:33:57Z,cohort_bounded_60m,2026-10-03T00:47:43Z
0xf3560e6a648b45b60b408852248529a641115e8142fb72bfe21e953044e40cac,0xd7855d7459ef3d902cfad6128c7afcacd6a0da06,0x5fc5360d0400a0fd4f2af552add042d716f1d168,0xd7855d7459ef3d902cfad6128c7afcacd6a0da06,0x5fc5360d0400a0fd4f2af552add042d716f1d168,0,806110,8061,0x0000000000000000000000000000000000000000,78659618,2026-10-03T00:27:31Z,0x6cc8b8396543e03bc99054e9352b20b5e57eba4f8b5514331c82171c56472943,78659618,2026-10-03T00:27:31Z,414486,-886710,886710,1839048353504027,1839048353504027,1.839051,1839051,theoretical_from_L_and_price,True,419172,427233,swap_no_boundary,,415355,True,0,0,1,3,0,4322213686965061125576932,2026-10-03T00:47:43Z,2026-10-03T00:47:43Z,cohort_bounded_60m,2026-10-03T00:47:43Z
0xebb77473464c87d160b440c99f56b1f193c2635bd30b154684f6dd314a937408,0xd7855d7459ef3d902cfad6128c7afcacd6a0da06,0x5fc5360d0400a0fd4f2af552add042d716f1d168,0xd7855d7459ef3d902cfad6128c7afcacd6a0da06,0x5fc5360d0400a0fd4f2af552add042d716f1d168,0,880000,8800,0x0000000000000000000000000000000000000000,78660476,2026-10-03T00:28:57Z,0x823d0f4cd7165147cbf86975a39fb1891e75f11cec7cb4042cedc977475f8c5e,78660476,2026-10-03T00:28:57Z,414486,396000,448800,1376627678059972,1376627678059972,1.129038,1129038,theoretical_from_L_and_price,True,422400,431200,no_swap,,,False,0,0,0,0,0,0,,,cohort_bounded_60m,2026-10-03T00:47:43Z
0x74fb38595a2c5aed06dcd0f425751c2043437581779c1bde0dfd4a5aa26f04f3,0x523bbb74cb0585b5f76b6bea43b5a80686a2906a,0x523bbb74cb0585b5f76b6bea43b5a80686a2906a,0x5fc5360d0400a0fd4f2af552add042d716f1d168,0x5fc5360d0400a0fd4f2af552add042d716f1d168,1,925120,9251,0x0000000000000000000000000000000000000000,78662508,2026-10-03T00:32:21Z,0x6c602fe7a1038c1ae044370c798a0e4274ea443b6cff01ebdb7ef208c532b3ac,78662508,2026-10-03T00:32:21Z,-432385,-878845,878845,245187092020810,245187092020810,0.100194,100194,theoretical_from_L_and_price,True,-444048,-434797,no_swap,,,True,0,0,0,0,0,0,,,older_pool_history_missing_at_entry,
0xc6d35ac49699a55ddda4706ef18b22034153755e656474463703e25aac2415c7,0xef16340d6e6cce6c48c654dff7fc2ecf1925eeda,0x5fc5360d0400a0fd4f2af552add042d716f1d168,0xef16340d6e6cce6c48c654dff7fc2ecf1925eeda,0x5fc5360d0400a0fd4f2af552add042d716f1d168,0,891000,8910,0x0000000000000000000000000000000000000000,78663625,2026-10-03T00:34:14Z,0xb0e585415a5415ea487466dd95cffcf0a519de610a7e7abf7960e1fc28e88ad8,78663625,2026-10-03T00:34:14Z,371443,-882090,882090,56128926787075,56128926787075,0.482844,482844,theoretical_from_L_and_price,True,374220,383130,no_swap,,,True,0,0,0,0,0,0,,,cohort_bounded_60m,
0xd9b890c9faf1661310bfefd9357615e60c10b3f23cb9a7a37d9d6ea4398b5570,0x523bbb74cb0585b5f76b6bea43b5a80686a2906a,0x523bbb74cb0585b5f76b6bea43b5a80686a2906a,0x5fc5360d0400a0fd4f2af552add042d716f1d168,0x5fc5360d0400a0fd4f2af552add042d716f1d168,1,870000,8700,0x0000000000000000000000000000000000000000,78664428,2026-10-03T00:35:36Z,0xb84764f7345a49abab3b1c129827769ba6406c9281cac37312679e67d361e5b9,78664428,2026-10-03T00:35:36Z,-426527,-878700,878700,198024376780495,198024376780495,0.108458,108458,theoretical_from_L_and_price,True,-443700,-435000,no_swap,,,True,0,0,0,0,0,0,,,older_pool_history_missing_at_entry,
0x8a8e860d7e14899feed18ccc949ae5b2c5b8203e2a16e317d502e829331cdc79,0x14a64d6f3db9900be9c554d0961f539a16f43f9c,0x0000000000000000000000000000000000000000,0x14a64d6f3db9900be9c554d0961f539a16f43f9c,0x0000000000000000000000000000000000000000,0,883131,200,0x0000000000000000000000000000000000000000,78665275,2026-10-03T00:37:01Z,0x925a5397eca58f4d28f7443114b273dd347b913b947d076c453d6668f2dc8e9b,78665275,2026-10-03T00:37:01Z,160561,-887200,887200,3731793221007096080,3731793221007096080,0.001217699999999999,1217699999999999,theoretical_from_L_and_price,True,160600,160800,no_swap,,,True,0,0,0,0,0,0,,,pool_event_history_censored,
0x8418e62386ecd2e91039106b2cd3a9227c2f91d4f8d270f87f8a81f8be1e1344,0x6e401929bb5bebb4807c462c8c9fb8c6b76e1e18,0x5fc5360d0400a0fd4f2af552add042d716f1d168,0x6e401929bb5bebb4807c462c8c9fb8c6b76e1e18,0x5fc5360d0400a0fd4f2af552add042d716f1d168,0,850000,8500,0x0000000000000000000000000000000000000000,78666713,2026-10-03T00:39:27Z,0xe4cfd8895ca289ab8f011326df5ff7119bdfdf3ed6de95fbf6c2b70016a9b89c,78666713,2026-10-03T00:39:27Z,371998,-884000,884000,257661072865392,257661072865392,2.15585,2155850,theoretical_from_L_and_price,True,374000,382500,no_swap,,,True,0,0,0,0,0,0,,,cohort_bounded_60m,
0xcec3d834b79f14d9d464710e1656fa893194652f470e6f20bf74ff6edf5b2db3,0xad2e1e9e674848d9f164331f52f0d938ed706add,0x5fc5360d0400a0fd4f2af552add042d716f1d168,0xad2e1e9e674848d9f164331f52f0d938ed706add,0x5fc5360d0400a0fd4f2af552add042d716f1d168,0,907110,9071,0x0000000000000000000000000000000000000000,78668493,2026-10-03T00:42:26Z,0xbd4b8111e3c92e454282d700cac8645a1c181f6071245d7aea8f7cdffbd17d4e,78668493,2026-10-03T00:42:26Z,376642,-879887,879887,140149606945047,140149606945047,0.929658,929658,theoretical_from_L_and_price,True,380982,390053,no_swap,,,True,0,0,0,0,0,0,,,cohort_bounded_60m,
0x77662d2d1bb165b164fec8677bf15ffafc9ba8e4d47b02bb11d186623c39857b,0x6b5fdb9a76ada95392bf054a36b88680f9f9952e,0x0000000000000000000000000000000000000000,0x6b5fdb9a76ada95392bf054a36b88680f9f9952e,0x0000000000000000000000000000000000000000,0,790000,60,0x0000000000000000000000000000000000000000,78672349,2026-10-03T00:48:57Z,0x3c842d04d6537c914c2d706dbf44f54b9221fa04ceccf13459befba37c646f7a,78672349,2026-10-03T00:48:57Z,196470,-887220,887220,738139819850294593,738139819850294593,0.000039999999999999,39999999999999,theoretical_from_L_and_price,True,196500,196560,no_swap,,,True,0,0,0,0,0,0,,,cohort_bounded_60m,
0x6968b73ffe141b19d0be89010fa119d0d535db791f3feaac43739c395b2c3c5e,0xa9de9f337626914f225d4aa49c1dfba84e6c9fff,0x0000000000000000000000000000000000000000,0xa9de9f337626914f225d4aa49c1dfba84e6c9fff,0x0000000000000000000000000000000000000000,0,880000,8800,0x0000000000000000000000000000000000000000,78676166,2026-10-03T00:55:23Z,0x737b2da16fc3bd9130bf97f12f522a3bdca315de1af5666543cd8660f492ebb2,78676166,2026-10-03T00:55:23Z,184216,-880000,880000,10754425186535102511,10754425186535102511,0.001075443466415412,1075443466415412,theoretical_from_L_and_price,True,184800,193600,no_swap,,,True,0,0,0,0,0,0,2026-10-03T01:00:59Z,2026-10-03T01:00:59Z,cohort_bounded_60m,2026-10-03T01:00:59Z
0x401fcf735efad25b0d01671fdd55559489bd1f735445cbdb0264f55cec370953,0xfd3912439cbb2d934c9b56558802c789295db97f,0x5fc5360d0400a0fd4f2af552add042d716f1d168,0xfd3912439cbb2d934c9b56558802c789295db97f,0x5fc5360d0400a0fd4f2af552add042d716f1d168,0,820000,8200,0x0000000000000000000000000000000000000000,78677453,2026-10-03T00:57:34Z,0x3c3c3da4249380b26be4c4dfd2329bf3837ee3ea45be70ac2de1c0b3de76370a,78677453,2026-10-03T00:57:34Z,384039,-885600,885600,523304801421677,523304801421677,2.398118,2398118,theoretical_from_L_and_price,True,385400,393600,no_swap,,,True,0,0,0,0,0,0,2026-10-03T01:26:20Z,,cohort_bounded_60m,
0x0d8948098518253a3a1f4678b259d16b2ba50ee4cbe608346a720d3152a95fd3,0xbf3d0afa7417c336bbba6acaecafbc38b918e4cb,0x0000000000000000000000000000000000000000,0xbf3d0afa7417c336bbba6acaecafbc38b918e4cb,0x0000000000000000000000000000000000000000,0,770000,7700,0x0000000000000000000000000000000000000000,78678339,2026-10-03T00:59:04Z,0x0a47cc56a93d8440feb3d4323fa983761d25aa6c6f53300bb4c7d25b890b8031,78678339,2026-10-03T00:59:04Z,170545,-885500,885500,780900979591703138,780900979591703138,0.000154683325876671,154683325876671,theoretical_from_L_and_price,True,177100,184800,no_swap,,,True,0,0,0,0,0,0,,,older_pool_history_missing_at_entry,
0xe6f5bc747a27690cfc4c60dc926ea0d6c8e626a8b3a3fab716c098443d12734c,0xb528a38ea684ed26ea0eee9de5d222da6228c10d,0x5fc5360d0400a0fd4f2af552add042d716f1d168,0xb528a38ea684ed26ea0eee9de5d222da6228c10d,0x5fc5360d0400a0fd4f2af552add042d716f1d168,0,700000,7000,0x0000000000000000000000000000000000000000,78679320,2026-10-03T01:00:43Z,0x364a33f3940a99f1ff29daaa9d3c726b67a1d03a18c4144332c7247bc8c01a77,78679320,2026-10-03T01:00:43Z,381162,-882000,882000,180345243172882,180345243172882,0.954312,954312,theoretical_from_L_and_price,True,385000,392000,no_swap,,,True,0,0,0,0,0,0,,,cohort_bounded_60m,
0xf718088200a01c0c797d58c385a0315c86a77452e20c99c1732ccdc4d1a4dd18,0x09d68ab34cec2841cecf41d7cd990f0a60aa0178,0x0000000000000000000000000000000000000000,0x09d68ab34cec2841cecf41d7cd990f0a60aa0178,0x0000000000000000000000000000000000000000,0,883131,200,0x0000000000000000000000000000000000000000,78680037,2026-10-03T01:01:55Z,0xf878b21f8dde45b6f69366950f2c42e08a7f4de7d37d58a996b0ab18ffee3a5d,78680037,2026-10-03T01:01:55Z,196058,-887200,887200,22012968742615167205,22012968742615167205,0.001217699999999998,1217699999999998,theoretical_from_L_and_price,True,196200,196400,no_swap,,,True,0,0,0,0,0,0,,,cohort_bounded_60m,
0x4417fd1a7d5886715decc43c91c0835559a39756a7099951ad7e759814011180,0xb97817b76cc1319a4d96f7e3fc179ea005171e18,0x5fc5360d0400a0fd4f2af552add042d716f1d168,0xb97817b76cc1319a4d96f7e3fc179ea005171e18,0x5fc5360d0400a0fd4f2af552add042d716f1d168,0,700000,7000,0x0000000000000000000000000000000000000000,78680285,2026-10-03T01:02:20Z,0x4a0e1638435b13308b895e14fbb95f69a609b666dc3878ce4cb94420b9390e28,78680285,2026-10-03T01:02:20Z,377848,-882000,882000,312343305657180,312343305657180,1.95064,1950640,theoretical_from_L_and_price,True,378000,385000,no_swap,,,True,0,0,0,0,0,0,,,older_pool_history_missing_at_entry,
0xf1c37038c379abc2155a9fbe13df19904619f3b9af138dca12eb207c355f99f4,0x6577f0c8a4082c951f32042e96a21fe79e8393aa,0x5fc5360d0400a0fd4f2af552add042d716f1d168,0x6577f0c8a4082c951f32042e96a21fe79e8393aa,0x5fc5360d0400a0fd4f2af552add042d716f1d168,0,709000,7090,0x0000000000000000000000000000000000000000,78680689,2026-10-03T01:03:01Z,0xdc26256ce6ef66875d30b17a0cd76b503aec71fbc8f3cc64e1ecb0781b856e46,78680689,2026-10-03T01:03:01Z,366041,-886250,886250,84029790320242,84029790320242,0.947002,947002,theoretical_from_L_and_price,True,368680,375770,no_swap,,,True,0,0,0,0,0,0,,,cohort_bounded_60m,
0x90ce69ec1a3b58ce954e1b9da3a8a026d03fe8425e9024e01f55cad492e27858,0x316fa3ab9a8fd8d7567a823dedecf28d9fee2894,0x316fa3ab9a8fd8d7567a823dedecf28d9fee2894,0x5fc5360d0400a0fd4f2af552add042d716f1d168,0x5fc5360d0400a0fd4f2af552add042d716f1d168,1,899000,8990,0x0000000000000000000000000000000000000000,78682325,2026-10-03T01:05:46Z,0xc0cb2099f3cf97a7b6f2f6b3078f8cfc25d78a8207f6dcda36b936ea7ac59f3a,78682325,2026-10-03T01:05:46Z,-344017,-881020,881020,20800564692929,20800564692929,0.70504,705040,theoretical_from_L_and_price,True,-359600,-350610,no_swap,,,True,0,0,0,0,0,0,,,older_pool_history_missing_at_entry,
0x6dfc629b36b1ddd0e5cc22079741226056c62547bf042a5171ad47a6522128eb,0xb945b005e39e2266a3f5bc12e34ec6b68e0bd9cf,0x0000000000000000000000000000000000000000,0xb945b005e39e2266a3f5bc12e34ec6b68e0bd9cf,0x0000000000000000000000000000000000000000,0,850000,8500,0x0000000000000000000000000000000000000000,78682659,2026-10-03T01:06:20Z,0x9733ea6185ec1179522caac2fd3ecf833d24eae525832a98a70034c735129d52,78682659,2026-10-03T01:06:20Z,167669,-884000,884000,2366889722332436693,2366889722332436693,0.000541344815286076,541344815286076,theoretical_from_L_and_price,True,170000,178500,no_swap,,,True,0,0,0,4,0,0,,,cohort_bounded_60m,
0x89c00421c3a8f1353def4c68de94be371a81099806f0094f36ca2481aa250f84,0xd79a17a73f1c38a3eab7c943de6051f824fc4d8e,0x5fc5360d0400a0fd4f2af552add042d716f1d168,0xd79a17a73f1c38a3eab7c943de6051f824fc4d8e,0x5fc5360d0400a0fd4f2af552add042d716f1d168,0,888940,8889,0x0000000000000000000000000000000000000000,78683200,2026-10-03T01:07:15Z,0xd8639f2366dd3f1d4c927b854f5e12853a70b610a74007387553d7806f62aaa8,78683200,2026-10-03T01:07:15Z,372740,-880011,880011,400261220290015,400261220290015,3.227021,3227021,theoretical_from_L_and_price,True,373338,382227,swap_no_boundary,,372737,True,0,1,1,1,3000,0,2026-10-03T01:16:34Z,2026-10-03T01:16:34Z,cohort_bounded_60m,
0x7b61d922e46111f2e2ef0a701953841746afd35f162278cbd3e4badb2c01857b,0xd79a17a73f1c38a3eab7c943de6051f824fc4d8e,0x0000000000000000000000000000000000000000,0xd79a17a73f1c38a3eab7c943de6051f824fc4d8e,0x0000000000000000000000000000000000000000,0,850000,8500,0x0000000000000000000000000000000000000000,78683563,2026-10-03T01:07:50Z,0xec68701a9978df1302f65486fb12417112271fa718f81b45ae5c91ba69baa50e,78683563,2026-10-03T01:07:50Z,174181,-884000,884000,5585800452672196821,5585800452672196821,0.000922533533159942,922533533159942,theoretical_from_L_and_price,True,178500,187000,no_swap,,,True,0,0,0,0,0,0,2026-10-03T01:21:57Z,,cohort_bounded_60m,
0x5c802446985c1ba06d85ed95002de64835ccc8fc04d97018e055537c8d8efd15,0x2054031be916c1ecdac3894f37456421fd1c920c,0x2054031be916c1ecdac3894f37456421fd1c920c,0x5fc5360d0400a0fd4f2af552add042d716f1d168,0x5fc5360d0400a0fd4f2af552add042d716f1d168,1,771300,7713,0x0000000000000000000000000000000000000000,78684618,2026-10-03T01:09:37Z,0x2a22822946f6ec939a387414a16c95de1d1d766d9c0bbf9cd3df414b012ed021,78684618,2026-10-03T01:09:37Z,-384528,-886995,886995,13620645450841,13620645450841,0.06091,60910,theoretical_from_L_and_price,True,-393363,-385650,no_swap,,,True,0,0,0,0,0,0,,,cohort_bounded_60m,
0xfc61f9d33f4619f6e39e935900a9f8a4a895505dec382d4889c32156389780be,0x1ad402d38f843b4cda741754531b0daae1d71067,0x1ad402d38f843b4cda741754531b0daae1d71067,0x5fc5360d0400a0fd4f2af552add042d716f1d168,0x5fc5360d0400a0fd4f2af552add042d716f1d168,1,800000,8000,0x0000000000000000000000000000000000000000,78685284,2026-10-03T01:10:45Z,0x50f8a4527c88f6b3f8dbd9044d20d2c19e2220fdd0bf50e5a816afc92d871944,78685284,2026-10-03T01:10:45Z,-384040,-880000,880000,208720132650785,208720132650785,0.956441,956441,theoretical_from_L_and_price,True,-400000,-392000,no_swap,,,True,0,0,0,0,0,0,,,cohort_bounded_60m,
0x6bd63e335065510d2f8c8139d97ef1ab6ff70128244d74e116cca10024c58055,0xd79a17a73f1c38a3eab7c943de6051f824fc4d8e,0x0000000000000000000000000000000000000000,0xd79a17a73f1c38a3eab7c943de6051f824fc4d8e,0x0000000000000000000000000000000000000000,0,880000,8800,0x0000000000000000000000000000000000000000,78688146,2026-10-03T01:15:34Z,0x95d9a1d2a72801fe0894f3dbb7d5b4fec38e25a958c8ddc80d5228836570fac6,78688146,2026-10-03T01:15:34Z,175659,-880000,880000,1799801962887520274,1799801962887520274,0.000276076034313649,276076034313649,theoretical_from_L_and_price,True,176000,184800,no_swap,,,True,0,0,0,0,0,0,,,cohort_bounded_60m,
0x82830a6e2a7d0df21d4e78711682ae4b726b984b2a291f5cac4c2b16700120ca,0xd9a024ff5946067b70b616bcd67ef2b70f987f3c,0x5fc5360d0400a0fd4f2af552add042d716f1d168,0xd9a024ff5946067b70b616bcd67ef2b70f987f3c,0x5fc5360d0400a0fd4f2af552add042d716f1d168,0,750000,7500,0x0000000000000000000000000000000000000000,78689904,2026-10-03T01:18:32Z,0xb8ee2fa57668bdc82dc645aa987225ae5da304b81f58cd21465d22f6771e8436,78689904,2026-10-03T01:18:32Z,396567,-885000,885000,344478206873542,344478206873542,0.843818,843818,theoretical_from_L_and_price,True,397500,405000,no_swap,,,True,0,0,0,0,0,0,,,cohort_bounded_60m,
0xe8d1afd6c2fbbfba7980eed544d18c29b5df2b31e478b713305e5383cda0877d,0x63a36908ba5f44d3a17179226436347bae2d5993,0x5fc5360d0400a0fd4f2af552add042d716f1d168,0x63a36908ba5f44d3a17179226436347bae2d5993,0x5fc5360d0400a0fd4f2af552add042d716f1d168,0,989999,9900,0x0000000000000000000000000000000000000000,78690137,2026-10-03T01:18:56Z,0x5976f529a7dc55744b353499e1d8152f884b151c78c00a8369b25c587e918d1f,78690137,2026-10-03T01:18:56Z,403499,-881100,881100,64300050146037,64300050146037,0.111372,111372,theoretical_from_L_and_price,True,405900,415800,no_swap,,,True,0,0,0,0,0,0,,,cohort_bounded_60m,
0xd3361df8af5db7aa70974dce214382df2b9137f2930ef1b48d17dfafcdb87c9f,0xad2d6fb66edf0b0eab04d92b6c0648a6de1bb513,0x5fc5360d0400a0fd4f2af552add042d716f1d168,0xad2d6fb66edf0b0eab04d92b6c0648a6de1bb513,0x5fc5360d0400a0fd4f2af552add042d716f1d168,0,989999,9900,0x0000000000000000000000000000000000000000,78690370,2026-10-03T01:19:19Z,0xe1936f342fddc06a956792845869d34ecf149077b05e0bc2aa2f4be5a668ff04,78690370,2026-10-03T01:19:19Z,403499,-881100,881100,57421048076505,57421048076505,0.099457,99457,theoretical_from_L_and_price,True,405900,415800,no_swap,,,True,0,0,0,0,0,0,,,cohort_bounded_60m,
0x57169d23f5ddcd2544bb5334d7658012cee891c8822f3d73e06879955708e04e,0xc5a9d2b62c172ba789f8f4db824aa6fc4ee3fd7f,0x5fc5360d0400a0fd4f2af552add042d716f1d168,0xc5a9d2b62c172ba789f8f4db824aa6fc4ee3fd7f,0x5fc5360d0400a0fd4f2af552add042d716f1d168,0,700000,7000,0x0000000000000000000000000000000000000000,78692252,2026-10-03T01:22:28Z,0x5fd3c7ea4e9294ca8a19d8046ee0be225a48d2079bcac13383e56e05a881d796,78692252,2026-10-03T01:22:28Z,378930,-882000,882000,57550051841777,57550051841777,0.340483,340483,theoretical_from_L_and_price,True,385000,392000,no_swap,,,True,0,0,0,0,0,0,,,cohort_bounded_60m,
0xcb081da457f8a18f601cbdae5d0e36d29a01bbffcea356dae4bdc66909de6bd6,0xfc326381d41ff00f299755830aec7e2254964fab,0x5fc5360d0400a0fd4f2af552add042d716f1d168,0xfc326381d41ff00f299755830aec7e2254964fab,0x5fc5360d0400a0fd4f2af552add042d716f1d168,0,989999,9900,0x0000000000000000000000000000000000000000,78692329,2026-10-03T01:22:36Z,0xe39d835080d8a0a7faaad7dbfe357a57fd9f79413f074fba88fdb13c15d1e934,78692329,2026-10-03T01:22:36Z,403499,-881100,881100,43064342708224,43064342708224,0.07459,74590,theoretical_from_L_and_price,True,405900,415800,no_swap,,,True,0,0,0,0,0,0,,,cohort_bounded_60m,
0x05b526ff1aa6d87cd294d081f6a75cead63d0e627d2c4ae16bd60e82cbe7b390,0xf6af70fa159fa9638ebd0226e0121d82367207ad,0x5fc5360d0400a0fd4f2af552add042d716f1d168,0xf6af70fa159fa9638ebd0226e0121d82367207ad,0x5fc5360d0400a0fd4f2af552add042d716f1d168,0,800000,8000,0x0000000000000000000000000000000000000000,78693099,2026-10-03T01:23:54Z,0xe5c5789de871fdca2ff66db3fb392b6f0b0700a7a261b5e9fd28dbc41d7ef2a0,78693099,2026-10-03T01:23:54Z,396567,-880000,880000,479375660242019,479375660242019,1.174257,1174257,theoretical_from_L_and_price,True,400000,408000,no_swap,,,True,0,0,0,0,0,0,,,cohort_bounded_60m,
0x9b255b0d5f4b9a45499aef4012ad1f4302588e6463d22f64cf1c831c5c5eae44,0x8aefd0a905f59be969e989c87e4ac817195995a7,0x5fc5360d0400a0fd4f2af552add042d716f1d168,0x8aefd0a905f59be969e989c87e4ac817195995a7,0x5fc5360d0400a0fd4f2af552add042d716f1d168,0,800000,8000,0x0000000000000000000000000000000000000000,78693840,2026-10-03T01:25:09Z,0xd1f483b5876eb2dcb9a98d11f0e2be6dbca3ed905aff6343e9aa36bcde2bb709,78693840,2026-10-03T01:25:09Z,375165,-880000,880000,271288977483731,271288977483731,1.937469,1937469,theoretical_from_L_and_price,True,376000,384000,no_swap,,,True,0,0,0,0,0,0,,,cohort_bounded_60m,
0xeae59f6d349780a23d216c401a80fd296383a4adaf8c6bb2b5758c791bf22376,0xd79a17a73f1c38a3eab7c943de6051f824fc4d8e,0x5fc5360d0400a0fd4f2af552add042d716f1d168,0xd79a17a73f1c38a3eab7c943de6051f824fc4d8e,0x5fc5360d0400a0fd4f2af552add042d716f1d168,0,755000,7550,0x0000000000000000000000000000000000000000,78694040,2026-10-03T01:25:29Z,0x2951cc665206fe9490ed6e2094604e444004ef2048f36bbd146092e4cd2dfbf4,78694040,2026-10-03T01:25:29Z,362553,-883350,883350,115860596460779,115860596460779,1.5545,1554500,theoretical_from_L_and_price,True,369950,377500,no_swap,,,True,0,0,0,1,0,0,,,cohort_bounded_60m,
0x136b40766aa0da5d23c4ff1658cd635ab719d649ede3bc68e08fb028d93b2516,0x5647f43a215f261eaf15d12aa4f464e6729530fc,0x5647f43a215f261eaf15d12aa4f464e6729530fc,0x5fc5360d0400a0fd4f2af552add042d716f1d168,0x5fc5360d0400a0fd4f2af552add042d716f1d168,1,900000,9000,0x0000000000000000000000000000000000000000,78694782,2026-10-03T01:26:45Z,0x46cb12fe52b1a5c14521f9730d98ea16da61391da4fb8e555d2bfc6362dd5cce,78694782,2026-10-03T01:26:45Z,-398391,-882000,882000,807147648341868,807147648341868,1.804823,1804823,theoretical_from_L_and_price,True,-414000,-405000,no_swap,,,True,0,0,0,0,0,0,,,cohort_bounded_60m,
0x55aa14733a430dafe1be40fb93922e63a639db004030cc5098d5aadfc2d0c37a,0x41ee4d6c312d1673824cd1ab7fd707fd78a0ab72,0x41ee4d6c312d1673824cd1ab7fd707fd78a0ab72,0x5fc5360d0400a0fd4f2af552add042d716f1d168,0x5fc5360d0400a0fd4f2af552add042d716f1d168,1,989999,9900,0x0000000000000000000000000000000000000000,78697094,2026-10-03T01:30:37Z,0x8031290a3e0e720b970708de0eb58a64f67557179051b0ab1d913a2152c95d88,78697094,2026-10-03T01:30:37Z,-407555,-881100,881100,18151430656809,18151430656809,0.025668,25668,theoretical_from_L_and_price,True,-425700,-415800,no_swap,,,True,0,0,0,0,0,0,,,cohort_bounded_60m,
0xf7c9d6c064207800ae4c64717979354399ad8ed5c78943a1b2b20088e8bb31d5,0x373d4b1c64877d0ee4e4e06f04947341fea1f0cb,0x0000000000000000000000000000000000000000,0x373d4b1c64877d0ee4e4e06f04947341fea1f0cb,0x0000000000000000000000000000000000000000,0,790000,60,0x0000000000000000000000000000000000000000,78697268,2026-10-03T01:30:54Z,0x2cc572495b1ab5b7259358ee90aa15194ba3ea16802cb9534c52490c24c28ace,78697268,2026-10-03T01:30:54Z,196256,-887220,887220,730301465005696321,730301465005696321,0.000039999999999999,39999999999999,theoretical_from_L_and_price,True,196260,196320,no_swap,,,True,0,0,0,0,0,0,,,cohort_bounded_60m,
0xa9da144261481099417802e0b1d3166e81dfc4771e74956579a6abd9d9486b68,0x373d4b1c64877d0ee4e4e06f04947341fea1f0cb,0x373d4b1c64877d0ee4e4e06f04947341fea1f0cb,0x5fc5360d0400a0fd4f2af552add042d716f1d168,0x5fc5360d0400a0fd4f2af552add042d716f1d168,1,989999,9900,0x0000000000000000000000000000000000000000,78697431,2026-10-03T01:31:11Z,0x4ded5984766ba48d6f8c2286900607b55ae937c2f04f9bbe4d3e6579a4453d95,78697431,2026-10-03T01:31:11Z,-407555,-881100,881100,9297401935241,9297401935241,0.013147,13147,theoretical_from_L_and_price,True,-425700,-415800,no_swap,,,True,0,0,0,0,0,0,,,cohort_bounded_60m,
0xbae90bf0271cd9e1a74b5b9c2bf3ad02bd24da60abf9c5b016ebc079a6aa5b2e,0x6c7c3113bfa9eef3e716a4912d9b0dc47aefe796,0x5fc5360d0400a0fd4f2af552add042d716f1d168,0x6c7c3113bfa9eef3e716a4912d9b0dc47aefe796,0x5fc5360d0400a0fd4f2af552add042d716f1d168,0,989999,9900,0x0000000000000000000000000000000000000000,78697912,2026-10-03T01:32:00Z,0x3b72adcac50be8f4de4b951e62867d92eef3c4d6c8f49f582688d51d552985e6,78697912,2026-10-03T01:32:00Z,398390,-881100,881100,9820390340530,9820390340530,0.021959,21959,theoretical_from_L_and_price,True,405900,415800,no_swap,,,True,0,0,0,0,0,0,2026-10-03T01:37:22Z,2026-10-03T01:37:22Z,cohort_bounded_60m,2026-10-03T01:40:38Z
0xe856fc96cffbceb739b9437ed81beffc1fe6b3ebb0a45ea5a9b1500934d89320,0x8a3b9ac0a8d31b2c0688a236c34c0d18ecb1de87,0x5fc5360d0400a0fd4f2af552add042d716f1d168,0x8a3b9ac0a8d31b2c0688a236c34c0d18ecb1de87,0x5fc5360d0400a0fd4f2af552add042d716f1d168,0,989999,9900,0x0000000000000000000000000000000000000000,78698333,2026-10-03T01:32:42Z,0x67c11ca25d1d88d118a9d5e0e345c63b511d108a82bee45ccefff81c203597b3,78698333,2026-10-03T01:32:42Z,398390,-881100,881100,34696476564242,34696476564242,0.077586,77586,theoretical_from_L_and_price,True,405900,415800,no_swap,,,True,0,0,0,0,0,0,,,cohort_bounded_60m,
0x46f9254ead25faef32d53158b9a4a4e1ab3a286504e428e5fbc6abd68eade049,0x6c7c3113bfa9eef3e716a4912d9b0dc47aefe796,0x5fc5360d0400a0fd4f2af552add042d716f1d168,0x6c7c3113bfa9eef3e716a4912d9b0dc47aefe796,0x5fc5360d0400a0fd4f2af552add042d716f1d168,0,870000,8700,0x0000000000000000000000000000000000000000,78698587,2026-10-03T01:33:08Z,0xdc7a13857a5f01a5ed4fed13328d410bfb5bebfb960d6c7f2ba75f2f64b9a16b,78698587,2026-10-03T01:33:08Z,368136,-878700,878700,936702830292413,936702830292413,9.5067,9506700,theoretical_from_L_and_price,True,374100,382800,no_swap,,,True,0,0,0,0,0,0,2026-10-03T01:34:51Z,2026-10-03T01:34:51Z,cohort_bounded_60m,2026-10-03T01:40:38Z
0x3fa7bd5bab0d2d12f7edb9ce19ccf17f195684aa7e4051f2ccdaf9527dfcd086,0xd79a17a73f1c38a3eab7c943de6051f824fc4d8e,0x0000000000000000000000000000000000000000,0xd79a17a73f1c38a3eab7c943de6051f824fc4d8e,0x0000000000000000000000000000000000000000,0,883131,200,0x0000000000000000000000000000000000000000,78698767,2026-10-03T01:33:26Z,0xfbfdfa18b24320551e63765298a1db6fde54057d14f5cb860152fdca3a3c9ab5,78698767,2026-10-03T01:33:26Z,169751,-887200,887200,5908374001926635745,5908374001926635745,0.001217699999999999,1217699999999999,theoretical_from_L_and_price,True,169800,170000,no_swap,,,True,0,0,0,0,0,0,,,cohort_bounded_60m,
0xb5f212fc574066701412f473777bf1bd947748c4a988973f5d6d14dc75d39583,0x6c7c3113bfa9eef3e716a4912d9b0dc47aefe796,0x0000000000000000000000000000000000000000,0x6c7c3113bfa9eef3e716a4912d9b0dc47aefe796,0x0000000000000000000000000000000000000000,0,810000,8100,0x0000000000000000000000000000000000000000,78698787,2026-10-03T01:33:28Z,0xc1176cc57c0edd1799f7eb54761353a4188fe22ee02b1e4ffe0d0e15062ee277,78698787,2026-10-03T01:33:28Z,170276,-882900,882900,992566485857952281,992566485857952281,0.000199272839647253,199272839647253,theoretical_from_L_and_price,True,178200,186300,no_swap,,,True,0,0,0,0,0,0,2026-10-03T01:40:41Z,2026-10-03T01:40:41Z,cohort_bounded_60m,2026-10-03T01:40:38Z
0xb1eaeb6974cee0f01d5b8df747ab7b8ebe34d871fbe7dc0e4e8b5aa8332e8d5b,0x6c7c3113bfa9eef3e716a4912d9b0dc47aefe796,0x5fc5360d0400a0fd4f2af552add042d716f1d168,0x6c7c3113bfa9eef3e716a4912d9b0dc47aefe796,0x5fc5360d0400a0fd4f2af552add042d716f1d168,0,890000,8900,0x0000000000000000000000000000000000000000,78699494,2026-10-03T01:34:38Z,0x14dd140b7135abf1fa3b88446ea2885a3dc62f41a7560e0efc33d216c762adb1,78699494,2026-10-03T01:34:38Z,357053,-881100,881100,324149286904656,324149286904656,5.725656,5725656,theoretical_from_L_and_price,True,364900,373800,no_swap,,,True,0,0,0,0,0,0,2026-10-03T01:50:27Z,2026-10-03T01:50:27Z,cohort_bounded_60m,2026-10-03T01:40:38Z
0xa9bd23cf1fe149c660dbde5614a72d59014dc5439da68525d43c5065b9f0e591,0xcb142bca82c9c852ef33c5100a6f26577ad40f3c,0x5fc5360d0400a0fd4f2af552add042d716f1d168,0xcb142bca82c9c852ef33c5100a6f26577ad40f3c,0x5fc5360d0400a0fd4f2af552add042d716f1d168,0,990020,9900,0x0000000000000000000000000000000000000000,78699869,2026-10-03T01:35:16Z,0xa62afcd50a6b938052c9d56b77728526c2169065a331e806f4a09486e63e32dc,78699869,2026-10-03T01:35:16Z,361500,-881100,881100,6346002416361,6346002416361,0.089746,89746,theoretical_from_L_and_price,True,366300,376200,no_swap,,,True,0,0,0,0,0,0,,,cohort_bounded_60m,
0x5c288fe174cfb91d3c6224e6003c92d98983aeb8daee88d68712b32f938c4961,0x6c7c3113bfa9eef3e716a4912d9b0dc47aefe796,0x0000000000000000000000000000000000000000,0x6c7c3113bfa9eef3e716a4912d9b0dc47aefe796,0x0000000000000000000000000000000000000000,0,800000,8000,0x0000000000000000000000000000000000000000,78700622,2026-10-03T01:36:33Z,0x92003b437bf426f4ab5731228537a6ea0832e057d01e0033cd0677389f84cb0d,78700622,2026-10-03T01:36:33Z,162374,-880000,880000,10612327471622119275,10612327471622119275,0.003162862529558542,3162862529558542,theoretical_from_L_and_price,True,168000,176000,swap_no_boundary,,162370,True,1,1,1,1,1750000000000,0,2026-10-03T01:40:38Z,2026-10-03T01:40:38Z,cohort_bounded_60m,2026-10-03T01:40:38Z
0xfacae9687102593ee57a6e3ea28992d5fd9d6cfddd3026028aeef42b1ac4a0e0,0x6f35c8f1b3ea2766697ee6cd82e0506eca4c6467,0x5fc5360d0400a0fd4f2af552add042d716f1d168,0x6f35c8f1b3ea2766697ee6cd82e0506eca4c6467,0x5fc5360d0400a0fd4f2af552add042d716f1d168,0,990020,9900,0x0000000000000000000000000000000000000000,78702895,2026-10-03T01:40:21Z,0x099b8c1246c7c65e24e4b336edc5af5175aaa5f507216b5435eb7935a17ad187,78702895,2026-10-03T01:40:21Z,357445,-881100,881100,5502048188296,5502048188296,0.095299,95299,theoretical_from_L_and_price,True,366300,376200,no_swap,,,True,0,0,0,5,0,0,2026-10-03T02:16:36Z,2026-10-03T02:16:36Z,cohort_bounded_60m,2026-10-03T02:16:36Z
0xb5c44846a129e767c8d93c70af23a3025baa2db5d67692bfb0be4dc76804e9ed,0xcc30d0fcef5d48eff7f1c65238df36332d5ef93f,0x5fc5360d0400a0fd4f2af552add042d716f1d168,0xcc30d0fcef5d48eff7f1c65238df36332d5ef93f,0x5fc5360d0400a0fd4f2af552add042d716f1d168,0,990020,9900,0x0000000000000000000000000000000000000000,78703615,2026-10-03T01:41:33Z,0x64697ffcb9957715da27d82aaa9ed58e578c9fb18c337e8db58dd68187395baa,78703615,2026-10-03T01:41:33Z,364377,-881100,881100,10075313109028,10075313109028,0.123397,123397,theoretical_from_L_and_price,True,366300,376200,no_swap,,,True,0,0,0,0,0,0,,,cohort_bounded_60m,
0x0584a7394ac02a74d0bb7646f7172a8613b72454d1e8ce0c8f7999ddb446bd1c,0x9d42663d3ee372f2c5cca1704b55ac8cd1f69999,0x5fc5360d0400a0fd4f2af552add042d716f1d168,0x9d42663d3ee372f2c5cca1704b55ac8cd1f69999,0x5fc5360d0400a0fd4f2af552add042d716f1d168,0,900001,9000,0x0000000000000000000000000000000000000000,78705166,2026-10-03T01:44:10Z,0x9ee28cf9598cdc80adaf32641d9ba174a57642933c72a6662e2636c4c52ddd36,78705166,2026-10-03T01:44:10Z,355484,-882000,882000,153017436123421,153017436123421,2.92341,2923410,theoretical_from_L_and_price,True,360000,369000,no_swap,,,True,0,0,0,0,0,0,,,older_pool_history_missing_at_entry,
0x7815f8ee41a498702e0598f3654141525b9977555ab827c563af4173072b2380,0x04cc671f5678902a0d8c7c8ddae64d0d6928bfee,0x04cc671f5678902a0d8c7c8ddae64d0d6928bfee,0x5fc5360d0400a0fd4f2af552add042d716f1d168,0x5fc5360d0400a0fd4f2af552add042d716f1d168,1,899000,60,0x0000000000000000000000000000000000000000,78705780,2026-10-03T01:45:12Z,0x5efa98d8b29c5288956fff9f481f8c8e627b9bf98b91a6eefeb1225fc96dc561,78705780,2026-10-03T01:45:12Z,-444445,-887220,887220,37654777318049,37654777318049,0.008419,8419,theoretical_from_L_and_price,True,-444540,-444480,no_swap,,,True,0,0,0,0,0,0,,,older_pool_history_missing_at_entry,
0x2291996ac7d706710a7fccf3144ee6dbd2ea864700a05f073b8a5deb04d5cda0,0x345791ee925ca8fc487d29b525a92946a4309abc,0x345791ee925ca8fc487d29b525a92946a4309abc,0x5fc5360d0400a0fd4f2af552add042d716f1d168,0x5fc5360d0400a0fd4f2af552add042d716f1d168,1,989999,9900,0x0000000000000000000000000000000000000000,78706120,2026-10-03T01:45:46Z,0x4db3c1cc1147170a50d95b165472ca903930a8c1e4f234118d7a1434128b133a,78706120,2026-10-03T01:45:46Z,-403500,-881100,881100,25046246744340,25046246744340,0.043379,43379,theoretical_from_L_and_price,True,-415800,-405900,no_swap,,,True,0,0,0,0,0,0,,,cohort_bounded_60m,
0x0c32995cedf4ba064b9227415954dbf1040cc50c5927b589a38e2f74844c0bee,0x2054031be916c1ecdac3894f37456421fd1c920c,0x2054031be916c1ecdac3894f37456421fd1c920c,0x5fc5360d0400a0fd4f2af552add042d716f1d168,0x5fc5360d0400a0fd4f2af552add042d716f1d168,1,870000,8700,0x0000000000000000000000000000000000000000,78709049,2026-10-03T01:50:42Z,0xc317f24f5c5fbe7f5655712c8cd162badd974165d2059535149275742a7e6697,78709049,2026-10-03T01:50:42Z,-377849,-878700,878700,72787258708809,72787258708809,0.454546,454546,theoretical_from_L_and_price,True,-391500,-382800,no_swap,,,True,0,0,0,0,0,0,,,pool_event_history_censored,
0xedb766842c45289f6ce4073220c9e5e99158d0d17c3d2f9759622c5523140a1f,0xbf3d0afa7417c336bbba6acaecafbc38b918e4cb,0x5fc5360d0400a0fd4f2af552add042d716f1d168,0xbf3d0afa7417c336bbba6acaecafbc38b918e4cb,0x5fc5360d0400a0fd4f2af552add042d716f1d168,0,753000,7530,0x0000000000000000000000000000000000000000,78712668,2026-10-03T01:56:48Z,0x70b66067a219cb6459aba6edae4f4bfdf9a19061a04dfc19b7562d20077c4bde,78712668,2026-10-03T01:56:48Z,366692,-881010,881010,68980221577100,68980221577100,0.7525,752500,theoretical_from_L_and_price,True,368970,376500,no_swap,,,True,0,0,0,0,0,0,,,older_pool_history_missing_at_entry,
0xcb25ba6ae13c1829c99665edcec2a42760d81f2bf4209e0014b6c96a9eaa3824,0x7b950dcc64e4e097928376b4f4bff306860a4002,0x5fc5360d0400a0fd4f2af552add042d716f1d168,0x7b950dcc64e4e097928376b4f4bff306860a4002,0x5fc5360d0400a0fd4f2af552add042d716f1d168,0,774440,7744,0x0000000000000000000000000000000000000000,78712756,2026-10-03T01:56:57Z,0xfcd6770d72721afa5e39ec9de73231a888293190934984d0b932d4eccb714e3f,78712756,2026-10-03T01:56:57Z,386758,-882816,882816,300422241698614,300422241698614,1.201734,1201734,theoretical_from_L_and_price,True,387200,394944,no_swap,,,True,0,0,0,0,0,0,,,cohort_bounded_60m,
0x50cf3e2eccbdb3729b94a5e8866d0e3615a8e5684a82102c7f7ea0647c1f05c1,0x65425be0b1d84a6b57d8b6c19aae62513f87b950,0x5fc5360d0400a0fd4f2af552add042d716f1d168,0x65425be0b1d84a6b57d8b6c19aae62513f87b950,0x5fc5360d0400a0fd4f2af552add042d716f1d168,0,774440,7744,0x0000000000000000000000000000000000000000,78713982,2026-10-03T01:59:01Z,0xd5ecaa5cee7022b432d5751f00bb4da5372c025e49e8c1beb824391c507bb31c,78713982,2026-10-03T01:59:01Z,372587,-882816,882816,119889960731933,119889960731933,0.974009,974009,theoretical_from_L_and_price,True,379456,387200,swap_no_boundary,,379303,True,1,1,1,1,0,26109871585852657762304,,,cohort_bounded_60m,
0x4104172e22901006175126c00944b86dd312668a66faaca50bcbfe779470bb41,0x05ce35504212ff63eaedf54e01821cba12022584,0x05ce35504212ff63eaedf54e01821cba12022584,0x5fc5360d0400a0fd4f2af552add042d716f1d168,0x5fc5360d0400a0fd4f2af552add042d716f1d168,1,960000,60,0x0000000000000000000000000000000000000000,78717588,2026-10-03T02:05:06Z,0xfa73960dbe08df3dcd465d276699e165ccbfb7902d1ec4a9eb96f5b36f8c436c,78717588,2026-10-03T02:05:06Z,-426527,-887220,887220,1579851472796005,1579851472796005,0.86532,865320,theoretical_from_L_and_price,True,-426600,-426540,swap_no_boundary,,-426480,True,0,0,2,25,55439562,0,2026-10-03T04:04:55Z,2026-10-03T04:04:55Z,cohort_bounded_60m,
0xcee2796eb32856ff66fc9d1c41ff094b5e19a90375072a139a4c3b14bd3e3f9c,0xca2163733177683d1c61fece0538a78572db5664,0x5fc5360d0400a0fd4f2af552add042d716f1d168,0xca2163733177683d1c61fece0538a78572db5664,0x5fc5360d0400a0fd4f2af552add042d716f1d168,0,989999,9900,0x0000000000000000000000000000000000000000,78718708,2026-10-03T02:06:58Z,0xa0d7b08328e3e744b34363460275a1cdbc3f6aeebe7a80c09fa9224c5679c85c,78718708,2026-10-03T02:06:58Z,407066,-881100,881100,126801125044043,126801125044043,0.183754,183754,theoretical_from_L_and_price,True,415800,425700,no_swap,,,True,0,0,0,0,0,0,,,cohort_bounded_60m,
0x79405c93ba424442bc2e4ffbe82a05520889b51413747751688f0ff48506bbd5,0x09ab1c09e4aa7b95892f06edbd7118fb877c8424,0x0000000000000000000000000000000000000000,0x09ab1c09e4aa7b95892f06edbd7118fb877c8424,0x0000000000000000000000000000000000000000,0,810000,8100,0x0000000000000000000000000000000000000000,78720194,2026-10-03T02:09:29Z,0xa219878257a00fa9917a6199b04fb373928f82f050234c9c2d862723cdc89b2a,78720194,2026-10-03T02:09:29Z,179715,-882900,882900,39233283800959783031,39233283800959783031,0.004913467968022411,4913467968022411,theoretical_from_L_and_price,True,186300,194400,no_swap,,,True,0,0,0,0,0,0,2026-10-03T03:50:41Z,2026-10-03T03:50:41Z,cohort_bounded_60m,
0x8f0760fd5c9eb63cf85cd6e4fe331fcd507ed0faf461b4023dbf666630ba13b4,0xfd3912439cbb2d934c9b56558802c789295db97f,0x0000000000000000000000000000000000000000,0xfd3912439cbb2d934c9b56558802c789295db97f,0x0000000000000000000000000000000000000000,0,810000,8100,0x0000000000000000000000000000000000000000,78723941,2026-10-03T02:15:46Z,0x2309b72022e84013b01a9aab5b09730eed8ac8856f5658d23b7e2708491a7819,78723941,2026-10-03T02:15:46Z,177016,-882900,882900,34174500365983663907,34174500365983663907,0.004898247813653288,4898247813653288,theoretical_from_L_and_price,True,178200,186300,no_swap,,,True,0,0,0,0,0,0,2026-10-03T03:52:28Z,,pool_event_history_censored,
0xa8ef4d3879f21e20968a647b1a7c8dba2548442cbddf8c50b7bedac4da08dd04,0x6f35c8f1b3ea2766697ee6cd82e0506eca4c6467,0x0000000000000000000000000000000000000000,0x6f35c8f1b3ea2766697ee6cd82e0506eca4c6467,0x0000000000000000000000000000000000000000,0,883131,200,0x0000000000000000000000000000000000000000,78725778,2026-10-03T02:18:51Z,0x1fdfab04908f315ed6ca82327d4e702be45f099b0899805b846a5834ccfcd74a,78725778,2026-10-03T02:18:51Z,76784,-887200,887200,56599725273440781,56599725273440781,0.001217699999999999,1217699999999999,theoretical_from_L_and_price,True,76800,77000,interior_crossed_end_token_only,78726152,130719,True,1,1,1,1,0,311304749862963679062,,,cohort_bounded_60m,
0x47b512220fde640f97169b2b4fa767403f3d243368eb57661183ee14b0637637,0x00d0a84d2f3cbfb583e5d5b8b60529ffa230fd02,0x00d0a84d2f3cbfb583e5d5b8b60529ffa230fd02,0x5fc5360d0400a0fd4f2af552add042d716f1d168,0x5fc5360d0400a0fd4f2af552add042d716f1d168,1,989999,9900,0x0000000000000000000000000000000000000000,78726228,2026-10-03T02:19:36Z,0xaa74ae43aaa94018e3bc0298f9a436f77aaf99f6897c58eecdce2c4278f398a2,78726228,2026-10-03T02:19:36Z,-400623,-881100,881100,84652527087053,84652527087053,0.169299,169299,theoretical_from_L_and_price,True,-415800,-405900,no_swap,,,True,0,0,0,0,0,0,,,cohort_bounded_60m,
0x2c1016ac91bf965ca1062ecb34a2d191092154382d4717c471c2fe1f8ebfeb45,0x96745f5e38ba14575d8b53941c66e52ee43b9c85,0x5fc5360d0400a0fd4f2af552add042d716f1d168,0x96745f5e38ba14575d8b53941c66e52ee43b9c85,0x5fc5360d0400a0fd4f2af552add042d716f1d168,0,870000,8700,0x0000000000000000000000000000000000000000,78726619,2026-10-03T02:20:16Z,0x623d8a855048a5d4ddb941ea5559ad54a2a13643ba90f505569e3312d63c83d7,78726619,2026-10-03T02:20:16Z,403499,-878700,878700,1765956165200417,1765956165200417,3.058781,3058781,theoretical_from_L_and_price,True,408900,417600,no_swap,,,True,0,0,0,0,0,0,,,cohort_bounded_60m,
0x4a17f7524774d2deebcf5235d377275e029164838a74ae3f49898808df3f78f1,0x96745f5e38ba14575d8b53941c66e52ee43b9c85,0x5fc5360d0400a0fd4f2af552add042d716f1d168,0x96745f5e38ba14575d8b53941c66e52ee43b9c85,0x5fc5360d0400a0fd4f2af552add042d716f1d168,0,991010,9910,0x0000000000000000000000000000000000000000,78727014,2026-10-03T02:20:56Z,0x87654cc327cd355c0bda72e5d52cf391b4cd21253455ae45fea8bf76831655c2,78727014,2026-10-03T02:20:56Z,375363,-881990,881990,424245961861474,424245961861474,2.999999,2999999,theoretical_from_L_and_price,True,376580,386490,no_swap,,,True,0,0,0,0,0,0,2026-10-03T02:36:03Z,2026-10-03T02:36:03Z,cohort_bounded_60m,
0xa04b35c91ea58ec6f734825f44f4142beb5d0a1e072bf2b50001326c1968c59e,0xeb08edb6b0b38cf7005413039c3fc7692076772a,0x5fc5360d0400a0fd4f2af552add042d716f1d168,0xeb08edb6b0b38cf7005413039c3fc7692076772a,0x5fc5360d0400a0fd4f2af552add042d716f1d168,0,989999,9900,0x0000000000000000000000000000000000000000,78727670,2026-10-03T02:22:02Z,0x843f7c4dd25182085d66562e7a836a6516f08959b2af47d523fab8955d2990fe,78727670,2026-10-03T02:22:02Z,403499,-881100,881100,40250966536606,40250966536606,0.069717,69717,theoretical_from_L_and_price,True,405900,415800,no_swap,,,True,0,0,0,0,0,0,,,cohort_bounded_60m,
0xac2648b0fa608557ee5631536c870e4c822284e9028d89c7748f85cca7e51e37,0x38cdc65b82c66fc206d09192e6b123fdabf21cfe,0x38cdc65b82c66fc206d09192e6b123fdabf21cfe,0x5fc5360d0400a0fd4f2af552add042d716f1d168,0x5fc5360d0400a0fd4f2af552add042d716f1d168,1,989999,9900,0x0000000000000000000000000000000000000000,78728114,2026-10-03T02:22:47Z,0x62f6235f7dc75ad5a909bd8ce166ae2f60cb7700c07e2b85187937db8dafc02b,78728114,2026-10-03T02:22:47Z,-407555,-881100,881100,40658808676037,40658808676037,0.057497,57497,theoretical_from_L_and_price,True,-425700,-415800,no_swap,,,True,0,0,0,0,0,0,,,cohort_bounded_60m,
0x225ddea52ba6ffc617dd717ff6e597b8180944405ccfefa1ada62cace199b0b4,0xe07119cdd031e8a2043c3c9c4f9c56f34e54a81e,0x0000000000000000000000000000000000000000,0xe07119cdd031e8a2043c3c9c4f9c56f34e54a81e,0x0000000000000000000000000000000000000000,0,883131,200,0x0000000000000000000000000000000000000000,78728446,2026-10-03T02:23:21Z,0x6f32429a195ddfe85384280d33c8ce96cb228cf7a77594b6234f0620110d87c0,78728446,2026-10-03T02:23:21Z,174521,-887200,887200,7499681327040993062,7499681327040993062,0.001217699999999999,1217699999999999,theoretical_from_L_and_price,True,174600,174800,no_swap,,,True,0,0,0,0,0,0,,,older_pool_history_missing_at_entry,
0x6cd38d799e8d5ec9e8747130fee53dd8c5b8bb3ee214b1a288de12efa8eaa6e1,0x399d16e5f5a1995613dffc439d5914978d462a37,0x399d16e5f5a1995613dffc439d5914978d462a37,0x5fc5360d0400a0fd4f2af552add042d716f1d168,0x5fc5360d0400a0fd4f2af552add042d716f1d168,1,989999,9900,0x0000000000000000000000000000000000000000,78728457,2026-10-03T02:23:22Z,0xc43561a423ccdf76a85887cecf0d3a77efb219f33025dd38118fd68acdcf2bde,78728457,2026-10-03T02:23:22Z,-407555,-881100,881100,10753391483816,10753391483816,0.015206,15206,theoretical_from_L_and_price,True,-425700,-415800,no_swap,,,True,0,0,0,0,0,0,,,cohort_bounded_60m,
0xb2a87a90dfd370881fd34663dcee3b91e3da7a9ad36974f0c7fccfce9126a5f9,0x523bbb74cb0585b5f76b6bea43b5a80686a2906a,0x523bbb74cb0585b5f76b6bea43b5a80686a2906a,0x5fc5360d0400a0fd4f2af552add042d716f1d168,0x5fc5360d0400a0fd4f2af552add042d716f1d168,1,990020,9900,0x0000000000000000000000000000000000000000,78729526,2026-10-03T02:25:10Z,0x11ca228cfce2abe1e2372f55ddf3143b16a1d5a5ba3c9ef0bd1bfbe3a51d3eeb,78729526,2026-10-03T02:25:10Z,-437514,-881100,881100,491422515610252,491422515610252,0.155393,155393,theoretical_from_L_and_price,True,-455400,-445500,no_swap,,,True,0,0,0,0,0,0,,,older_pool_history_missing_at_entry,
0x1dd296553f4ab12aaa576d063b780be291246171ea60334f9c4ce7d1ca46d817,0xb78afd7a8ece14007e35fe0f1e2b3a774f8714c8,0x5fc5360d0400a0fd4f2af552add042d716f1d168,0xb78afd7a8ece14007e35fe0f1e2b3a774f8714c8,0x5fc5360d0400a0fd4f2af552add042d716f1d168,0,990020,9900,0x0000000000000000000000000000000000000000,78731618,2026-10-03T02:28:44Z,0xa361b6bb5b140d2186878baa174844c7dab3f519ac0170e746a686c96c3f1737,78731618,2026-10-03T02:28:44Z,338493,-881100,881100,2334213752632,2334213752632,0.104285,104285,theoretical_from_L_and_price,True,346500,356400,no_swap,,,True,0,0,0,0,0,0,,,cohort_bounded_60m,
0xaf06b785cbcb48673d815cf4cf9c5ccfae7a7e846d4e3055a1f5c4d7d6ffacb8,0xf9d7691a78b96b7a1e4bb2d1f15fe63fabef885b,0x5fc5360d0400a0fd4f2af552add042d716f1d168,0xf9d7691a78b96b7a1e4bb2d1f15fe63fabef885b,0x5fc5360d0400a0fd4f2af552add042d716f1d168,0,990020,9900,0x0000000000000000000000000000000000000000,78731968,2026-10-03T02:29:20Z,0x155e04c2122be56848a4b7033ca02959efeb38e54cacdd03ec84d255cd9d1633,78731968,2026-10-03T02:29:20Z,328165,-881100,881100,1302950591762,1302950591762,0.097559,97559,theoretical_from_L_and_price,True,336600,346500,no_swap,,,True,0,0,0,0,0,0,,,cohort_bounded_60m,
0xa1a3bbf1ce0cd30d87e65b3ff4f0ffa1ddfce11716c0697b380824bb617d19f5,0x0ae4a17135db805a316c2a6ed38b6da168a3ea84,0x0000000000000000000000000000000000000000,0x0ae4a17135db805a316c2a6ed38b6da168a3ea84,0x0000000000000000000000000000000000000000,0,883131,200,0x0000000000000000000000000000000000000000,78732136,2026-10-03T02:29:36Z,0x770545665e2b05cfc286419a1ccb4861be4f4bf8873c4107b62413fb7afb354c,78732136,2026-10-03T02:29:36Z,189386,-887200,887200,15769418388242929889,15769418388242929889,0.001217699999999999,1217699999999999,theoretical_from_L_and_price,True,189400,189600,no_swap,,,True,0,0,0,0,0,0,,,cohort_bounded_60m,
0xb5911df048df6ecfe870d3a442bb9c275e8e397a14bf16f49e828db1cf8cde0a,0xdd998d18aa69de4d44b5c058949cdadffc384640,0x5fc5360d0400a0fd4f2af552add042d716f1d168,0xdd998d18aa69de4d44b5c058949cdadffc384640,0x5fc5360d0400a0fd4f2af552add042d716f1d168,0,990020,9900,0x0000000000000000000000000000000000000000,78732344,2026-10-03T02:29:58Z,0x99e0f66c6b2f3ea7af224a45b6d250dda081cf16300cba26f6b239f5d77ef4b3,78732344,2026-10-03T02:29:58Z,391459,-881100,881100,35253954019144,35253954019144,0.111482,111482,theoretical_from_L_and_price,True,396000,405900,no_swap,,,True,0,0,0,0,0,0,,,cohort_bounded_60m,
0x1b58086915af0c37eb93c318e33c7127f8610ee56fe9b27a40b0cc7054e3a913,0x0ae4a17135db805a316c2a6ed38b6da168a3ea84,0x0ae4a17135db805a316c2a6ed38b6da168a3ea84,0x5fc5360d0400a0fd4f2af552add042d716f1d168,0x5fc5360d0400a0fd4f2af552add042d716f1d168,1,989998,9900,0x0000000000000000000000000000000000000000,78732664,2026-10-03T02:30:30Z,0x86f9d9c859e621719232fe4441227ca4441a754f3632139754372f7e2e8296da,78732664,2026-10-03T02:30:30Z,-403500,-881100,881100,83656658126502,83656658126502,0.144892,144892,theoretical_from_L_and_price,True,-415800,-405900,no_swap,,,True,0,0,0,0,0,0,,,cohort_bounded_60m,
0xa268fdae6846d18ad1e9252875522eb29a3c59f15d5310c839033feedf134dc2,0xb000c2d95059aec69dc98e212378b5bcef0a7e81,0x5fc5360d0400a0fd4f2af552add042d716f1d168,0xb000c2d95059aec69dc98e212378b5bcef0a7e81,0x5fc5360d0400a0fd4f2af552add042d716f1d168,0,989999,9900,0x0000000000000000000000000000000000000000,78732983,2026-10-03T02:31:03Z,0xd99abe3d2417ed1089f69d3e070c868be54118bbea2ba1ca260b5871a29e904d,78732983,2026-10-03T02:31:03Z,407554,-881100,881100,17203010549595,17203010549595,0.024328,24328,theoretical_from_L_and_price,True,415800,425700,no_swap,,,True,0,0,0,0,0,0,,,cohort_bounded_60m,
0xa4a17d6416a6fac251f6846e63bc40cf899e01d96150ff78a1d66b07f5ec2e28,0xfe8d4f88a86c925fd6ea99655fc3e014b66011a9,0x5fc5360d0400a0fd4f2af552add042d716f1d168,0xfe8d4f88a86c925fd6ea99655fc3e014b66011a9,0x5fc5360d0400a0fd4f2af552add042d716f1d168,0,990020,9900,0x0000000000000000000000000000000000000000,78734915,2026-10-03T02:34:19Z,0x3b348ba53357c5b5874b8f89b98853ccb0195b96dcb0d1c0657a482768b917d1,78734915,2026-10-03T02:34:19Z,384527,-881100,881100,19903693870423,19903693870423,0.089012,89012,theoretical_from_L_and_price,True,386100,396000,no_swap,,,True,0,0,0,0,0,0,,,cohort_bounded_60m,
0x68294e00fc9852f01168d8d9fbc4ee6873622b6d66c300456f779658f579ef2c,0x3e81279716eda89677c75131b94fc5ee5ac91e18,0x3e81279716eda89677c75131b94fc5ee5ac91e18,0x5fc5360d0400a0fd4f2af552add042d716f1d168,0x5fc5360d0400a0fd4f2af552add042d716f1d168,1,890000,8900,0x0000000000000000000000000000000000000000,78737889,2026-10-03T02:39:21Z,0x5e53dfe3de88196fb82d9ddc5a7f2087fbe1b8fbae0d5831de2f5dc5b6f75add,78737889,2026-10-03T02:39:21Z,-385041,-881100,881100,107421451382271,107421451382271,0.468219,468219,theoretical_from_L_and_price,True,-400500,-391600,no_swap,,,True,0,0,0,0,0,0,,,cohort_bounded_60m,
0x6997bfef9568287e313d47f102feef8b88b1e8b41d8289424eb2e3ef45095454,0xe72da0dd17f7804e2cc8c132fe0313449c62cb3a,0x5fc5360d0400a0fd4f2af552add042d716f1d168,0xe72da0dd17f7804e2cc8c132fe0313449c62cb3a,0x5fc5360d0400a0fd4f2af552add042d716f1d168,0,750000,7500,0x0000000000000000000000000000000000000000,78738255,2026-10-03T02:39:58Z,0xba698a301b9ec426fe430492665b8588ad2df5598e292b7cd96a1b774022ae3e,78738255,2026-10-03T02:39:58Z,371998,-885000,885000,249414273022089,249414273022089,2.086849,2086849,theoretical_from_L_and_price,True,375000,382500,interior_crossed_end_mixed,78738256,381313,True,3,3,3,3,0,70737188479075661736670,,,cohort_bounded_60m,
0xa88f5453f7c45e2159d1f5bc14da5a9831d49acc2c36432425c849e228d51a27,0xfd3d83e9e18fb5b4e638a72d351709704f8b6ee6,0x5fc5360d0400a0fd4f2af552add042d716f1d168,0xfd3d83e9e18fb5b4e638a72d351709704f8b6ee6,0x5fc5360d0400a0fd4f2af552add042d716f1d168,0,990020,9900,0x0000000000000000000000000000000000000000,78740072,2026-10-03T02:43:04Z,0x46bfa40330c0d8d60f063bdff8bf758a8cabff236df1ae19452073705d2ca85c,78740072,2026-10-03T02:43:04Z,421417,-881100,881100,67036503823851,67036503823851,0.047403,47403,theoretical_from_L_and_price,True,425700,435600,no_swap,,,True,0,0,0,0,0,0,,,older_pool_history_missing_at_entry,
0xced01b51b3b7d3689730f686c76862480e9b52afa421c24391e5020d95e9a67f,0x685dfd386968b58d895f934485820c479c79a8bb,0x5fc5360d0400a0fd4f2af552add042d716f1d168,0x685dfd386968b58d895f934485820c479c79a8bb,0x5fc5360d0400a0fd4f2af552add042d716f1d168,0,800000,8000,0x0000000000000000000000000000000000000000,78744765,2026-10-03T02:50:58Z,0xc2d4f6c0b7601a15b51b555c256ed91833032ee300f35df20dc896fa2545551b,78744765,2026-10-03T02:50:58Z,256175,-880000,880000,771542378202,771542378202,2.112848,2112848,theoretical_from_L_and_price,True,264000,272000,no_swap,,,True,0,0,0,0,0,0,,,cohort_bounded_60m,
0xb40d84ad45c1cd7ae2a91b6339594be67f99d1797ad4ccde46455de49127be61,0xe08085d142235b78586c654c0c1699f09743d9a8,0x0000000000000000000000000000000000000000,0xe08085d142235b78586c654c0c1699f09743d9a8,0x0000000000000000000000000000000000000000,0,880000,8800,0x0000000000000000000000000000000000000000,78745457,2026-10-03T02:52:07Z,0xda66670461bd73beb41e2d77652d74883db230923e578095021071b830f019b3,78745457,2026-10-03T02:52:07Z,191147,-880000,880000,6031359293547648475,6031359293547648475,0.000426499332028181,426499332028181,theoretical_from_L_and_price,True,193600,202400,no_swap,,,True,0,0,0,0,0,0,,,cohort_bounded_60m,
0x587d64f0d275318288f5969ed9f103bfb45c19ed768f2ad2978cc3497c3924c9,0x0733fd7e3f3bb943e0fae9d0ac09426f80fe613b,0x0000000000000000000000000000000000000000,0x0733fd7e3f3bb943e0fae9d0ac09426f80fe613b,0x0000000000000000000000000000000000000000,0,800000,8000,0x0000000000000000000000000000000000000000,78751775,2026-10-03T03:02:47Z,0xb320f011b7fb843a5f301713c5e982da4a40c66cf4b20b392546796b5e6dd778,78751775,2026-10-03T03:02:47Z,171659,-880000,880000,251158360315252399,251158360315252399,0.000047055043541954,47055043541954,theoretical_from_L_and_price,True,176000,184000,interior_crossed_end_mixed,78756823,181268,True,0,1,1,1,0,4138568233329748207740,,,cohort_bounded_60m,
0xf7c22ec406cf499423b6e65ae90993ec062518f076cc644a7beb206a54949ada,0x726d1e3ab2f0a37d834455bb6dfb1f0379d7e796,0x5fc5360d0400a0fd4f2af552add042d716f1d168,0x726d1e3ab2f0a37d834455bb6dfb1f0379d7e796,0x5fc5360d0400a0fd4f2af552add042d716f1d168,0,700000,7000,0x0000000000000000000000000000000000000000,78753210,2026-10-03T03:05:11Z,0x92958a55fabd3aaea53aeea63e3d876e4ea84354c4f829facc824f135e751b96,78753210,2026-10-03T03:05:11Z,438466,-882000,882000,96618989223776,96618989223776,0.029131,29131,theoretical_from_L_and_price,True,441000,448000,interior_crossed_end_token_only,78757965,460330,True,0,2,3,5,25199,10026816875961849227110511,2026-10-03T03:21:12Z,,cohort_bounded_60m,
0x8c4ef0323748e310df55d54844d35cf6f422943b14447153ded7e501261275c5,0x9f5087ce562f9f16269da544ee4dc88e92574767,0x5fc5360d0400a0fd4f2af552add042d716f1d168,0x9f5087ce562f9f16269da544ee4dc88e92574767,0x5fc5360d0400a0fd4f2af552add042d716f1d168,0,989999,9900,0x0000000000000000000000000000000000000000,78754436,2026-10-03T03:07:17Z,0x612ce4c80cc69681c8e56d70329de4c150583f7ece5e941a2414eeb3924d41ca,78754436,2026-10-03T03:07:17Z,407554,-881100,881100,30786381533102,30786381533102,0.043538,43538,theoretical_from_L_and_price,True,415800,425700,swap_no_boundary,,407496,True,0,1,3,3,12587,0,,,cohort_bounded_60m,
0x1202a26dfcaffb86cef11a48539a95eb9d26d5d290d4c16d41d5154e8a06b9db,0x3953705c92efabd0a545807801cde264cae17cfc,0x3953705c92efabd0a545807801cde264cae17cfc,0x5fc5360d0400a0fd4f2af552add042d716f1d168,0x5fc5360d0400a0fd4f2af552add042d716f1d168,1,989998,9900,0x0000000000000000000000000000000000000000,78756661,2026-10-03T03:11:03Z,0x6d8f1eb786b1366cd63718c6bf4a23f9a145846c0f965a761e2f466c151a16bf,78756661,2026-10-03T03:11:03Z,-395026,-881100,881100,77673346091768,77673346091768,0.205503,205503,theoretical_from_L_and_price,True,-405900,-396000,no_swap,,,True,0,0,0,0,0,0,,,cohort_bounded_60m,
0x8dfa5fd5129abca71e9c0b3603a56950a0c9968db83e2e72642ab2a9436b1835,0xe5906b57234b921bdb5854557c649024bbbd05c3,0x0000000000000000000000000000000000000000,0xe5906b57234b921bdb5854557c649024bbbd05c3,0x0000000000000000000000000000000000000000,0,800000,8000,0x0000000000000000000000000000000000000000,78760245,2026-10-03T03:17:08Z,0xe89c1442d0b80c34280ac9be012bbf53269b7f9b66479e8d9b74299ae4d0ef06,78760245,2026-10-03T03:17:08Z,179714,-880000,880000,342536486557383572,342536486557383572,0.000042900467193023,42900467193023,theoretical_from_L_and_price,True,184000,192000,no_swap,,,True,0,0,0,0,0,0,,,cohort_bounded_60m,
0x9e32e9cb34e754e346848c309c570a220d076b8c3558d7c3f3995e285f417d4d,0xb70b011b52ac241b5b93de295a840bb70960b891,0x5fc5360d0400a0fd4f2af552add042d716f1d168,0xb70b011b52ac241b5b93de295a840bb70960b891,0x5fc5360d0400a0fd4f2af552add042d716f1d168,0,989999,9900,0x0000000000000000000000000000000000000000,78760683,2026-10-03T03:17:52Z,0x21cfb0f5227bf7651ab0b9c98b508de71c923524d56cea85a8e9bd5b9be65b47,78760683,2026-10-03T03:17:52Z,398390,-881100,881100,114149963458252,114149963458252,0.255257,255257,theoretical_from_L_and_price,True,405900,415800,no_swap,,,True,0,0,0,0,0,0,,,cohort_bounded_60m,
0x48a90200f5abe592e16a194b32d7ad37494c15ce767ea70f6176869d7e280d3d,0x79dcf54bc4f5c15c042a32c9f15eb3e7958379ee,0x5fc5360d0400a0fd4f2af552add042d716f1d168,0x79dcf54bc4f5c15c042a32c9f15eb3e7958379ee,0x5fc5360d0400a0fd4f2af552add042d716f1d168,0,989999,9900,0x0000000000000000000000000000000000000000,78763675,2026-10-03T03:22:56Z,0xf8a83fd65dcdc73acce30c4dfc06b4a09ea28fbb06094e5e2aca9f7b9a01c899,78763675,2026-10-03T03:22:56Z,403499,-881100,881100,19303351589997,19303351589997,0.033434,33434,theoretical_from_L_and_price,True,405900,415800,no_swap,,,True,0,0,0,0,0,0,,,birth_window_censored,
0xed600960e6b67d225440fb8d5de8c010a6fd95d55366ae0c88dad3e294676bc8,0x726d1e3ab2f0a37d834455bb6dfb1f0379d7e796,0x5fc5360d0400a0fd4f2af552add042d716f1d168,0x726d1e3ab2f0a37d834455bb6dfb1f0379d7e796,0x5fc5360d0400a0fd4f2af552add042d716f1d168,0,801000,8010,0x0000000000000000000000000000000000000000,78764114,2026-10-03T03:23:41Z,0xb86e9a72cd775b69d96f5dd7478d3222fd2d90363ed4412a289dd8fb2d1262f5,78764114,2026-10-03T03:23:41Z,414486,-881100,881100,99999801720518,99999801720518,0.099999,99999,theoretical_from_L_and_price,True,416520,424530,interior_crossed_end_token_only,78764115,439942,True,1,1,4,7,1414917,22439892160744985916087021,,,birth_window_censored,
0x5a539ab5d825a37f00043391c7d31e54bf83da775d83f0e77ab7e113f435a3de,0x780490119980d4e3a7e1f26c62d1bd9c8be1c216,0x5fc5360d0400a0fd4f2af552add042d716f1d168,0x780490119980d4e3a7e1f26c62d1bd9c8be1c216,0x5fc5360d0400a0fd4f2af552add042d716f1d168,0,950000,60,0x0000000000000000000000000000000000000000,78773364,2026-10-03T03:39:24Z,0x7cbdad1745cfce9891553a733da532a1ef81460548990b5efc48a0d865c97919,78773364,2026-10-03T03:39:24Z,426526,-887220,887220,98868484342244,98868484342244,0.054152,54152,theoretical_from_L_and_price,True,426540,426600,swap_no_boundary,,426479,True,3,3,14,73,202534197,0,,,birth_window_censored,
0x6fae4dcccf46d94e1af2384a94812768972600fed0b94b7abe15de73c0de6fbf,0x05ce35504212ff63eaedf54e01821cba12022584,0x05ce35504212ff63eaedf54e01821cba12022584,0x5fc5360d0400a0fd4f2af552add042d716f1d168,0x5fc5360d0400a0fd4f2af552add042d716f1d168,1,930000,60,0x0000000000000000000000000000000000000000,78774257,2026-10-03T03:40:56Z,0xacfcd694f306e1af33a9a899263b1d0eb385de99f6e06eb747a693300bf129f3,78774257,2026-10-03T03:40:56Z,-430582,-887220,887220,91708368577897,91708368577897,0.041013,41013,theoretical_from_L_and_price,True,-430680,-430620,swap_no_boundary,,-423453,True,6,6,6,6,754379,1270151850834832474451462,2026-10-03T03:46:17Z,2026-10-03T03:46:17Z,birth_window_censored,2026-10-03T03:46:17Z
0x8506124be63ba05e2413a12020dde801f5bc3ddcda8f26976bfe4bcc81c99322,0xecaff23cd8353488fd1aee3c6e5f6ebaf5285a86,0x5fc5360d0400a0fd4f2af552add042d716f1d168,0xecaff23cd8353488fd1aee3c6e5f6ebaf5285a86,0x5fc5360d0400a0fd4f2af552add042d716f1d168,0,990020,9900,0x0000000000000000000000000000000000000000,78781858,2026-10-03T03:53:51Z,0x7baceecc0275fb057bb05c2b61da34699af863b590de1401fe98c49c09a6585d,78781858,2026-10-03T03:53:51Z,367478,-881100,881100,9903654025013,9903654025013,0.103874,103874,theoretical_from_L_and_price,True,376200,386100,no_swap,,,True,0,0,0,0,0,0,,,birth_window_censored,
0xf49fdb9e7788b3edef37d70ae8bbeb485304c3d80ccc79db3dc8915c7fda7fe4,0xb7b97e3b7a7e06876e490841ea68d8bf9d9ca0a5,0x5fc5360d0400a0fd4f2af552add042d716f1d168,0xb7b97e3b7a7e06876e490841ea68d8bf9d9ca0a5,0x5fc5360d0400a0fd4f2af552add042d716f1d168,0,989999,9900,0x0000000000000000000000000000000000000000,78783341,2026-10-03T03:56:22Z,0xd7a8d6bb96d48bfdc3ffa41e124bd0a0670effe8956dd682b968a7f077f70e92,78783341,2026-10-03T03:56:22Z,403499,-881100,881100,52455349645951,52455349645951,0.090856,90856,theoretical_from_L_and_price,True,405900,415800,no_swap,,,True,0,0,0,0,0,0,,,birth_window_censored,
0xd9354fcf79e856ecaed015fba02ace39efb9e50b3ca439f2ef96f14512a9f969,0x05ce35504212ff63eaedf54e01821cba12022584,0x05ce35504212ff63eaedf54e01821cba12022584,0x5fc5360d0400a0fd4f2af552add042d716f1d168,0x5fc5360d0400a0fd4f2af552add042d716f1d168,1,900000,60,0x0000000000000000000000000000000000000000,78785822,2026-10-03T04:00:35Z,0x9e1a58cc0ab6adf74c493c996c5fa52199ea50bd118ba8ebfc7afa894b96f6d7,78785822,2026-10-03T04:00:35Z,-437514,-887220,887220,65678420077950,65678420077950,0.020769,20769,theoretical_from_L_and_price,True,-437580,-437520,swap_no_boundary,,-437457,True,0,4,17,29,244338910,86326204299066187720871189,2026-10-03T05:12:59Z,,birth_window_censored,
0xfdc301f946a1fb36b253b7690ff58b50b42c285670e47a7807e237a68558a5ec,0xcbb58b43e2158a5200e65cfd136d74d8b49dd0b4,0x5fc5360d0400a0fd4f2af552add042d716f1d168,0xcbb58b43e2158a5200e65cfd136d74d8b49dd0b4,0x5fc5360d0400a0fd4f2af552add042d716f1d168,0,989998,9900,0x0000000000000000000000000000000000000000,78786906,2026-10-03T04:02:24Z,0xb83b4da8ea2e900e1020fa5532cf65f59fbcfd8c3ee6bb3bb3404e1f11aed1a6,78786906,2026-10-03T04:02:24Z,400375,-881100,881100,86068758440775,86068758440775,0.174279,174279,theoretical_from_L_and_price,True,405900,415800,no_swap,,,True,0,0,0,0,0,0,,,birth_window_censored,
0xcf0b18eddb6639f1e0fd56bdc0817de125704d7e19a6272ebffea364be876a7b,0x3d201329d2c6428e288d884fca6636d670ec328d,0x0000000000000000000000000000000000000000,0x3d201329d2c6428e288d884fca6636d670ec328d,0x0000000000000000000000000000000000000000,0,770000,7700,0x0000000000000000000000000000000000000000,78788644,2026-10-03T04:05:22Z,0xd3a353f26f76b2d48785c23c93b21998db6a11b951b5746899f2ade6cbe81609,78788644,2026-10-03T04:05:22Z,165227,-885500,885500,9008760871743813567,9008760871743813567,0.002328014720296022,2328014720296022,theoretical_from_L_and_price,True,169400,177100,interior_crossed_end_token_only,78793636,192479,True,0,3,3,3,1750000000000,441341318906538144143999,,,birth_window_censored,
0xe2dbc8a589666e66198e7ae89c105ee8b34a2d89717b20d2b59ce7173bfffe9e,0x770fb7ef0f685ce7f379adbf70c95d0250c3183e,0x5fc5360d0400a0fd4f2af552add042d716f1d168,0x770fb7ef0f685ce7f379adbf70c95d0250c3183e,0x5fc5360d0400a0fd4f2af552add042d716f1d168,0,860000,8600,0x0000000000000000000000000000000000000000,78789021,2026-10-03T04:06:00Z,0xb9cd7eb0deb4d7b358c5d06e92530c14c2d0ba95822471c67e1959e044068003,78789021,2026-10-03T04:06:00Z,400622,-885800,885800,355666835164564,355666835164564,0.711347,711347,theoretical_from_L_and_price,True,404200,412800,no_swap,,,True,0,0,0,0,0,0,,,birth_window_censored,
0x7120cf2d72d46d3be018f4946d533192b62f735abba21fed4dae3df79071f6f8,0xba1a2d9783ebe2b76493c5c12eb9813a0e062843,0x0000000000000000000000000000000000000000,0xba1a2d9783ebe2b76493c5c12eb9813a0e062843,0x0000000000000000000000000000000000000000,0,883100,8831,0x0000000000000000000000000000000000000000,78792465,2026-10-03T04:11:50Z,0xa8277a7f41727ee9173dbb26812fdd45903ad9f54bd895e01e5ce668eba03ba4,78792465,2026-10-03T04:11:50Z,118902,-883100,883100,430095797499688453,430095797499688453,0.001126601077552572,1126601077552572,theoretical_from_L_and_price,True,123634,132465,no_swap,,,True,0,0,0,0,0,0,,,older_pool_history_missing_at_entry,
0x2d11796e4655e0b9a5b24666d9e6c908309e7b0dd738c353fcf0d30eab8a18c5,0x6c7c3113bfa9eef3e716a4912d9b0dc47aefe796,0x5fc5360d0400a0fd4f2af552add042d716f1d168,0x6c7c3113bfa9eef3e716a4912d9b0dc47aefe796,0x5fc5360d0400a0fd4f2af552add042d716f1d168,0,790000,7900,0x0000000000000000000000000000000000000000,78795589,2026-10-03T04:17:08Z,0xfada717f5964b5d169962e54530136c659e2e3e9d158586c7eeda20060edcd2f,78795589,2026-10-03T04:17:08Z,358243,-884800,884800,49301581034029,49301581034029,0.820543,820543,theoretical_from_L_and_price,True,363400,371300,no_swap,,,True,0,0,0,0,0,0,,,older_pool_history_missing_at_entry,
